province,coal_announced_mw,coal_prepermit_mw,coal_permitted_mw,coal_construction_mw,coal_shelved_mw,coal_cancelled_mw,coal_operating_mw,coal_mothballed_mw,coal_retired_mw,wind_operating_mw,wind_construction_mw,wind_preconstruction_mw,wind_announced_mw,wind_cancelled_mw,wind_shelved_mw,wind_retired_mw,wind_mothballed_mw,solar_operating_mw,solar_construction_mw,solar_preconstruction_mw,solar_announced_mw,solar_shelved_mw,solar_mothballed_mw,solar_retired_mw,solar_cancelled_mw,coal_development_mw,wind_development_mw,solar_development_mw,windsolar_operating_mw,windsolar_development_mw,clean_share_of_power_pipeline,coal_development_to_operating,windsolar_development_to_operating,snapshot_date,coal_release,wind_release,solar_release,usage_note
Anhui,12640,4000,3320,10620,12200,16280,58725,0,5075,8571,1356,7386,2780,719,496,0,0,13990,1561,10462,2574,933,0,52,841,30580,11522,14597,22561,26119,0.46066068184624065,0.5207322264793529,1.1577057754532156,2026-02,"Global Coal Plant Tracker, January 2026","Global Wind Power Tracker, February 2026","Global Solar Power Tracker, February 2026",Post-sample descriptive pipeline snapshot; do not use as a pre-treatment regressor
Beijing,0,0,0,0,0,0,0,770,2025,236,0,0,0,0,0,0,0,244,0,18,0,0,0,0,0,0,0,18,480,18,1.0,,0.0375,2026-02,"Global Coal Plant Tracker, January 2026","Global Wind Power Tracker, February 2026","Global Solar Power Tracker, February 2026",Post-sample descriptive pipeline snapshot; do not use as a pre-treatment regressor
Chongqing,3550,2000,0,4100,0,4770,14854,0,1430,2171,1807,3694,110,0,0,0,0,1344,2279,2995,1136,413,0,0,0,9650,5611,6410,3515,12021,0.5547044437266393,0.6496566581392218,3.419914651493599,2026-02,"Global Coal Plant Tracker, January 2026","Global Wind Power Tracker, February 2026","Global Solar Power Tracker, February 2026",Post-sample descriptive pipeline snapshot; do not use as a pre-treatment regressor
Fujian,2700,1320,3710,2790,100,9270,33701,700,1590,7881,2970,9126,900,0,301,0,0,2129,2260,5378,1546,652,0,0,0,10520,12996,9184,10010,22180,0.6782874617737003,0.31215690929052553,2.2157842157842156,2026-02,"Global Coal Plant Tracker, January 2026","Global Wind Power Tracker, February 2026","Global Solar Power Tracker, February 2026",Post-sample descriptive pipeline snapshot; do not use as a pre-treatment regressor
Gansu,5438,2000,6120,6370,4700,30790,31980,0,1369,36508,14760,24662,11685,0,350,0,0,31734,11092,16821,11640,349,0,0,50,19928,51107,39553,68242,90660,0.819799616594929,0.6231394621638524,1.3285073708273498,2026-02,"Global Coal Plant Tracker, January 2026","Global Wind Power Tracker, February 2026","Global Solar Power Tracker, February 2026",Post-sample descriptive pipeline snapshot; do not use as a pre-treatment regressor
Guangdong,19640,0,2860,19872,11200,24920,76709,335,10322,17385,9223,25452,7825,998,8683,17,0,17451,8060,11777,3370,4770,89,0,1286,42372,42500,23207,34836,65707,0.6079534414641142,0.5523732547680194,1.8861809622229877,2026-02,"Global Coal Plant Tracker, January 2026","Global Wind Power Tracker, February 2026","Global Solar Power Tracker, February 2026",Post-sample descriptive pipeline snapshot; do not use as a pre-treatment regressor
Guangxi,1420,35,1470,2640,5240,7910,29328,0,1444,17827,9517,35896,6048,356,7312,0,0,12380,8868,15167,11429,1275,0,0,764,5565,51461,35464,30207,86925,0.9398313331170938,0.18975040916530278,2.8776442546429637,2026-02,"Global Coal Plant Tracker, January 2026","Global Wind Power Tracker, February 2026","Global Solar Power Tracker, February 2026",Post-sample descriptive pipeline snapshot; do not use as a pre-treatment regressor
Guizhou,5980,2070,5500,5420,9000,40430,37420,0,4223,8713,6997,24676,9759,2856,924,14,0,23731,7259,5959,5503,4471,0,0,1540,18970,41432,18721,32444,60153,0.76024670449806,0.5069481560662747,1.8540562199482185,2026-02,"Global Coal Plant Tracker, January 2026","Global Wind Power Tracker, February 2026","Global Solar Power Tracker, February 2026",Post-sample descriptive pipeline snapshot; do not use as a pre-treatment regressor
Hainan,0,0,0,0,0,2020,3060,0,652,3218,3404,2100,900,0,0,50,0,3431,646,482,0,84,0,0,0,0,6404,1128,6649,7532,1.0,0.0,1.1328019251015191,2026-02,"Global Coal Plant Tracker, January 2026","Global Wind Power Tracker, February 2026","Global Solar Power Tracker, February 2026",Post-sample descriptive pipeline snapshot; do not use as a pre-treatment regressor
Hebei,5690,1320,3060,10390,450,10320,49669,1325,6905,31899,9165,24325,4575,0,1119,0,250,26281,10968,27622,2382,3157,0,0,2613,20460,38065,40972,58180,79037,0.7943656592661086,0.41192695645171035,1.3584908903403232,2026-02,"Global Coal Plant Tracker, January 2026","Global Wind Power Tracker, February 2026","Global Solar Power Tracker, February 2026",Post-sample descriptive pipeline snapshot; do not use as a pre-treatment regressor
Heilongjiang,2000,0,2680,3300,480,10220,19591,0,2795,13890,6760,8130,750,0,100,0,0,5107,376,1565,0,0,0,0,0,7980,15640,1941,18997,17581,0.6878056414068308,0.40732989638099126,0.9254619150392167,2026-02,"Global Coal Plant Tracker, January 2026","Global Wind Power Tracker, February 2026","Global Solar Power Tracker, February 2026",Post-sample descriptive pipeline snapshot; do not use as a pre-treatment regressor
Henan,3000,880,5470,6000,2060,21190,66710,740,14085,22205,3364,7933,3354,200,2462,0,0,5748,446,647,775,1852,0,0,257,15350,14651,1868,27953,16519,0.5183407072703882,0.23010043471743366,0.5909562479876936,2026-02,"Global Coal Plant Tracker, January 2026","Global Wind Power Tracker, February 2026","Global Solar Power Tracker, February 2026",Post-sample descriptive pipeline snapshot; do not use as a pre-treatment regressor
Hubei,10000,1420,245,9670,2060,11890,37773,0,2130,8924,1495,2592,5866,1757,271,0,0,21292,1893,2815,4273,340,0,0,1229,21335,9953,8981,30216,18934,0.4701879857955251,0.5648214332989172,0.6266216574000529,2026-02,"Global Coal Plant Tracker, January 2026","Global Wind Power Tracker, February 2026","Global Solar Power Tracker, February 2026",Post-sample descriptive pipeline snapshot; do not use as a pre-treatment regressor
Hunan,3700,2000,700,6320,5920,5422,27565,0,2440,12493,4386,11356,762,629,3257,0,160,6766,7903,7474,3969,2680,0,0,262,12720,16504,19346,19259,35850,0.7381099444101297,0.461454743333938,1.8614673659068488,2026-02,"Global Coal Plant Tracker, January 2026","Global Wind Power Tracker, February 2026","Global Solar Power Tracker, February 2026",Post-sample descriptive pipeline snapshot; do not use as a pre-treatment regressor
Jiangsu,8640,1320,2794,13474,0,16020,88624,0,12180,22230,2624,872,0,0,476,201,0,14061,4690,11324,25089,239,0,0,0,26228,3496,41103,36291,44599,0.6296892428028859,0.2959469218270446,1.228927282246287,2026-02,"Global Coal Plant Tracker, January 2026","Global Wind Power Tracker, February 2026","Global Solar Power Tracker, February 2026",Post-sample descriptive pipeline snapshot; do not use as a pre-treatment regressor
Jiangxi,6000,2000,0,9000,0,8680,32359,0,3105,6211,1060,2665,1936,143,112,0,0,13970,2847,2490,627,1173,0,0,314,17000,5661,5964,20181,11625,0.40611353711790393,0.5253561605735653,0.576036866359447,2026-02,"Global Coal Plant Tracker, January 2026","Global Wind Power Tracker, February 2026","Global Solar Power Tracker, February 2026",Post-sample descriptive pipeline snapshot; do not use as a pre-treatment regressor
Jilin,5300,0,2640,2020,1664,5740,16211,0,2850,13720,3271,5905,350,0,348,0,0,3854,485,413,0,0,0,0,0,9960,9526,898,17574,10424,0.5113814756671899,0.6143976312380482,0.5931489700694207,2026-02,"Global Coal Plant Tracker, January 2026","Global Wind Power Tracker, February 2026","Global Solar Power Tracker, February 2026",Post-sample descriptive pipeline snapshot; do not use as a pre-treatment regressor
Liaoning,2080,0,2250,2140,1300,14520,33565,0,6291,16298,8244,4798,1231,0,299,50,0,4082,392,2201,1157,257,0,0,0,6470,14273,3750,20380,18023,0.7358428938880497,0.19276031580515418,0.8843473994111875,2026-02,"Global Coal Plant Tracker, January 2026","Global Wind Power Tracker, February 2026","Global Solar Power Tracker, February 2026",Post-sample descriptive pipeline snapshot; do not use as a pre-treatment regressor
Neimenggu,22190,1120,1890,20720,4320,121680,121402,0,2400,96817,37549,62585,59116,400,4250,0,0,48794,17247,30205,46738,2961,0,0,459,45920,159250,94190,145611,253440,0.8466060929983966,0.3782474753298957,1.7405278447370047,2026-02,"Global Coal Plant Tracker, January 2026","Global Wind Power Tracker, February 2026","Global Solar Power Tracker, February 2026",Post-sample descriptive pipeline snapshot; do not use as a pre-treatment regressor
Ningxia,0,0,0,8660,0,12370,31000,0,1080,15081,4904,8070,663,10,60,665,0,35723,6583,20750,16028,202,0,0,0,8660,13637,43361,50804,56998,0.8681044198726735,0.2793548387096774,1.1219195338949688,2026-02,"Global Coal Plant Tracker, January 2026","Global Wind Power Tracker, February 2026","Global Solar Power Tracker, February 2026",Post-sample descriptive pipeline snapshot; do not use as a pre-treatment regressor
Qinghai,0,2640,3960,1980,1320,6465,4480,0,725,11470,9760,8000,2150,88,520,0,0,36720,19067,16582,7922,1173,0,0,0,8580,19910,43571,48190,63481,0.8809342085177836,1.9151785714285714,1.3173064951234696,2026-02,"Global Coal Plant Tracker, January 2026","Global Wind Power Tracker, February 2026","Global Solar Power Tracker, February 2026",Post-sample descriptive pipeline snapshot; do not use as a pre-treatment regressor
Shaanxi,4310,3320,8640,10660,13420,39010,56840,0,2930,14366,2980,13251,1710,750,800,0,0,23655,4075,4023,904,1201,0,0,496,26930,17941,9002,38021,26943,0.5001206541310118,0.47378606615059815,0.7086347018752794,2026-02,"Global Coal Plant Tracker, January 2026","Global Wind Power Tracker, February 2026","Global Solar Power Tracker, February 2026",Post-sample descriptive pipeline snapshot; do not use as a pre-treatment regressor
Shandong,9670,6630,6820,9310,1320,30470,105690,300,22306,26825,5779,2541,0,0,468,0,0,29596,18966,24677,1764,1395,0,28,18,32430,8320,45407,56421,53727,0.6235941362860824,0.3068407607152995,0.9522518211304302,2026-02,"Global Coal Plant Tracker, January 2026","Global Wind Power Tracker, February 2026","Global Solar Power Tracker, February 2026",Post-sample descriptive pipeline snapshot; do not use as a pre-treatment regressor
Shanghai,2000,0,2000,3580,1200,0,15500,0,1263,1257,368,828,0,0,0,0,0,624,368,1225,0,0,0,0,13,7580,1196,1593,1881,2789,0.26897482881666507,0.4890322580645161,1.4827219564061669,2026-02,"Global Coal Plant Tracker, January 2026","Global Wind Power Tracker, February 2026","Global Solar Power Tracker, February 2026",Post-sample descriptive pipeline snapshot; do not use as a pre-treatment regressor
Shanxi,2000,4700,10640,5130,12100,37200,75122,100,7096,25736,3254,14975,3598,844,490,0,0,24691,6738,11177,540,688,0,0,1159,22470,21827,18455,50427,40282,0.6419237633860275,0.2991134421341285,0.7988180934816665,2026-02,"Global Coal Plant Tracker, January 2026","Global Wind Power Tracker, February 2026","Global Solar Power Tracker, February 2026",Post-sample descriptive pipeline snapshot; do not use as a pre-treatment regressor
Sichuan,5320,2000,2000,4000,0,9200,13155,0,4184,7336,2281,1133,0,0,155,0,0,13403,7766,9025,2518,0,0,0,0,13320,3414,19309,20739,22723,0.6304414171961269,1.0125427594070695,1.0956651718983557,2026-02,"Global Coal Plant Tracker, January 2026","Global Wind Power Tracker, February 2026","Global Solar Power Tracker, February 2026",Post-sample descriptive pipeline snapshot; do not use as a pre-treatment regressor
Tianjin,0,0,0,1320,0,4250,12244,0,2160,1796,2170,3959,2273,0,263,0,0,4550,980,5329,1477,363,0,0,0,1320,8402,7786,6346,16188,0.9246058944482523,0.1078079059131003,2.5508982035928143,2026-02,"Global Coal Plant Tracker, January 2026","Global Wind Power Tracker, February 2026","Global Solar Power Tracker, February 2026",Post-sample descriptive pipeline snapshot; do not use as a pre-treatment regressor
Xinjiang,10880,2960,1810,19735,6058,57900,78980,0,4250,67723,48180,38348,32400,0,0,158,0,87921,63847,39003,56883,300,0,0,0,35385,118928,159733,155644,278661,0.8873254236640492,0.44802481640921754,1.790374187247822,2026-02,"Global Coal Plant Tracker, January 2026","Global Wind Power Tracker, February 2026","Global Solar Power Tracker, February 2026",Post-sample descriptive pipeline snapshot; do not use as a pre-treatment regressor
Xizang,0,0,0,0,0,0,0,0,0,662,600,800,840,0,0,0,0,4512,5565,2326,349,0,0,0,0,0,2240,8240,5174,10480,1.0,,2.025512176265945,2026-02,"Global Coal Plant Tracker, January 2026","Global Wind Power Tracker, February 2026","Global Solar Power Tracker, February 2026",Post-sample descriptive pipeline snapshot; do not use as a pre-treatment regressor
Yunnan,4060,0,3400,0,700,3300,11900,0,2235,17229,975,4298,2691,0,380,0,0,45636,11173,16516,9920,432,0,0,0,7460,7964,37609,62865,45573,0.8593328682141308,0.626890756302521,0.7249343832020997,2026-02,"Global Coal Plant Tracker, January 2026","Global Wind Power Tracker, February 2026","Global Solar Power Tracker, February 2026",Post-sample descriptive pipeline snapshot; do not use as a pre-treatment regressor
Zhejiang,7320,30,1000,7140,0,9000,54865,0,3431,6083,3586,6176,0,0,0,0,0,10650,1283,2109,2756,178,0,0,0,15490,9762,6148,16733,15910,0.506687898089172,0.28232935386858654,0.9508157533018586,2026-02,"Global Coal Plant Tracker, January 2026","Global Wind Power Tracker, February 2026","Global Solar Power Tracker, February 2026",Post-sample descriptive pipeline snapshot; do not use as a pre-treatment regressor
