province,year,government_turnover,party_turnover,new_government_leader_names,new_party_leader_names,any_top_leader_turnover,joint_top_leader_turnover,leadership_data_observed,years_since_party_turnover,years_since_government_turnover
Anhui,2000,1.0,0.0,许仲林,,1.0,0.0,1,,0.0
Anhui,2001,0.0,0.0,,,0.0,0.0,1,,1.0
Anhui,2002,1.0,0.0,王金山,,1.0,0.0,1,,0.0
Anhui,2003,0.0,0.0,,,0.0,0.0,1,,1.0
Anhui,2004,0.0,1.0,,郭金龙,1.0,0.0,1,0.0,2.0
Anhui,2005,0.0,0.0,,,0.0,0.0,1,1.0,3.0
Anhui,2006,0.0,0.0,,,0.0,0.0,1,2.0,4.0
Anhui,2007,1.0,1.0,王三运,王金山,1.0,1.0,1,0.0,0.0
Anhui,2008,0.0,0.0,,,0.0,0.0,1,1.0,1.0
Anhui,2009,0.0,0.0,,,0.0,0.0,1,2.0,2.0
Anhui,2010,0.0,1.0,,张宝顺,1.0,0.0,1,0.0,3.0
Anhui,2011,1.0,0.0,李斌,,1.0,0.0,1,1.0,0.0
Anhui,2012,0.0,0.0,,,0.0,0.0,1,2.0,1.0
Anhui,2013,1.0,0.0,王学军,,1.0,0.0,1,3.0,0.0
Anhui,2014,0.0,0.0,,,0.0,0.0,1,4.0,1.0
Anhui,2015,1.0,1.0,李锦斌,王学军,1.0,1.0,1,0.0,0.0
Anhui,2016,1.0,1.0,李国英,李锦斌,1.0,1.0,1,0.0,0.0
Anhui,2017,0.0,0.0,,,0.0,0.0,1,1.0,1.0
Anhui,2018,0.0,0.0,,,0.0,0.0,1,2.0,2.0
Anhui,2019,,,,,,,0,,
Anhui,2020,,,,,,,0,,
Anhui,2021,,,,,,,0,,
Anhui,2022,,,,,,,0,,
Anhui,2023,,,,,,,0,,
Beijing,2000,0.0,0.0,,,0.0,0.0,1,,
Beijing,2001,0.0,0.0,,,0.0,0.0,1,,
Beijing,2002,0.0,1.0,,刘淇,1.0,0.0,1,0.0,
Beijing,2003,1.0,0.0,孟学农 / 王歧山,,1.0,0.0,1,1.0,0.0
Beijing,2004,0.0,0.0,,,0.0,0.0,1,2.0,1.0
Beijing,2005,0.0,0.0,,,0.0,0.0,1,3.0,2.0
Beijing,2006,0.0,0.0,,,0.0,0.0,1,4.0,3.0
Beijing,2007,1.0,0.0,郭金龙,,1.0,0.0,1,5.0,0.0
Beijing,2008,0.0,0.0,,,0.0,0.0,1,6.0,1.0
Beijing,2009,0.0,0.0,,,0.0,0.0,1,7.0,2.0
Beijing,2010,0.0,0.0,,,0.0,0.0,1,8.0,3.0
Beijing,2011,0.0,0.0,,,0.0,0.0,1,9.0,4.0
Beijing,2012,1.0,1.0,王安顺,郭金龙,1.0,1.0,1,0.0,0.0
Beijing,2013,0.0,0.0,,,0.0,0.0,1,1.0,1.0
Beijing,2014,0.0,0.0,,,0.0,0.0,1,2.0,2.0
Beijing,2015,0.0,0.0,,,0.0,0.0,1,3.0,3.0
Beijing,2016,1.0,0.0,蔡奇,,1.0,0.0,1,4.0,0.0
Beijing,2017,1.0,1.0,陈吉宁,蔡奇,1.0,1.0,1,0.0,0.0
Beijing,2018,0.0,0.0,,,0.0,0.0,1,1.0,1.0
Beijing,2019,,,,,,,0,,
Beijing,2020,,,,,,,0,,
Beijing,2021,,,,,,,0,,
Beijing,2022,,,,,,,0,,
Beijing,2023,,,,,,,0,,
Chongqing,2000,0.0,0.0,,,0.0,0.0,1,,
Chongqing,2001,0.0,0.0,,,0.0,0.0,1,,
Chongqing,2002,1.0,1.0,王鸿举,黄镇东,1.0,1.0,1,0.0,0.0
Chongqing,2003,0.0,0.0,,,0.0,0.0,1,1.0,1.0
Chongqing,2004,0.0,0.0,,,0.0,0.0,1,2.0,2.0
Chongqing,2005,0.0,1.0,,汪洋,1.0,0.0,1,0.0,3.0
Chongqing,2006,0.0,0.0,,,0.0,0.0,1,1.0,4.0
Chongqing,2007,0.0,1.0,,薄熙来,1.0,0.0,1,0.0,5.0
Chongqing,2008,0.0,0.0,,,0.0,0.0,1,1.0,6.0
Chongqing,2009,1.0,0.0,黄奇帆,,1.0,0.0,1,2.0,0.0
Chongqing,2010,0.0,0.0,,,0.0,0.0,1,3.0,1.0
Chongqing,2011,0.0,0.0,,,0.0,0.0,1,4.0,2.0
Chongqing,2012,0.0,1.0,,孙政才 / 张德江,1.0,0.0,1,0.0,3.0
Chongqing,2013,0.0,0.0,,,0.0,0.0,1,1.0,4.0
Chongqing,2014,0.0,0.0,,,0.0,0.0,1,2.0,5.0
Chongqing,2015,0.0,0.0,,,0.0,0.0,1,3.0,6.0
Chongqing,2016,1.0,0.0,张国清,,1.0,0.0,1,4.0,0.0
Chongqing,2017,0.0,1.0,,陈敏尔,1.0,0.0,1,0.0,1.0
Chongqing,2018,1.0,0.0,唐良智,,1.0,0.0,1,1.0,0.0
Chongqing,2019,,,,,,,0,,
Chongqing,2020,,,,,,,0,,
Chongqing,2021,,,,,,,0,,
Chongqing,2022,,,,,,,0,,
Chongqing,2023,,,,,,,0,,
Fujian,2000,0.0,1.0,,宋德福,1.0,0.0,1,0.0,
Fujian,2001,0.0,0.0,,,0.0,0.0,1,1.0,
Fujian,2002,1.0,0.0,卢展工,,1.0,0.0,1,2.0,0.0
Fujian,2003,0.0,0.0,,,0.0,0.0,1,3.0,1.0
Fujian,2004,1.0,1.0,黄小晶,卢展工,1.0,1.0,1,0.0,0.0
Fujian,2005,0.0,0.0,,,0.0,0.0,1,1.0,1.0
Fujian,2006,0.0,0.0,,,0.0,0.0,1,2.0,2.0
Fujian,2007,0.0,0.0,,,0.0,0.0,1,3.0,3.0
Fujian,2008,0.0,0.0,,,0.0,0.0,1,4.0,4.0
Fujian,2009,0.0,1.0,,孙春兰,1.0,0.0,1,0.0,5.0
Fujian,2010,0.0,0.0,,,0.0,0.0,1,1.0,6.0
Fujian,2011,1.0,0.0,苏树林,,1.0,0.0,1,2.0,0.0
Fujian,2012,0.0,1.0,,尤权,1.0,0.0,1,0.0,1.0
Fujian,2013,0.0,0.0,,,0.0,0.0,1,1.0,2.0
Fujian,2014,0.0,0.0,,,0.0,0.0,1,2.0,3.0
Fujian,2015,1.0,0.0,于伟国,,1.0,0.0,1,3.0,0.0
Fujian,2016,0.0,0.0,,,0.0,0.0,1,4.0,1.0
Fujian,2017,0.0,1.0,,于伟国,1.0,0.0,1,0.0,2.0
Fujian,2018,1.0,0.0,唐登杰,,1.0,0.0,1,1.0,0.0
Fujian,2019,,,,,,,0,,
Fujian,2020,,,,,,,0,,
Fujian,2021,,,,,,,0,,
Fujian,2022,,,,,,,0,,
Fujian,2023,,,,,,,0,,
Gansu,2000,1.0,0.0,陆浩,,1.0,0.0,1,,0.0
Gansu,2001,0.0,1.0,,宋照肃,1.0,0.0,1,0.0,1.0
Gansu,2002,0.0,0.0,,,0.0,0.0,1,1.0,2.0
Gansu,2003,0.0,1.0,,苏荣,1.0,0.0,1,0.0,3.0
Gansu,2004,0.0,0.0,,,0.0,0.0,1,1.0,4.0
Gansu,2005,0.0,0.0,,,0.0,0.0,1,2.0,5.0
Gansu,2006,1.0,1.0,徐守盛,陆浩,1.0,1.0,1,0.0,0.0
Gansu,2007,0.0,0.0,,,0.0,0.0,1,1.0,1.0
Gansu,2008,0.0,0.0,,,0.0,0.0,1,2.0,2.0
Gansu,2009,0.0,0.0,,,0.0,0.0,1,3.0,3.0
Gansu,2010,1.0,0.0,刘伟平,,1.0,0.0,1,4.0,0.0
Gansu,2011,0.0,1.0,,王三运,1.0,0.0,1,0.0,1.0
Gansu,2012,0.0,0.0,,,0.0,0.0,1,1.0,2.0
Gansu,2013,0.0,0.0,,,0.0,0.0,1,2.0,3.0
Gansu,2014,0.0,0.0,,,0.0,0.0,1,3.0,4.0
Gansu,2015,0.0,0.0,,,0.0,0.0,1,4.0,5.0
Gansu,2016,1.0,0.0,林铎,,1.0,0.0,1,5.0,0.0
Gansu,2017,1.0,1.0,唐仁健,林铎,1.0,1.0,1,0.0,0.0
Gansu,2018,0.0,0.0,,,0.0,0.0,1,1.0,1.0
Gansu,2019,,,,,,,0,,
Gansu,2020,,,,,,,0,,
Gansu,2021,,,,,,,0,,
Gansu,2022,,,,,,,0,,
Gansu,2023,,,,,,,0,,
Guangdong,2000,0.0,0.0,,,0.0,0.0,1,,
Guangdong,2001,0.0,0.0,,,0.0,0.0,1,,
Guangdong,2002,0.0,1.0,,张德江,1.0,0.0,1,0.0,
Guangdong,2003,1.0,0.0,黄华华,,1.0,0.0,1,1.0,0.0
Guangdong,2004,0.0,0.0,,,0.0,0.0,1,2.0,1.0
Guangdong,2005,0.0,0.0,,,0.0,0.0,1,3.0,2.0
Guangdong,2006,0.0,0.0,,,0.0,0.0,1,4.0,3.0
Guangdong,2007,0.0,1.0,,汪洋,1.0,0.0,1,0.0,4.0
Guangdong,2008,0.0,0.0,,,0.0,0.0,1,1.0,5.0
Guangdong,2009,0.0,0.0,,,0.0,0.0,1,2.0,6.0
Guangdong,2010,0.0,0.0,,,0.0,0.0,1,3.0,7.0
Guangdong,2011,1.0,0.0,朱小丹,,1.0,0.0,1,4.0,0.0
Guangdong,2012,0.0,1.0,,胡春华,1.0,0.0,1,0.0,1.0
Guangdong,2013,0.0,0.0,,,0.0,0.0,1,1.0,2.0
Guangdong,2014,0.0,0.0,,,0.0,0.0,1,2.0,3.0
Guangdong,2015,0.0,0.0,,,0.0,0.0,1,3.0,4.0
Guangdong,2016,1.0,0.0,马兴瑞,,1.0,0.0,1,4.0,0.0
Guangdong,2017,0.0,1.0,,李希,1.0,0.0,1,0.0,1.0
Guangdong,2018,0.0,0.0,,,0.0,0.0,1,1.0,2.0
Guangdong,2019,,,,,,,0,,
Guangdong,2020,,,,,,,0,,
Guangdong,2021,,,,,,,0,,
Guangdong,2022,,,,,,,0,,
Guangdong,2023,,,,,,,0,,
Guangxi,2000,0.0,0.0,,,0.0,0.0,1,,
Guangxi,2001,0.0,0.0,,,0.0,0.0,1,,
Guangxi,2002,0.0,0.0,,,0.0,0.0,1,,
Guangxi,2003,1.0,0.0,陆兵,,1.0,0.0,1,,0.0
Guangxi,2004,0.0,0.0,,,0.0,0.0,1,,1.0
Guangxi,2005,0.0,0.0,,,0.0,0.0,1,,2.0
Guangxi,2006,0.0,1.0,,刘奇葆,1.0,0.0,1,0.0,3.0
Guangxi,2007,1.0,1.0,马飚,郭声琨,1.0,1.0,1,0.0,0.0
Guangxi,2008,0.0,0.0,,,0.0,0.0,1,1.0,1.0
Guangxi,2009,0.0,0.0,,,0.0,0.0,1,2.0,2.0
Guangxi,2010,0.0,0.0,,,0.0,0.0,1,3.0,3.0
Guangxi,2011,0.0,0.0,,,0.0,0.0,1,4.0,4.0
Guangxi,2012,0.0,1.0,,彭清华,1.0,0.0,1,0.0,5.0
Guangxi,2013,1.0,0.0,陈武,,1.0,0.0,1,1.0,0.0
Guangxi,2014,0.0,0.0,,,0.0,0.0,1,2.0,1.0
Guangxi,2015,0.0,0.0,,,0.0,0.0,1,3.0,2.0
Guangxi,2016,0.0,0.0,,,0.0,0.0,1,4.0,3.0
Guangxi,2017,0.0,0.0,,,0.0,0.0,1,5.0,4.0
Guangxi,2018,0.0,1.0,,鹿心社,1.0,0.0,1,0.0,5.0
Guangxi,2019,,,,,,,0,,
Guangxi,2020,,,,,,,0,,
Guangxi,2021,,,,,,,0,,
Guangxi,2022,,,,,,,0,,
Guangxi,2023,,,,,,,0,,
Guizhou,2000,0.0,0.0,,,0.0,0.0,1,,
Guizhou,2001,1.0,1.0,石秀诗,钱运录,1.0,1.0,1,0.0,0.0
Guizhou,2002,0.0,0.0,,,0.0,0.0,1,1.0,1.0
Guizhou,2003,0.0,0.0,,,0.0,0.0,1,2.0,2.0
Guizhou,2004,0.0,0.0,,,0.0,0.0,1,3.0,3.0
Guizhou,2005,0.0,1.0,,石宗源,1.0,0.0,1,0.0,4.0
Guizhou,2006,1.0,0.0,林树森,,1.0,0.0,1,1.0,0.0
Guizhou,2007,0.0,0.0,,,0.0,0.0,1,2.0,1.0
Guizhou,2008,0.0,0.0,,,0.0,0.0,1,3.0,2.0
Guizhou,2009,0.0,0.0,,,0.0,0.0,1,4.0,3.0
Guizhou,2010,1.0,1.0,赵克志,栗战书,1.0,1.0,1,0.0,0.0
Guizhou,2011,0.0,0.0,,,0.0,0.0,1,1.0,1.0
Guizhou,2012,1.0,1.0,陈敏尔,赵克志,1.0,1.0,1,0.0,0.0
Guizhou,2013,0.0,0.0,,,0.0,0.0,1,1.0,1.0
Guizhou,2014,0.0,0.0,,,0.0,0.0,1,2.0,2.0
Guizhou,2015,1.0,1.0,孙志刚,陈敏尔,1.0,1.0,1,0.0,0.0
Guizhou,2016,0.0,0.0,,,0.0,0.0,1,1.0,1.0
Guizhou,2017,1.0,1.0,谌贻琴,孙志刚,1.0,1.0,1,0.0,0.0
Guizhou,2018,0.0,0.0,,,0.0,0.0,1,1.0,1.0
Guizhou,2019,,,,,,,0,,
Guizhou,2020,,,,,,,0,,
Guizhou,2021,,,,,,,0,,
Guizhou,2022,,,,,,,0,,
Guizhou,2023,,,,,,,0,,
Hainan,2000,0.0,0.0,,,0.0,0.0,1,,
Hainan,2001,0.0,1.0,,白克明,1.0,0.0,1,0.0,
Hainan,2002,0.0,1.0,,王岐山,1.0,0.0,1,0.0,
Hainan,2003,1.0,1.0,卫留成,汪啸风,1.0,1.0,1,0.0,0.0
Hainan,2004,0.0,0.0,,,0.0,0.0,1,1.0,1.0
Hainan,2005,0.0,0.0,,,0.0,0.0,1,2.0,2.0
Hainan,2006,0.0,0.0,,,0.0,0.0,1,3.0,3.0
Hainan,2007,1.0,1.0,罗保铭,卫留成,1.0,1.0,1,0.0,0.0
Hainan,2008,0.0,0.0,,,0.0,0.0,1,1.0,1.0
Hainan,2009,0.0,0.0,,,0.0,0.0,1,2.0,2.0
Hainan,2010,0.0,0.0,,,0.0,0.0,1,3.0,3.0
Hainan,2011,1.0,1.0,蒋定之,罗保铭,1.0,1.0,1,0.0,0.0
Hainan,2012,0.0,0.0,,,0.0,0.0,1,1.0,1.0
Hainan,2013,0.0,0.0,,,0.0,0.0,1,2.0,2.0
Hainan,2014,0.0,0.0,,,0.0,0.0,1,3.0,3.0
Hainan,2015,1.0,0.0,刘赐贵,,1.0,0.0,1,4.0,0.0
Hainan,2016,0.0,0.0,,,0.0,0.0,1,5.0,1.0
Hainan,2017,1.0,1.0,沈晓明,刘赐贵,1.0,1.0,1,0.0,0.0
Hainan,2018,0.0,0.0,,,0.0,0.0,1,1.0,1.0
Hainan,2019,,,,,,,0,,
Hainan,2020,,,,,,,0,,
Hainan,2021,,,,,,,0,,
Hainan,2022,,,,,,,0,,
Hainan,2023,,,,,,,0,,
Hebei,2000,0.0,1.0,,王旭东,1.0,0.0,1,0.0,
Hebei,2001,0.0,0.0,,,0.0,0.0,1,1.0,
Hebei,2002,1.0,1.0,季允石,白克明,1.0,1.0,1,0.0,0.0
Hebei,2003,0.0,0.0,,,0.0,0.0,1,1.0,1.0
Hebei,2004,0.0,0.0,,,0.0,0.0,1,2.0,2.0
Hebei,2005,0.0,0.0,,,0.0,0.0,1,3.0,3.0
Hebei,2006,1.0,0.0,郭庚茂,,1.0,0.0,1,4.0,0.0
Hebei,2007,0.0,1.0,,张云川,1.0,0.0,1,0.0,1.0
Hebei,2008,1.0,0.0,胡春华,,1.0,0.0,1,1.0,0.0
Hebei,2009,1.0,0.0,陈全国,,1.0,0.0,1,2.0,0.0
Hebei,2010,0.0,0.0,,,0.0,0.0,1,3.0,1.0
Hebei,2011,1.0,1.0,张庆伟,张庆黎,1.0,1.0,1,0.0,0.0
Hebei,2012,0.0,0.0,,,0.0,0.0,1,1.0,1.0
Hebei,2013,0.0,1.0,,周本顺,1.0,0.0,1,0.0,2.0
Hebei,2014,0.0,0.0,,,0.0,0.0,1,1.0,3.0
Hebei,2015,0.0,1.0,,赵克志,1.0,0.0,1,0.0,4.0
Hebei,2016,0.0,0.0,,,0.0,0.0,1,1.0,5.0
Hebei,2017,1.0,1.0,许勤,王东峰,1.0,1.0,1,0.0,0.0
Hebei,2018,0.0,0.0,,,0.0,0.0,1,1.0,1.0
Hebei,2019,,,,,,,0,,
Hebei,2020,,,,,,,0,,
Hebei,2021,,,,,,,0,,
Hebei,2022,,,,,,,0,,
Hebei,2023,,,,,,,0,,
Heilongjiang,2000,1.0,0.0,宋法棠,,1.0,0.0,1,,0.0
Heilongjiang,2001,0.0,0.0,,,0.0,0.0,1,,1.0
Heilongjiang,2002,0.0,0.0,,,0.0,0.0,1,,2.0
Heilongjiang,2003,1.0,1.0,张左已,宋法棠,1.0,1.0,1,0.0,0.0
Heilongjiang,2004,0.0,0.0,,,0.0,0.0,1,1.0,1.0
Heilongjiang,2005,0.0,1.0,,钱运录,1.0,0.0,1,0.0,2.0
Heilongjiang,2006,0.0,0.0,,,0.0,0.0,1,1.0,3.0
Heilongjiang,2007,1.0,0.0,栗战书,,1.0,0.0,1,2.0,0.0
Heilongjiang,2008,0.0,1.0,,吉炳轩,1.0,0.0,1,0.0,1.0
Heilongjiang,2009,0.0,0.0,,,0.0,0.0,1,1.0,2.0
Heilongjiang,2010,1.0,0.0,王宪魁,,1.0,0.0,1,2.0,0.0
Heilongjiang,2011,0.0,0.0,,,0.0,0.0,1,3.0,1.0
Heilongjiang,2012,0.0,0.0,,,0.0,0.0,1,4.0,2.0
Heilongjiang,2013,1.0,1.0,陆昊,王宪魁,1.0,1.0,1,0.0,0.0
Heilongjiang,2014,0.0,0.0,,,0.0,0.0,1,1.0,1.0
Heilongjiang,2015,0.0,0.0,,,0.0,0.0,1,2.0,2.0
Heilongjiang,2016,0.0,0.0,,,0.0,0.0,1,3.0,3.0
Heilongjiang,2017,0.0,1.0,,张庆伟,1.0,0.0,1,0.0,4.0
Heilongjiang,2018,1.0,0.0,王文涛,,1.0,0.0,1,1.0,0.0
Heilongjiang,2019,,,,,,,0,,
Heilongjiang,2020,,,,,,,0,,
Heilongjiang,2021,,,,,,,0,,
Heilongjiang,2022,,,,,,,0,,
Heilongjiang,2023,,,,,,,0,,
Henan,2000,1.0,0.0,陈奎元,,1.0,0.0,1,,0.0
Henan,2001,0.0,0.0,,,0.0,0.0,1,,1.0
Henan,2002,1.0,0.0,李克强,,1.0,0.0,1,,0.0
Henan,2003,0.0,1.0,,李成玉,1.0,0.0,1,0.0,1.0
Henan,2004,1.0,0.0,李成玉,,1.0,0.0,1,1.0,0.0
Henan,2005,0.0,0.0,,,0.0,0.0,1,2.0,1.0
Henan,2006,0.0,0.0,,,0.0,0.0,1,3.0,2.0
Henan,2007,0.0,0.0,,,0.0,0.0,1,4.0,3.0
Henan,2008,1.0,0.0,郭庚茂,,1.0,0.0,1,5.0,0.0
Henan,2009,0.0,1.0,,卢展工,1.0,0.0,1,0.0,1.0
Henan,2010,0.0,0.0,,,0.0,0.0,1,1.0,2.0
Henan,2011,0.0,0.0,,,0.0,0.0,1,2.0,3.0
Henan,2012,0.0,0.0,,,0.0,0.0,1,3.0,4.0
Henan,2013,1.0,1.0,谢伏瞻,郭庚茂,1.0,1.0,1,0.0,0.0
Henan,2014,0.0,0.0,,,0.0,0.0,1,1.0,1.0
Henan,2015,0.0,0.0,,,0.0,0.0,1,2.0,2.0
Henan,2016,1.0,1.0,陈润儿,谢伏瞻,1.0,1.0,1,0.0,0.0
Henan,2017,0.0,0.0,,,0.0,0.0,1,1.0,1.0
Henan,2018,0.0,1.0,,王国生,1.0,0.0,1,0.0,2.0
Henan,2019,,,,,,,0,,
Henan,2020,,,,,,,0,,
Henan,2021,,,,,,,0,,
Henan,2022,,,,,,,0,,
Henan,2023,,,,,,,0,,
Hubei,2000,0.0,1.0,,蒋祝平,1.0,0.0,1,0.0,
Hubei,2001,1.0,1.0,张国光,俞正声,1.0,1.0,1,0.0,0.0
Hubei,2002,1.0,0.0,罗清泉,,1.0,0.0,1,1.0,0.0
Hubei,2003,0.0,0.0,,,0.0,0.0,1,2.0,1.0
Hubei,2004,0.0,0.0,,,0.0,0.0,1,3.0,2.0
Hubei,2005,0.0,0.0,,,0.0,0.0,1,4.0,3.0
Hubei,2006,0.0,0.0,,,0.0,0.0,1,5.0,4.0
Hubei,2007,1.0,1.0,李鸿忠,罗清泉,1.0,1.0,1,0.0,0.0
Hubei,2008,0.0,0.0,,,0.0,0.0,1,1.0,1.0
Hubei,2009,0.0,0.0,,,0.0,0.0,1,2.0,2.0
Hubei,2010,1.0,1.0,王国生,李鸿忠,1.0,1.0,1,0.0,0.0
Hubei,2011,0.0,0.0,,,0.0,0.0,1,1.0,1.0
Hubei,2012,0.0,0.0,,,0.0,0.0,1,2.0,2.0
Hubei,2013,0.0,0.0,,,0.0,0.0,1,3.0,3.0
Hubei,2014,0.0,0.0,,,0.0,0.0,1,4.0,4.0
Hubei,2015,0.0,0.0,,,0.0,0.0,1,5.0,5.0
Hubei,2016,1.0,1.0,王晓东 / 许达哲,蒋超良,1.0,1.0,1,0.0,0.0
Hubei,2017,0.0,0.0,,,0.0,0.0,1,1.0,1.0
Hubei,2018,0.0,0.0,,,0.0,0.0,1,2.0,2.0
Hubei,2019,,,,,,,0,,
Hubei,2020,,,,,,,0,,
Hubei,2021,,,,,,,0,,
Hubei,2022,,,,,,,0,,
Hubei,2023,,,,,,,0,,
Hunan,2000,0.0,0.0,,,0.0,0.0,1,,
Hunan,2001,1.0,0.0,张云川,,1.0,0.0,1,,0.0
Hunan,2002,0.0,0.0,,,0.0,0.0,1,,1.0
Hunan,2003,1.0,0.0,周伯华,,1.0,0.0,1,,0.0
Hunan,2004,0.0,0.0,,,0.0,0.0,1,,1.0
Hunan,2005,0.0,1.0,,张春贤,1.0,0.0,1,0.0,2.0
Hunan,2006,1.0,0.0,周强,,1.0,0.0,1,1.0,0.0
Hunan,2007,0.0,0.0,,,0.0,0.0,1,2.0,1.0
Hunan,2008,0.0,0.0,,,0.0,0.0,1,3.0,2.0
Hunan,2009,0.0,0.0,,,0.0,0.0,1,4.0,3.0
Hunan,2010,1.0,1.0,徐守盛,周强,1.0,1.0,1,0.0,0.0
Hunan,2011,0.0,0.0,,,0.0,0.0,1,1.0,1.0
Hunan,2012,0.0,0.0,,,0.0,0.0,1,2.0,2.0
Hunan,2013,1.0,1.0,杜家毫,徐守盛,1.0,1.0,1,0.0,0.0
Hunan,2014,0.0,0.0,,,0.0,0.0,1,1.0,1.0
Hunan,2015,0.0,0.0,,,0.0,0.0,1,2.0,2.0
Hunan,2016,0.0,1.0,,杜家毫,1.0,0.0,1,0.0,3.0
Hunan,2017,0.0,0.0,,,0.0,0.0,1,1.0,4.0
Hunan,2018,0.0,0.0,,,0.0,0.0,1,2.0,5.0
Hunan,2019,,,,,,,0,,
Hunan,2020,,,,,,,0,,
Hunan,2021,,,,,,,0,,
Hunan,2022,,,,,,,0,,
Hunan,2023,,,,,,,0,,
Jiangsu,2000,0.0,1.0,,回良玉,1.0,0.0,1,0.0,
Jiangsu,2001,0.0,0.0,,,0.0,0.0,1,1.0,
Jiangsu,2002,1.0,1.0,梁保华,李源潮,1.0,1.0,1,0.0,0.0
Jiangsu,2003,0.0,0.0,,,0.0,0.0,1,1.0,1.0
Jiangsu,2004,0.0,0.0,,,0.0,0.0,1,2.0,2.0
Jiangsu,2005,0.0,0.0,,,0.0,0.0,1,3.0,3.0
Jiangsu,2006,0.0,0.0,,,0.0,0.0,1,4.0,4.0
Jiangsu,2007,0.0,1.0,,梁保华,1.0,0.0,1,0.0,5.0
Jiangsu,2008,1.0,0.0,罗志军,,1.0,0.0,1,1.0,0.0
Jiangsu,2009,0.0,0.0,,,0.0,0.0,1,2.0,1.0
Jiangsu,2010,1.0,1.0,李学勇,罗志军,1.0,1.0,1,0.0,0.0
Jiangsu,2011,0.0,0.0,,,0.0,0.0,1,1.0,1.0
Jiangsu,2012,0.0,0.0,,,0.0,0.0,1,2.0,2.0
Jiangsu,2013,0.0,0.0,,,0.0,0.0,1,3.0,3.0
Jiangsu,2014,0.0,0.0,,,0.0,0.0,1,4.0,4.0
Jiangsu,2015,1.0,0.0,石泰峰,,1.0,0.0,1,5.0,0.0
Jiangsu,2016,0.0,1.0,,李强,1.0,0.0,1,0.0,1.0
Jiangsu,2017,1.0,1.0,吴政隆,娄勤俭,1.0,1.0,1,0.0,0.0
Jiangsu,2018,0.0,0.0,,,0.0,0.0,1,1.0,1.0
Jiangsu,2019,,,,,,,0,,
Jiangsu,2020,,,,,,,0,,
Jiangsu,2021,,,,,,,0,,
Jiangsu,2022,,,,,,,0,,
Jiangsu,2023,,,,,,,0,,
Jiangxi,2000,0.0,0.0,,,0.0,0.0,1,,
Jiangxi,2001,1.0,1.0,黄智权,孟建柱,1.0,1.0,1,0.0,0.0
Jiangxi,2002,0.0,0.0,,,0.0,0.0,1,1.0,1.0
Jiangxi,2003,0.0,0.0,,,0.0,0.0,1,2.0,2.0
Jiangxi,2004,0.0,0.0,,,0.0,0.0,1,3.0,3.0
Jiangxi,2005,0.0,0.0,,,0.0,0.0,1,4.0,4.0
Jiangxi,2006,1.0,0.0,吴新雄,,1.0,0.0,1,5.0,0.0
Jiangxi,2007,0.0,1.0,,苏荣,1.0,0.0,1,0.0,1.0
Jiangxi,2008,0.0,0.0,,,0.0,0.0,1,1.0,2.0
Jiangxi,2009,0.0,0.0,,,0.0,0.0,1,2.0,3.0
Jiangxi,2010,0.0,0.0,,,0.0,0.0,1,3.0,4.0
Jiangxi,2011,1.0,0.0,鹿心社,,1.0,0.0,1,4.0,0.0
Jiangxi,2012,0.0,0.0,,,0.0,0.0,1,5.0,1.0
Jiangxi,2013,0.0,1.0,,强卫,1.0,0.0,1,0.0,2.0
Jiangxi,2014,0.0,0.0,,,0.0,0.0,1,1.0,3.0
Jiangxi,2015,0.0,0.0,,,0.0,0.0,1,2.0,4.0
Jiangxi,2016,0.0,1.0,,刘奇,1.0,0.0,1,0.0,5.0
Jiangxi,2017,0.0,0.0,,,0.0,0.0,1,1.0,6.0
Jiangxi,2018,0.0,0.0,,,0.0,0.0,1,2.0,7.0
Jiangxi,2019,,,,,,,0,,
Jiangxi,2020,,,,,,,0,,
Jiangxi,2021,,,,,,,0,,
Jiangxi,2022,,,,,,,0,,
Jiangxi,2023,,,,,,,0,,
Jilin,2000,0.0,0.0,,,0.0,0.0,1,,
Jilin,2001,0.0,0.0,,,0.0,0.0,1,,
Jilin,2002,0.0,0.0,,,0.0,0.0,1,,
Jilin,2003,0.0,0.0,,,0.0,0.0,1,,
Jilin,2004,1.0,0.0,王珉,,1.0,0.0,1,,0.0
Jilin,2005,0.0,0.0,,,0.0,0.0,1,,1.0
Jilin,2006,1.0,1.0,韩长赋,王珉,1.0,1.0,1,0.0,0.0
Jilin,2007,0.0,0.0,,,0.0,0.0,1,1.0,1.0
Jilin,2008,0.0,0.0,,,0.0,0.0,1,2.0,2.0
Jilin,2009,1.0,1.0,王儒林,孙政才,1.0,1.0,1,0.0,0.0
Jilin,2010,0.0,0.0,,,0.0,0.0,1,1.0,1.0
Jilin,2011,0.0,0.0,,,0.0,0.0,1,2.0,2.0
Jilin,2012,1.0,1.0,巴音朝鲁,王儒林,1.0,1.0,1,0.0,0.0
Jilin,2013,0.0,0.0,,,0.0,0.0,1,1.0,1.0
Jilin,2014,1.0,1.0,蒋超良,巴音朝鲁,1.0,1.0,1,0.0,0.0
Jilin,2015,0.0,0.0,,,0.0,0.0,1,1.0,1.0
Jilin,2016,0.0,0.0,,,0.0,0.0,1,2.0,2.0
Jilin,2017,0.0,0.0,,,0.0,0.0,1,3.0,3.0
Jilin,2018,1.0,0.0,景俊海,,1.0,0.0,1,4.0,0.0
Jilin,2019,,,,,,,0,,
Jilin,2020,,,,,,,0,,
Jilin,2021,,,,,,,0,,
Jilin,2022,,,,,,,0,,
Jilin,2023,,,,,,,0,,
Liaoning,2000,1.0,0.0,薄熙来,,1.0,0.0,1,,0.0
Liaoning,2001,0.0,0.0,,,0.0,0.0,1,,1.0
Liaoning,2002,0.0,0.0,,,0.0,0.0,1,,2.0
Liaoning,2003,0.0,0.0,,,0.0,0.0,1,,3.0
Liaoning,2004,1.0,1.0,张文岳,李克强,1.0,1.0,1,0.0,0.0
Liaoning,2005,0.0,0.0,,,0.0,0.0,1,1.0,1.0
Liaoning,2006,0.0,0.0,,,0.0,0.0,1,2.0,2.0
Liaoning,2007,1.0,1.0,陈政高,张文岳,1.0,1.0,1,0.0,0.0
Liaoning,2008,0.0,0.0,,,0.0,0.0,1,1.0,1.0
Liaoning,2009,0.0,1.0,,王珉,1.0,0.0,1,0.0,2.0
Liaoning,2010,0.0,0.0,,,0.0,0.0,1,1.0,3.0
Liaoning,2011,0.0,0.0,,,0.0,0.0,1,2.0,4.0
Liaoning,2012,0.0,0.0,,,0.0,0.0,1,3.0,5.0
Liaoning,2013,0.0,0.0,,,0.0,0.0,1,4.0,6.0
Liaoning,2014,1.0,0.0,李希,,1.0,0.0,1,5.0,0.0
Liaoning,2015,1.0,1.0,陈求发,李希,1.0,1.0,1,0.0,0.0
Liaoning,2016,0.0,0.0,,,0.0,0.0,1,1.0,1.0
Liaoning,2017,1.0,1.0,唐一军,陈求发,1.0,1.0,1,0.0,0.0
Liaoning,2018,0.0,0.0,,,0.0,0.0,1,1.0,1.0
Liaoning,2019,,,,,,,0,,
Liaoning,2020,,,,,,,0,,
Liaoning,2021,,,,,,,0,,
Liaoning,2022,,,,,,,0,,
Liaoning,2023,,,,,,,0,,
Neimenggu,2000,1.0,0.0,乌云其木格,,1.0,0.0,1,,0.0
Neimenggu,2001,0.0,1.0,,储波,1.0,0.0,1,0.0,1.0
Neimenggu,2002,0.0,0.0,,,0.0,0.0,1,1.0,2.0
Neimenggu,2003,1.0,0.0,杨晶,,1.0,0.0,1,2.0,0.0
Neimenggu,2004,0.0,0.0,,,0.0,0.0,1,3.0,1.0
Neimenggu,2005,0.0,0.0,,,0.0,0.0,1,4.0,2.0
Neimenggu,2006,0.0,0.0,,,0.0,0.0,1,5.0,3.0
Neimenggu,2007,0.0,0.0,,,0.0,0.0,1,6.0,4.0
Neimenggu,2008,1.0,0.0,巴特尔,,1.0,0.0,1,7.0,0.0
Neimenggu,2009,0.0,1.0,,胡春华,1.0,0.0,1,0.0,1.0
Neimenggu,2010,0.0,0.0,,,0.0,0.0,1,1.0,2.0
Neimenggu,2011,0.0,0.0,,,0.0,0.0,1,2.0,3.0
Neimenggu,2012,0.0,1.0,,王君,1.0,0.0,1,0.0,4.0
Neimenggu,2013,0.0,0.0,,,0.0,0.0,1,1.0,5.0
Neimenggu,2014,0.0,0.0,,,0.0,0.0,1,2.0,6.0
Neimenggu,2015,0.0,0.0,,,0.0,0.0,1,3.0,7.0
Neimenggu,2016,1.0,1.0,布小林,李纪恒,1.0,1.0,1,0.0,0.0
Neimenggu,2017,0.0,0.0,,,0.0,0.0,1,1.0,1.0
Neimenggu,2018,0.0,0.0,,,0.0,0.0,1,2.0,2.0
Neimenggu,2019,,,,,,,0,,
Neimenggu,2020,,,,,,,0,,
Neimenggu,2021,,,,,,,0,,
Neimenggu,2022,,,,,,,0,,
Neimenggu,2023,,,,,,,0,,
Ningxia,2000,0.0,0.0,,,0.0,0.0,1,,
Ningxia,2001,0.0,0.0,,,0.0,0.0,1,,
Ningxia,2002,0.0,1.0,,陈建国,1.0,0.0,1,0.0,
Ningxia,2003,0.0,0.0,,,0.0,0.0,1,1.0,
Ningxia,2004,0.0,0.0,,,0.0,0.0,1,2.0,
Ningxia,2005,0.0,0.0,,,0.0,0.0,1,3.0,
Ningxia,2006,0.0,0.0,,,0.0,0.0,1,4.0,
Ningxia,2007,1.0,0.0,王正伟,,1.0,0.0,1,5.0,0.0
Ningxia,2008,0.0,0.0,,,0.0,0.0,1,6.0,1.0
Ningxia,2009,0.0,0.0,,,0.0,0.0,1,7.0,2.0
Ningxia,2010,0.0,1.0,,张毅,1.0,0.0,1,0.0,3.0
Ningxia,2011,0.0,0.0,,,0.0,0.0,1,1.0,4.0
Ningxia,2012,0.0,0.0,,,0.0,0.0,1,2.0,5.0
Ningxia,2013,1.0,1.0,刘慧,李建华,1.0,1.0,1,0.0,0.0
Ningxia,2014,0.0,0.0,,,0.0,0.0,1,1.0,1.0
Ningxia,2015,0.0,0.0,,,0.0,0.0,1,2.0,2.0
Ningxia,2016,1.0,0.0,咸辉,,1.0,0.0,1,3.0,0.0
Ningxia,2017,0.0,1.0,,石泰峰,1.0,0.0,1,0.0,1.0
Ningxia,2018,0.0,0.0,,,0.0,0.0,1,1.0,2.0
Ningxia,2019,,,,,,,0,,
Ningxia,2020,,,,,,,0,,
Ningxia,2021,,,,,,,0,,
Ningxia,2022,,,,,,,0,,
Ningxia,2023,,,,,,,0,,
Qinghai,2000,0.0,0.0,,,0.0,0.0,1,,
Qinghai,2001,0.0,1.0,,苏荣,1.0,0.0,1,0.0,
Qinghai,2002,0.0,0.0,,,0.0,0.0,1,1.0,
Qinghai,2003,1.0,1.0,杨传堂,赵乐际,1.0,1.0,1,0.0,0.0
Qinghai,2004,1.0,0.0,宋秀岩,,1.0,0.0,1,1.0,0.0
Qinghai,2005,0.0,0.0,,,0.0,0.0,1,2.0,1.0
Qinghai,2006,0.0,0.0,,,0.0,0.0,1,3.0,2.0
Qinghai,2007,0.0,1.0,,强卫,1.0,0.0,1,0.0,3.0
Qinghai,2008,0.0,0.0,,,0.0,0.0,1,1.0,4.0
Qinghai,2009,0.0,0.0,,,0.0,0.0,1,2.0,5.0
Qinghai,2010,1.0,0.0,骆惠宁,,1.0,0.0,1,3.0,0.0
Qinghai,2011,0.0,0.0,,,0.0,0.0,1,4.0,1.0
Qinghai,2012,0.0,0.0,,,0.0,0.0,1,5.0,2.0
Qinghai,2013,1.0,1.0,郝鹏,骆惠宁,1.0,1.0,1,0.0,0.0
Qinghai,2014,0.0,0.0,,,0.0,0.0,1,1.0,1.0
Qinghai,2015,0.0,0.0,,,0.0,0.0,1,2.0,2.0
Qinghai,2016,0.0,1.0,,王国生,1.0,0.0,1,0.0,3.0
Qinghai,2017,1.0,0.0,王建军,,1.0,0.0,1,1.0,0.0
Qinghai,2018,0.0,0.0,,,0.0,0.0,1,2.0,1.0
Qinghai,2019,,,,,,,0,,
Qinghai,2020,,,,,,,0,,
Qinghai,2021,,,,,,,0,,
Qinghai,2022,,,,,,,0,,
Qinghai,2023,,,,,,,0,,
Shaanxi,2000,0.0,0.0,,,0.0,0.0,1,,
Shaanxi,2001,0.0,0.0,,,0.0,0.0,1,,
Shaanxi,2002,1.0,0.0,贾治邦,,1.0,0.0,1,,0.0
Shaanxi,2003,0.0,0.0,,,0.0,0.0,1,,1.0
Shaanxi,2004,1.0,0.0,陈德铭,,1.0,0.0,1,,0.0
Shaanxi,2005,0.0,0.0,,,0.0,0.0,1,,1.0
Shaanxi,2006,1.0,0.0,袁纯清,,1.0,0.0,1,,0.0
Shaanxi,2007,0.0,1.0,,赵乐际,1.0,0.0,1,0.0,1.0
Shaanxi,2008,0.0,0.0,,,0.0,0.0,1,1.0,2.0
Shaanxi,2009,0.0,0.0,,,0.0,0.0,1,2.0,3.0
Shaanxi,2010,1.0,0.0,赵正永,,1.0,0.0,1,3.0,0.0
Shaanxi,2011,0.0,0.0,,,0.0,0.0,1,4.0,1.0
Shaanxi,2012,1.0,1.0,娄勤俭,赵正永,1.0,1.0,1,0.0,0.0
Shaanxi,2013,0.0,0.0,,,0.0,0.0,1,1.0,1.0
Shaanxi,2014,0.0,0.0,,,0.0,0.0,1,2.0,2.0
Shaanxi,2015,0.0,0.0,,,0.0,0.0,1,3.0,3.0
Shaanxi,2016,1.0,1.0,胡和平,娄勤俭,1.0,1.0,1,0.0,0.0
Shaanxi,2017,0.0,1.0,,胡和平,1.0,0.0,1,0.0,1.0
Shaanxi,2018,0.0,0.0,,,0.0,0.0,1,1.0,2.0
Shaanxi,2019,,,,,,,0,,
Shaanxi,2020,,,,,,,0,,
Shaanxi,2021,,,,,,,0,,
Shaanxi,2022,,,,,,,0,,
Shaanxi,2023,,,,,,,0,,
Shandong,2000,0.0,0.0,,,0.0,0.0,1,,
Shandong,2001,1.0,0.0,张高丽,,1.0,0.0,1,,0.0
Shandong,2002,0.0,1.0,,张高丽,1.0,0.0,1,0.0,1.0
Shandong,2003,1.0,0.0,韩寓群,,1.0,0.0,1,1.0,0.0
Shandong,2004,0.0,0.0,,,0.0,0.0,1,2.0,1.0
Shandong,2005,0.0,0.0,,,0.0,0.0,1,3.0,2.0
Shandong,2006,0.0,0.0,,,0.0,0.0,1,4.0,3.0
Shandong,2007,1.0,1.0,姜大明,李建国,1.0,1.0,1,0.0,0.0
Shandong,2008,0.0,1.0,,姜异康,1.0,0.0,1,0.0,1.0
Shandong,2009,0.0,0.0,,,0.0,0.0,1,1.0,2.0
Shandong,2010,0.0,0.0,,,0.0,0.0,1,2.0,3.0
Shandong,2011,0.0,0.0,,,0.0,0.0,1,3.0,4.0
Shandong,2012,0.0,0.0,,,0.0,0.0,1,4.0,5.0
Shandong,2013,1.0,0.0,郭树清,,1.0,0.0,1,5.0,0.0
Shandong,2014,0.0,0.0,,,0.0,0.0,1,6.0,1.0
Shandong,2015,0.0,0.0,,,0.0,0.0,1,7.0,2.0
Shandong,2016,0.0,0.0,,,0.0,0.0,1,8.0,3.0
Shandong,2017,1.0,1.0,龚正,刘家义,1.0,1.0,1,0.0,0.0
Shandong,2018,0.0,0.0,,,0.0,0.0,1,1.0,1.0
Shandong,2019,,,,,,,0,,
Shandong,2020,,,,,,,0,,
Shandong,2021,,,,,,,0,,
Shandong,2022,,,,,,,0,,
Shandong,2023,,,,,,,0,,
Shanghai,2000,0.0,0.0,,,0.0,0.0,1,,
Shanghai,2001,1.0,0.0,陈良宇,,1.0,0.0,1,,0.0
Shanghai,2002,0.0,1.0,,陈良宇,1.0,0.0,1,0.0,1.0
Shanghai,2003,1.0,0.0,韩正,,1.0,0.0,1,1.0,0.0
Shanghai,2004,0.0,0.0,,,0.0,0.0,1,2.0,1.0
Shanghai,2005,0.0,0.0,,,0.0,0.0,1,3.0,2.0
Shanghai,2006,0.0,1.0,,韩正,1.0,0.0,1,0.0,3.0
Shanghai,2007,0.0,1.0,,习近平 / 俞正声,1.0,0.0,1,0.0,4.0
Shanghai,2008,0.0,0.0,,,0.0,0.0,1,1.0,5.0
Shanghai,2009,0.0,0.0,,,0.0,0.0,1,2.0,6.0
Shanghai,2010,0.0,0.0,,,0.0,0.0,1,3.0,7.0
Shanghai,2011,0.0,0.0,,,0.0,0.0,1,4.0,8.0
Shanghai,2012,1.0,0.0,杨雄,,1.0,0.0,1,5.0,0.0
Shanghai,2013,0.0,0.0,,,0.0,0.0,1,6.0,1.0
Shanghai,2014,0.0,0.0,,,0.0,0.0,1,7.0,2.0
Shanghai,2015,0.0,0.0,,,0.0,0.0,1,8.0,3.0
Shanghai,2016,0.0,0.0,,,0.0,0.0,1,9.0,4.0
Shanghai,2017,1.0,1.0,应勇,李强,1.0,1.0,1,0.0,0.0
Shanghai,2018,0.0,0.0,,,0.0,0.0,1,1.0,1.0
Shanghai,2019,,,,,,,0,,
Shanghai,2020,,,,,,,0,,
Shanghai,2021,,,,,,,0,,
Shanghai,2022,,,,,,,0,,
Shanghai,2023,,,,,,,0,,
Shanxi,2000,0.0,0.0,,,0.0,0.0,1,,
Shanxi,2001,0.0,0.0,,,0.0,0.0,1,,
Shanxi,2002,0.0,0.0,,,0.0,0.0,1,,
Shanxi,2003,0.0,0.0,,,0.0,0.0,1,,
Shanxi,2004,1.0,0.0,张宝顺,,1.0,0.0,1,,0.0
Shanxi,2005,1.0,1.0,于幼军,张宝顺,1.0,1.0,1,0.0,0.0
Shanxi,2006,0.0,0.0,,,0.0,0.0,1,1.0,1.0
Shanxi,2007,1.0,0.0,孟学农,,1.0,0.0,1,2.0,0.0
Shanxi,2008,1.0,0.0,王君,,1.0,0.0,1,3.0,0.0
Shanxi,2009,0.0,0.0,,,0.0,0.0,1,4.0,1.0
Shanxi,2010,0.0,1.0,,袁纯清,1.0,0.0,1,0.0,2.0
Shanxi,2011,0.0,0.0,,,0.0,0.0,1,1.0,3.0
Shanxi,2012,1.0,0.0,李小鹏,,1.0,0.0,1,2.0,0.0
Shanxi,2013,0.0,0.0,,,0.0,0.0,1,3.0,1.0
Shanxi,2014,0.0,1.0,,王儒林,1.0,0.0,1,0.0,2.0
Shanxi,2015,0.0,0.0,,,0.0,0.0,1,1.0,3.0
Shanxi,2016,1.0,1.0,楼阳生,骆惠宁,1.0,1.0,1,0.0,0.0
Shanxi,2017,0.0,0.0,,,0.0,0.0,1,1.0,1.0
Shanxi,2018,0.0,0.0,,,0.0,0.0,1,2.0,2.0
Shanxi,2019,,,,,,,0,,
Shanxi,2020,,,,,,,0,,
Shanxi,2021,,,,,,,0,,
Shanxi,2022,,,,,,,0,,
Shanxi,2023,,,,,,,0,,
Sichuan,2000,1.0,0.0,张中伟,,1.0,0.0,1,,0.0
Sichuan,2001,0.0,0.0,,,0.0,0.0,1,,1.0
Sichuan,2002,0.0,1.0,,张学忠,1.0,0.0,1,0.0,2.0
Sichuan,2003,0.0,0.0,,,0.0,0.0,1,1.0,3.0
Sichuan,2004,0.0,0.0,,,0.0,0.0,1,2.0,4.0
Sichuan,2005,0.0,0.0,,,0.0,0.0,1,3.0,5.0
Sichuan,2006,0.0,1.0,,杜青林,1.0,0.0,1,0.0,6.0
Sichuan,2007,1.0,1.0,蒋巨峰,刘奇葆,1.0,1.0,1,0.0,0.0
Sichuan,2008,0.0,0.0,,,0.0,0.0,1,1.0,1.0
Sichuan,2009,0.0,0.0,,,0.0,0.0,1,2.0,2.0
Sichuan,2010,0.0,0.0,,,0.0,0.0,1,3.0,3.0
Sichuan,2011,0.0,0.0,,,0.0,0.0,1,4.0,4.0
Sichuan,2012,0.0,1.0,,王东明,1.0,0.0,1,0.0,5.0
Sichuan,2013,1.0,0.0,魏宏,,1.0,0.0,1,1.0,0.0
Sichuan,2014,0.0,0.0,,,0.0,0.0,1,2.0,1.0
Sichuan,2015,0.0,0.0,,,0.0,0.0,1,3.0,2.0
Sichuan,2016,1.0,0.0,尹力,,1.0,0.0,1,4.0,0.0
Sichuan,2017,0.0,0.0,,,0.0,0.0,1,5.0,1.0
Sichuan,2018,0.0,1.0,,彭清华,1.0,0.0,1,0.0,2.0
Sichuan,2019,,,,,,,0,,
Sichuan,2020,,,,,,,0,,
Sichuan,2021,,,,,,,0,,
Sichuan,2022,,,,,,,0,,
Sichuan,2023,,,,,,,0,,
Tianjin,2000,0.0,0.0,,,0.0,0.0,1,,
Tianjin,2001,0.0,0.0,,,0.0,0.0,1,,
Tianjin,2002,1.0,0.0,戴相龙,,1.0,0.0,1,,0.0
Tianjin,2003,0.0,0.0,,,0.0,0.0,1,,1.0
Tianjin,2004,0.0,0.0,,,0.0,0.0,1,,2.0
Tianjin,2005,0.0,0.0,,,0.0,0.0,1,,3.0
Tianjin,2006,0.0,0.0,,,0.0,0.0,1,,4.0
Tianjin,2007,1.0,1.0,黄兴国,张高丽,1.0,1.0,1,0.0,0.0
Tianjin,2008,0.0,0.0,,,0.0,0.0,1,1.0,1.0
Tianjin,2009,0.0,0.0,,,0.0,0.0,1,2.0,2.0
Tianjin,2010,0.0,0.0,,,0.0,0.0,1,3.0,3.0
Tianjin,2011,0.0,0.0,,,0.0,0.0,1,4.0,4.0
Tianjin,2012,0.0,1.0,,孙春兰,1.0,0.0,1,0.0,5.0
Tianjin,2013,0.0,0.0,,,0.0,0.0,1,1.0,6.0
Tianjin,2014,0.0,1.0,,黄兴国,1.0,0.0,1,0.0,7.0
Tianjin,2015,0.0,0.0,,,0.0,0.0,1,1.0,8.0
Tianjin,2016,1.0,1.0,王东峰,李鸿忠,1.0,1.0,1,0.0,0.0
Tianjin,2017,0.0,0.0,,,0.0,0.0,1,1.0,1.0
Tianjin,2018,1.0,0.0,张国清,,1.0,0.0,1,2.0,0.0
Tianjin,2019,,,,,,,0,,
Tianjin,2020,,,,,,,0,,
Tianjin,2021,,,,,,,0,,
Tianjin,2022,,,,,,,0,,
Tianjin,2023,,,,,,,0,,
Xinjiang,2000,0.0,0.0,,,0.0,0.0,1,,
Xinjiang,2001,0.0,0.0,,,0.0,0.0,1,,
Xinjiang,2002,0.0,0.0,,,0.0,0.0,1,,
Xinjiang,2003,1.0,0.0,司马义·铁力瓦尔地,,1.0,0.0,1,,0.0
Xinjiang,2004,0.0,0.0,,,0.0,0.0,1,,1.0
Xinjiang,2005,0.0,0.0,,,0.0,0.0,1,,2.0
Xinjiang,2006,0.0,0.0,,,0.0,0.0,1,,3.0
Xinjiang,2007,1.0,0.0,努尔·白克力,,1.0,0.0,1,,0.0
Xinjiang,2008,0.0,0.0,,,0.0,0.0,1,,1.0
Xinjiang,2009,0.0,0.0,,,0.0,0.0,1,,2.0
Xinjiang,2010,0.0,1.0,,张春贤,1.0,0.0,1,0.0,3.0
Xinjiang,2011,0.0,0.0,,,0.0,0.0,1,1.0,4.0
Xinjiang,2012,0.0,0.0,,,0.0,0.0,1,2.0,5.0
Xinjiang,2013,0.0,0.0,,,0.0,0.0,1,3.0,6.0
Xinjiang,2014,1.0,0.0,雪克来提·扎克尔,,1.0,0.0,1,4.0,0.0
Xinjiang,2015,0.0,0.0,,,0.0,0.0,1,5.0,1.0
Xinjiang,2016,0.0,1.0,,陈全国,1.0,0.0,1,0.0,2.0
Xinjiang,2017,0.0,0.0,,,0.0,0.0,1,1.0,3.0
Xinjiang,2018,0.0,0.0,,,0.0,0.0,1,2.0,4.0
Xinjiang,2019,,,,,,,0,,
Xinjiang,2020,,,,,,,0,,
Xinjiang,2021,,,,,,,0,,
Xinjiang,2022,,,,,,,0,,
Xinjiang,2023,,,,,,,0,,
Xizang,2000,0.0,1.0,,郭金龙,1.0,0.0,1,0.0,
Xizang,2001,0.0,0.0,,,0.0,0.0,1,1.0,
Xizang,2002,0.0,0.0,,,0.0,0.0,1,2.0,
Xizang,2003,1.0,0.0,向巴平措,,1.0,0.0,1,3.0,0.0
Xizang,2004,0.0,1.0,,杨传堂,1.0,0.0,1,0.0,1.0
Xizang,2005,0.0,1.0,,张庆黎,1.0,0.0,1,0.0,2.0
Xizang,2006,0.0,0.0,,,0.0,0.0,1,1.0,3.0
Xizang,2007,0.0,0.0,,,0.0,0.0,1,2.0,4.0
Xizang,2008,0.0,0.0,,,0.0,0.0,1,3.0,5.0
Xizang,2009,0.0,0.0,,,0.0,0.0,1,4.0,6.0
Xizang,2010,1.0,0.0,白玛赤林,,1.0,0.0,1,5.0,0.0
Xizang,2011,0.0,1.0,,陈全国,1.0,0.0,1,0.0,1.0
Xizang,2012,1.0,0.0,洛桑江村,,1.0,0.0,1,1.0,0.0
Xizang,2013,0.0,0.0,,,0.0,0.0,1,2.0,1.0
Xizang,2014,0.0,0.0,,,0.0,0.0,1,3.0,2.0
Xizang,2015,0.0,0.0,,,0.0,0.0,1,4.0,3.0
Xizang,2016,0.0,1.0,,吴英杰,1.0,0.0,1,0.0,4.0
Xizang,2017,1.0,0.0,齐扎拉,,1.0,0.0,1,1.0,0.0
Xizang,2018,0.0,0.0,,,0.0,0.0,1,2.0,1.0
Xizang,2019,,,,,,,0,,
Xizang,2020,,,,,,,0,,
Xizang,2021,,,,,,,0,,
Xizang,2022,,,,,,,0,,
Xizang,2023,,,,,,,0,,
Yunnan,2000,0.0,0.0,,,0.0,0.0,1,,
Yunnan,2001,1.0,1.0,徐荣凯,白恩培,1.0,1.0,1,0.0,0.0
Yunnan,2002,0.0,0.0,,,0.0,0.0,1,1.0,1.0
Yunnan,2003,0.0,0.0,,,0.0,0.0,1,2.0,2.0
Yunnan,2004,0.0,0.0,,,0.0,0.0,1,3.0,3.0
Yunnan,2005,0.0,0.0,,,0.0,0.0,1,4.0,4.0
Yunnan,2006,1.0,0.0,秦光荣,,1.0,0.0,1,5.0,0.0
Yunnan,2007,0.0,0.0,,,0.0,0.0,1,6.0,1.0
Yunnan,2008,0.0,0.0,,,0.0,0.0,1,7.0,2.0
Yunnan,2009,0.0,0.0,,,0.0,0.0,1,8.0,3.0
Yunnan,2010,0.0,0.0,,,0.0,0.0,1,9.0,4.0
Yunnan,2011,1.0,1.0,李纪恒,秦光荣,1.0,1.0,1,0.0,0.0
Yunnan,2012,0.0,0.0,,,0.0,0.0,1,1.0,1.0
Yunnan,2013,0.0,0.0,,,0.0,0.0,1,2.0,2.0
Yunnan,2014,1.0,1.0,陈豪,李纪恒,1.0,1.0,1,0.0,0.0
Yunnan,2015,0.0,0.0,,,0.0,0.0,1,1.0,1.0
Yunnan,2016,1.0,1.0,阮成发,陈豪,1.0,1.0,1,0.0,0.0
Yunnan,2017,0.0,0.0,,,0.0,0.0,1,1.0,1.0
Yunnan,2018,0.0,0.0,,,0.0,0.0,1,2.0,2.0
Yunnan,2019,,,,,,,0,,
Yunnan,2020,,,,,,,0,,
Yunnan,2021,,,,,,,0,,
Yunnan,2022,,,,,,,0,,
Yunnan,2023,,,,,,,0,,
Zhejiang,2000,0.0,0.0,,,0.0,0.0,1,,
Zhejiang,2001,0.0,0.0,,,0.0,0.0,1,,
Zhejiang,2002,1.0,1.0,习近平,习近平,1.0,1.0,1,0.0,0.0
Zhejiang,2003,1.0,0.0,吕祖善,,1.0,0.0,1,1.0,0.0
Zhejiang,2004,0.0,0.0,,,0.0,0.0,1,2.0,1.0
Zhejiang,2005,0.0,0.0,,,0.0,0.0,1,3.0,2.0
Zhejiang,2006,0.0,0.0,,,0.0,0.0,1,4.0,3.0
Zhejiang,2007,0.0,1.0,,赵洪祝,1.0,0.0,1,0.0,4.0
Zhejiang,2008,0.0,0.0,,,0.0,0.0,1,1.0,5.0
Zhejiang,2009,0.0,0.0,,,0.0,0.0,1,2.0,6.0
Zhejiang,2010,0.0,0.0,,,0.0,0.0,1,3.0,7.0
Zhejiang,2011,1.0,0.0,夏宝龙,,1.0,0.0,1,4.0,0.0
Zhejiang,2012,1.0,1.0,李强,夏宝龙,1.0,1.0,1,0.0,0.0
Zhejiang,2013,0.0,0.0,,,0.0,0.0,1,1.0,1.0
Zhejiang,2014,0.0,0.0,,,0.0,0.0,1,2.0,2.0
Zhejiang,2015,0.0,0.0,,,0.0,0.0,1,3.0,3.0
Zhejiang,2016,1.0,0.0,车俊,,1.0,0.0,1,4.0,0.0
Zhejiang,2017,1.0,1.0,袁家军,车俊,1.0,1.0,1,0.0,0.0
Zhejiang,2018,0.0,0.0,,,0.0,0.0,1,1.0,1.0
Zhejiang,2019,,,,,,,0,,
Zhejiang,2020,,,,,,,0,,
Zhejiang,2021,,,,,,,0,,
Zhejiang,2022,,,,,,,0,,
Zhejiang,2023,,,,,,,0,,
