block,outcome,specification,term,b,se,p,N,r2,year_min,year_max
bank_channel,coalshare5,ddd_with_lower_orders,ddd_bank,.0325888213980651,.01258617,.014885524,480,.92883515,2007,2022
bank_channel,coalterm_int,ddd_with_lower_orders,ddd_bank,.0002959323433447,.011090892,.97889578,480,.92636526,2007,2022
bank_channel,energy5_int,ddd_with_lower_orders,ddd_bank,-.0242298718007862,.015664086,.13274583,480,.96149969,2007,2022
bank_channel,industrial_so2,ddd_with_lower_orders,ddd_bank,1.792553255397639,3.1026828,.56789684,510,.88323718,2007,2023
bank_channel,industrial_solid_waste,ddd_with_lower_orders,ddd_bank,5.081907314258051,2.7272038,.072559647,510,.78942144,2007,2023
bank_channel,nox_total,ddd_with_lower_orders,ddd_bank,3.59210876300334,2.9625554,.23582281,336,.92353308,2011,2023
horse_race,coalshare5,baseline,did_coal,-.2495047578598652,.075376555,.0025007611,480,.92243576,2007,2022
horse_race,coalshare5,combined,did_coal,-.3033019248372295,.12980321,.027771596,416,.91175288,2007,2022
horse_race,coalshare5,combined_matched_base,did_coal,-.3135176581291025,.11389396,.010845256,416,.90679753,2007,2022
horse_race,coalshare5,dated_policies,did_coal,-.3001771586112451,.1124054,.013123064,416,.90763772,2007,2022
horse_race,coalshare5,dated_policies_matched_base,did_coal,-.3135176581291025,.11389396,.010845256,416,.90679753,2007,2022
horse_race,coalshare5,environmental,did_coal,-.2574505675279665,.078924276,.0028309473,480,.92953479,2007,2022
horse_race,coalshare5,environmental_matched_base,did_coal,-.2495047578598652,.075376555,.0025007611,480,.92243576,2007,2022
horse_race,coalshare5,finance,did_coal,-.278379314686044,.077158213,.0011465837,480,.9227277,2007,2022
horse_race,coalshare5,finance_matched_base,did_coal,-.2495047578598652,.075376555,.0025007611,480,.92243576,2007,2022
horse_race,coalshare5,industrial,did_coal,-.2763760113118672,.084021069,.0027131634,464,.93472761,2007,2022
horse_race,coalshare5,industrial_matched_base,did_coal,-.23387634227736,.072350606,.0031355268,464,.93244553,2007,2022
horse_race,coalshare5,resource,did_coal,-.3575473871345886,.11609048,.0049794093,416,.91081327,2007,2022
horse_race,coalshare5,resource_matched_base,did_coal,-.3135176581291025,.11389396,.010845256,416,.90679753,2007,2022
horse_race,coalterm_int,baseline,did_coal,-.4261854214009543,.077600867,6.4684159e-06,480,.9237228,2007,2022
horse_race,coalterm_int,combined,did_coal,-.6226599227435416,.13152528,.00007421257,416,.93077797,2007,2022
horse_race,coalterm_int,combined_matched_base,did_coal,-.518575249489767,.11821477,.00018264307,416,.92045873,2007,2022
horse_race,coalterm_int,dated_policies,did_coal,-.4596715276448489,.12299673,.00096966786,416,.92271495,2007,2022
horse_race,coalterm_int,dated_policies_matched_base,did_coal,-.518575249489767,.11821477,.00018264307,416,.92045873,2007,2022
horse_race,coalterm_int,environmental,did_coal,-.3731867794059809,.073508449,.000020490559,480,.9268837,2007,2022
horse_race,coalterm_int,environmental_matched_base,did_coal,-.4261854214009543,.077600867,6.4684159e-06,480,.9237228,2007,2022
horse_race,coalterm_int,finance,did_coal,-.5139945614458556,.098797612,.000014447897,480,.92636478,2007,2022
horse_race,coalterm_int,finance_matched_base,did_coal,-.4261854214009543,.077600867,6.4684159e-06,480,.9237228,2007,2022
horse_race,coalterm_int,industrial,did_coal,-.4513114001148564,.095282309,.000056984612,464,.92874122,2007,2022
horse_race,coalterm_int,industrial_matched_base,did_coal,-.4142918223621088,.07604108,8.1556427e-06,464,.92710406,2007,2022
horse_race,coalterm_int,resource,did_coal,-.5349584364478996,.11268741,.000071728384,416,.92088795,2007,2022
horse_race,coalterm_int,resource_matched_base,did_coal,-.518575249489767,.11821477,.00018264307,416,.92045873,2007,2022
horse_race,energy5_int,baseline,did_coal,-.2894549784361844,.11898923,.021391962,480,.95922452,2007,2022
horse_race,energy5_int,combined,did_coal,-.6047983889366291,.18702777,.0034206859,416,.96579266,2007,2022
horse_race,energy5_int,combined_matched_base,did_coal,-.3906089250000764,.17004453,.030263131,416,.96008253,2007,2022
horse_race,energy5_int,dated_policies,did_coal,-.3429563654517133,.17360662,.059351537,416,.96054792,2007,2022
horse_race,energy5_int,dated_policies_matched_base,did_coal,-.3906089250000764,.17004453,.030263131,416,.96008253,2007,2022
horse_race,energy5_int,environmental,did_coal,-.2263859518524935,.10890333,.046590693,480,.9644798,2007,2022
horse_race,energy5_int,environmental_matched_base,did_coal,-.2894549784361844,.11898923,.021391962,480,.95922452,2007,2022
horse_race,energy5_int,finance,did_coal,-.3943863617109564,.16629784,.024568951,480,.96043754,2007,2022
horse_race,energy5_int,finance_matched_base,did_coal,-.2894549784361844,.11898923,.021391962,480,.95922452,2007,2022
horse_race,energy5_int,industrial,did_coal,-.3338483601211786,.13850337,.022749437,464,.96100456,2007,2022
horse_race,energy5_int,industrial_matched_base,did_coal,-.2855391353262922,.11916421,.023490554,464,.95965087,2007,2022
horse_race,energy5_int,resource,did_coal,-.4055545502503503,.16694205,.022648605,416,.96058559,2007,2022
horse_race,energy5_int,resource_matched_base,did_coal,-.3906089250000764,.17004453,.030263131,416,.96008253,2007,2022
horse_race,industrial_so2,baseline,did_coal,-72.58871365071349,19.699562,.00093463267,510,.88117659,2007,2023
horse_race,industrial_so2,combined,did_coal,-12.92920996116945,16.565683,.44243523,442,.94501781,2007,2023
horse_race,industrial_so2,combined_matched_base,did_coal,-89.17636237442012,24.859831,.0014179697,442,.88512462,2007,2023
horse_race,industrial_so2,dated_policies,did_coal,-6.564918551202173,16.505194,.69419152,442,.93840075,2007,2023
horse_race,industrial_so2,dated_policies_matched_base,did_coal,-89.17636237442012,24.859831,.0014179697,442,.88512462,2007,2023
horse_race,industrial_so2,environmental,did_coal,-.1878406413801756,15.186352,.9902159,510,.90562534,2007,2023
horse_race,industrial_so2,environmental_matched_base,did_coal,-72.58871365071349,19.699562,.00093463267,510,.88117659,2007,2023
horse_race,industrial_so2,finance,did_coal,-55.35838847900931,18.606283,.0058489111,510,.88292813,2007,2023
horse_race,industrial_so2,finance_matched_base,did_coal,-72.58871365071349,19.699562,.00093463267,510,.88117659,2007,2023
horse_race,industrial_so2,industrial,did_coal,-75.52139706924495,23.556173,.0033536919,493,.88596839,2007,2023
horse_race,industrial_so2,industrial_matched_base,did_coal,-71.44781312397008,19.493412,.0010231083,493,.88304156,2007,2023
horse_race,industrial_so2,resource,did_coal,-52.08308449746522,19.394709,.012678345,442,.89536422,2007,2023
horse_race,industrial_so2,resource_matched_base,did_coal,-89.17636237442012,24.859831,.0014179697,442,.88512462,2007,2023
horse_race,industrial_solid_waste,baseline,did_coal,-47.2683431982222,20.052076,.025372053,510,.78369045,2007,2023
horse_race,industrial_solid_waste,combined,did_coal,-82.87706366292313,27.188173,.0053752917,442,.78498083,2007,2023
horse_race,industrial_solid_waste,combined_matched_base,did_coal,-77.49753471833483,25.47646,.0054583172,442,.77480811,2007,2023
horse_race,industrial_solid_waste,dated_policies,did_coal,-71.65161903871099,26.827755,.013113536,442,.77894408,2007,2023
horse_race,industrial_solid_waste,dated_policies_matched_base,did_coal,-77.49753471833483,25.47646,.0054583172,442,.77480811,2007,2023
horse_race,industrial_solid_waste,environmental,did_coal,-46.29201276839992,22.335325,.047203504,510,.78597641,2007,2023
horse_race,industrial_solid_waste,environmental_matched_base,did_coal,-47.2683431982222,20.052076,.025372053,510,.78369045,2007,2023
horse_race,industrial_solid_waste,finance,did_coal,-39.76127579237298,19.201624,.047389839,510,.78436697,2007,2023
horse_race,industrial_solid_waste,finance_matched_base,did_coal,-47.2683431982222,20.052076,.025372053,510,.78369045,2007,2023
horse_race,industrial_solid_waste,industrial,did_coal,-57.11677318258909,19.069998,.0056857239,493,.78697854,2007,2023
horse_race,industrial_solid_waste,industrial_matched_base,did_coal,-45.6113665785132,20.215534,.032051943,493,.78317255,2007,2023
horse_race,industrial_solid_waste,resource,did_coal,-87.02414988035328,27.832499,.0044443947,442,.77616894,2007,2023
horse_race,industrial_solid_waste,resource_matched_base,did_coal,-77.49753471833483,25.47646,.0054583172,442,.77480811,2007,2023
horse_race,nox_total,baseline,did_coal,-43.99146104370375,16.89155,.014783787,336,.92226017,2011,2023
horse_race,nox_total,combined,did_coal,-6.604642625148165,24.446049,.78943723,288,.94929248,2011,2023
horse_race,nox_total,combined_matched_base,did_coal,-61.81107219786689,24.735235,.020042345,288,.91682863,2011,2023
horse_race,nox_total,dated_policies,did_coal,-17.36463036680689,19.393444,.37985593,288,.94866234,2011,2023
horse_race,nox_total,dated_policies_matched_base,did_coal,-61.81107219786689,24.735235,.020042345,288,.91682863,2011,2023
horse_race,nox_total,environmental,did_coal,-7.624990710158166,19.08559,.69265622,336,.92654431,2011,2023
horse_race,nox_total,environmental_matched_base,did_coal,-43.99146104370375,16.89155,.014783787,336,.92226017,2011,2023
horse_race,nox_total,finance,did_coal,-23.9628827688179,19.609789,.23227462,336,.92306495,2011,2023
horse_race,nox_total,finance_matched_base,did_coal,-43.99146104370375,16.89155,.014783787,336,.92226017,2011,2023
horse_race,nox_total,industrial,did_coal,-35.44735766185674,20.971987,.10294172,324,.92365807,2011,2023
horse_race,nox_total,industrial_matched_base,did_coal,-43.32883849473416,16.806744,.015953004,324,.92191851,2011,2023
horse_race,nox_total,resource,did_coal,-31.74137494359429,21.667784,.15648198,288,.91996813,2011,2023
horse_race,nox_total,resource_matched_base,did_coal,-61.81107219786689,24.735235,.020042345,288,.91682863,2011,2023
pattern_test,asinh_coal_qty,baseline,did_coal,-.8495429001630441,.42690632,.056093045,480,.9327113,2007,2022
pattern_test,asinh_energy5_qty,baseline,did_coal,-.6133565192136472,.12547113,.000034588025,480,.98133391,2007,2022
pattern_test,asinh_noncoal_qty,baseline,did_coal,-.0332454043874099,.12860334,.79783839,480,.98577666,2007,2022
pattern_test,coalterm_int,baseline,did_coal,-.4261854214009543,.077600867,6.4684159e-06,480,.9237228,2007,2022
pattern_test,dln_gdp,baseline,did_coal,-.017676195955439,.028471632,.53955722,510,.83574909,2007,2023
pattern_test,dln_sec_val,baseline,did_coal,-.0447843935252187,.047194012,.35049149,510,.73454064,2007,2023
pattern_test,dln_totgen,baseline,did_coal,-.0260220393264288,.053584803,.63088316,510,.39335409,2007,2023
pattern_test,energy5_int,baseline,did_coal,-.2894549784361844,.11898923,.021391962,480,.95922452,2007,2022
pattern_test,industrial_wastewater,baseline,did_coal,-40594.61491289705,24203.07,.1042415,510,.91076815,2007,2023
pattern_test,pm_total,baseline,did_coal,-10.13390180057256,28.062653,.72381276,154,.82248574,2011,2023
pattern_test,z_noncoal_int,baseline,did_coal,.6974109549174414,.31610712,.035441618,480,.95799422,2007,2022
timing_restriction,coalshare5,through_2012,did_coal,-.0230567735174953,.046738476,.62550551,180,.97184533,2007,2012
timing_restriction,coalshare5,through_2015,did_coal,-.0621893873271322,.066014014,.35394236,270,.95210207,2007,2015
timing_restriction,coalshare5,through_2023,did_coal,-.2495047578598652,.075376555,.0025007611,480,.92243576,2007,2022
timing_restriction,coalterm_int,through_2012,did_coal,-.1742621873634973,.040149797,.00015772511,180,.96153194,2007,2012
timing_restriction,coalterm_int,through_2015,did_coal,-.3061363876778894,.048298541,6.3217277e-07,270,.95913988,2007,2015
timing_restriction,coalterm_int,through_2023,did_coal,-.4261854214009543,.077600867,6.4684159e-06,480,.9237228,2007,2022
timing_restriction,energy5_int,through_2012,did_coal,-.2317225472944662,.060551748,.00063885911,180,.97571987,2007,2012
timing_restriction,energy5_int,through_2015,did_coal,-.3365409861609814,.070356727,.000046309422,270,.97286439,2007,2015
timing_restriction,energy5_int,through_2023,did_coal,-.2894549784361844,.11898923,.021391962,480,.95922452,2007,2022
timing_restriction,industrial_so2,through_2012,did_coal,6.245382889384076,8.047493,.44399381,180,.97363329,2007,2012
timing_restriction,industrial_so2,through_2015,did_coal,-9.673167269751534,8.5596066,.26769686,270,.96933281,2007,2015
timing_restriction,industrial_so2,through_2023,did_coal,-72.58871365071349,19.699562,.00093463267,510,.88117659,2007,2023
timing_restriction,industrial_solid_waste,through_2012,did_coal,-18.71239961024412,15.347348,.23257029,180,.90819716,2007,2012
timing_restriction,industrial_solid_waste,through_2015,did_coal,-8.461705863561523,15.262339,.58354402,270,.89606363,2007,2015
timing_restriction,industrial_solid_waste,through_2023,did_coal,-47.2683431982222,20.052076,.025372053,510,.78369045,2007,2023
timing_restriction,nox_total,through_2012,did_coal,-3.43873951045325,1.9517814,.089415856,56,.99965876,2011,2012
timing_restriction,nox_total,through_2015,did_coal,-16.86303769979784,5.0065131,.0022883306,140,.99351233,2011,2015
timing_restriction,nox_total,through_2023,did_coal,-43.99146104370375,16.89155,.014783787,336,.92226017,2011,2023
trend_test,coalshare5,province_linear_trends,did_coal,.0896917586754585,.068363197,.19981498,480,.96915984,2007,2022
trend_test,coalterm_int,province_linear_trends,did_coal,-.0573985377516496,.042972926,.19203931,480,.97413731,2007,2022
trend_test,energy5_int,province_linear_trends,did_coal,-.1225069484724578,.062917784,.061265714,480,.98465395,2007,2022
trend_test,industrial_so2,province_linear_trends,did_coal,28.61578523156389,9.5158157,.0054014814,510,.96661538,2007,2023
trend_test,industrial_solid_waste,province_linear_trends,did_coal,29.91298903768431,17.443829,.097047761,510,.86879545,2007,2023
trend_test,nox_total,province_linear_trends,did_coal,-6.120898901944673,4.5318489,.18802281,336,.97888839,2011,2023
