year,province,city,gdp,mining_emp,so2,urban_unit_emp,pilot_city,post2017,pilot_post2017,resource_share_2016,resource_share_2016_z,post_resource,pilot_resource,pilot_post_resource,ln_so2,ln_gdp,so2_per_gdp,ln_so2_per_gdp,city_id,province_id,province_year_id
2005,广东,东莞,2231.5,,177000.0,,0,0,0,0.0,-0.22858884560791237,-0.0,-0.0,-0.0,12.083910661257521,7.710429284069325,79.31884382702218,4.386004261255929,28,2,19
2006,广东,东莞,2627.98,,,,0,0,0,0.0,-0.22858884560791237,-0.0,-0.0,-0.0,,7.873970769225466,,,28,2,20
2007,广东,东莞,3160.05,,,,0,0,0,0.0,-0.22858884560791237,-0.0,-0.0,-0.0,,8.058343129240589,,,28,2,21
2008,广东,东莞,3703.6,,,,0,0,0,0.0,-0.22858884560791237,-0.0,-0.0,-0.0,,8.217060598573893,,,28,2,22
2009,广东,东莞,3763.91,,,,0,0,0,0.0,-0.22858884560791237,-0.0,-0.0,-0.0,,8.233213589686141,,,28,2,23
2010,广东,东莞,4431.19,,,,0,0,0,0.0,-0.22858884560791237,-0.0,-0.0,-0.0,,8.396423449991307,,,28,2,24
2011,广东,东莞,4735.39,,,,0,0,0,0.0,-0.22858884560791237,-0.0,-0.0,-0.0,,8.462819367592648,,,28,2,25
2012,广东,东莞,5010.17,,,,0,0,0,0.0,-0.22858884560791237,-0.0,-0.0,-0.0,,8.519225125638958,,,28,2,26
2013,广东,东莞,5740.44,,,,0,0,0,0.0,-0.22858884560791237,-0.0,-0.0,-0.0,,8.655291141428028,,,28,2,27
2014,广东,东莞,6308.28,,,,0,0,0,0.0,-0.22858884560791237,-0.0,-0.0,-0.0,,8.749618335176438,,,28,2,28
2015,广东,东莞,6769.32,,,232.27530000000002,0,0,0,0.0,-0.22858884560791237,-0.0,-0.0,-0.0,,8.820155917730109,,,28,2,29
2016,广东,东莞,7380.62,0.0,,231.23870000000002,0,0,0,0.0,-0.22858884560791237,-0.0,-0.0,-0.0,,8.906612924905913,,,28,2,30
2017,广东,东莞,8228.18,0.0,,242.39880000000002,0,1,0,0.0,-0.22858884560791237,-0.22858884560791237,-0.0,-0.0,,9.015320127052764,,,28,2,31
2018,广东,东莞,9021.55,0.0,,242.41500000000002,0,1,0,0.0,-0.22858884560791237,-0.22858884560791237,-0.0,-0.0,,9.107371438648574,,,28,2,32
2019,广东,东莞,9736.84,0.0,7216.26,287.3275,0,1,0,0.0,-0.22858884560791237,-0.22858884560791237,-0.0,-0.0,8.884230658472957,9.183671908677782,0.7411295656496358,0.5545340782637781,28,2,33
2020,广东,东莞,10079.94,,,286.30561800000004,0,1,0,0.0,-0.22858884560791237,-0.22858884560791237,-0.0,-0.0,,9.218302589226692,,,28,2,34
2021,广东,东莞,11272.57,,,287.29,0,1,0,0.0,-0.22858884560791237,-0.22858884560791237,-0.0,-0.0,,9.330127620078576,,,28,2,35
2022,广东,东莞,11742.94,,,,0,1,0,0.0,-0.22858884560791237,-0.22858884560791237,-0.0,-0.0,,9.371007487925135,,,28,2,36
2005,广东,中山,908.32,,32000.0,,0,0,0,,,,,,10.373522431293592,6.811596739422416,35.22987493394398,3.5898840528983773,29,2,19
2006,广东,中山,1053.61,,,,0,0,0,,,,,,,6.9599776416520625,,,29,2,20
2007,广东,中山,1268.04,,,,0,0,0,,,,,,,7.145227680240939,,,29,2,21
2008,广东,中山,1457.01,,,,0,0,0,,,,,,,7.2841416695896335,,,29,2,22
2009,广东,中山,1566.41,,,,0,0,0,,,,,,,7.356541655821241,,,29,2,23
2010,广东,中山,1835.97,,,,0,0,0,,,,,,,7.515328231177658,,,29,2,24
2011,广东,中山,2193.2,,,,0,0,0,,,,,,,7.693116943529893,,,29,2,25
2012,广东,中山,2441.04,,,,0,0,0,,,,,,,7.80017945698545,,,29,2,26
2013,广东,中山,2470.06,,,,0,0,0,,,,,,,7.811997720824965,,,29,2,27
2014,广东,中山,2620.58,,,,0,0,0,,,,,,,7.871150946301325,,,29,2,28
2015,广东,中山,2745.9,,,82.93820000000001,0,0,0,,,,,,,7.917864169058843,,,29,2,29
2016,广东,中山,2868.25,,,80.9462,0,0,0,,,,,,,7.9614573666792525,,,29,2,30
2017,广东,中山,2978.39,,,77.8995,0,1,0,,,,,,,7.999138165045484,,,29,2,31
2018,广东,中山,3113.03,,,76.3362,0,1,0,,,,,,,8.043351807401276,,,29,2,32
2019,广东,中山,3202.81,,2222.17,76.4244,0,1,0,,,,,,7.706689384274636,8.07178382846162,0.6938188653089007,0.5269856633043,29,2,33
2020,广东,中山,3311.24,,,75.33539,0,1,0,,,,,,,8.105078020574169,,,29,2,34
2021,广东,中山,3705.22,,,78.66000000000001,0,1,0,,,,,,,8.217497915184586,,,29,2,35
2022,广东,中山,3794.55,,,,0,1,0,,,,,,,8.241321105723815,,,29,2,36
2005,广东,云浮,205.33,,24000.0,,0,0,0,0.01375515818431912,-0.044833808582512236,-0.0,-0.0,-0.0,10.085850775128717,5.3246184409674076,116.88501436711634,4.769709694860239,32,2,19
2006,广东,云浮,230.63,,,,0,0,0,0.01375515818431912,-0.044833808582512236,-0.0,-0.0,-0.0,,5.440814694776582,,,32,2,20
2007,广东,云浮,275.55,,,,0,0,0,0.01375515818431912,-0.044833808582512236,-0.0,-0.0,-0.0,,5.618769100329245,,,32,2,21
2008,广东,云浮,324.55,,,,0,0,0,0.01375515818431912,-0.044833808582512236,-0.0,-0.0,-0.0,,5.7824396074794775,,,32,2,22
2009,广东,云浮,344.51,,,,0,0,0,0.01375515818431912,-0.044833808582512236,-0.0,-0.0,-0.0,,5.842123117608619,,,32,2,23
2010,广东,云浮,402.03,,,,0,0,0,0.01375515818431912,-0.044833808582512236,-0.0,-0.0,-0.0,,5.996526712700247,,,32,2,24
2011,广东,云浮,481.37,,,,0,0,0,0.01375515818431912,-0.044833808582512236,-0.0,-0.0,-0.0,,6.176636205168639,,,32,2,25
2012,广东,云浮,530.29,,,,0,0,0,0.01375515818431912,-0.044833808582512236,-0.0,-0.0,-0.0,,6.273424026714671,,,32,2,26
2013,广东,云浮,596.67,,,,0,0,0,0.01375515818431912,-0.044833808582512236,-0.0,-0.0,-0.0,,6.391364196743265,,,32,2,27
2014,广东,云浮,655.5,,,,0,0,0,0.01375515818431912,-0.044833808582512236,-0.0,-0.0,-0.0,,6.4853983032037545,,,32,2,28
2015,广东,云浮,708.88,,,,0,0,0,0.01375515818431912,-0.044833808582512236,-0.0,-0.0,-0.0,,6.563686259739047,,,32,2,29
2016,广东,云浮,773.2,0.3,,21.81,0,0,0,0.01375515818431912,-0.044833808582512236,-0.0,-0.0,-0.0,,6.650537747334176,,,32,2,30
2017,广东,云浮,827.78,0.25,,19.43,0,1,0,0.01375515818431912,-0.044833808582512236,-0.044833808582512236,-0.0,-0.0,,6.718747418597541,,,32,2,31
2018,广东,云浮,884.36,0.22,,18.36,0,1,0,0.01375515818431912,-0.044833808582512236,-0.044833808582512236,-0.0,-0.0,,6.784864219557019,,,32,2,32
2019,广东,云浮,975.62,0.22,5182.49,19.13,0,1,0,0.01375515818431912,-0.044833808582512236,-0.044833808582512236,-0.0,-0.0,8.553233853562888,6.883073166336641,5.311996474037023,1.842452024930778,32,2,33
2020,广东,云浮,1061.31,,,,0,1,0,0.01375515818431912,-0.044833808582512236,-0.044833808582512236,-0.0,-0.0,,6.967259273129868,,,32,2,34
2021,广东,云浮,1171.39,,,,0,1,0,0.01375515818431912,-0.044833808582512236,-0.044833808582512236,-0.0,-0.0,,7.065946356825663,,,32,2,35
2022,广东,云浮,1211.91,,,,0,1,0,0.01375515818431912,-0.044833808582512236,-0.044833808582512236,-0.0,-0.0,,7.0999529064462985,,,32,2,36
2005,广东,佛山,2478.94,,149000.0,,0,0,0,0.00023293733985557886,-0.22547703773655278,-0.0,-0.0,-0.0,11.91170829631447,7.815586328434501,60.10633577254794,4.112615555933298,17,2,19
2006,广东,佛山,2983.9,,,,0,0,0,0.00023293733985557886,-0.22547703773655278,-0.0,-0.0,-0.0,,8.000986448697766,,,17,2,20
2007,广东,佛山,3660.18,,,,0,0,0,0.00023293733985557886,-0.22547703773655278,-0.0,-0.0,-0.0,,8.205267605513969,,,17,2,21
2008,广东,佛山,4378.3,,,,0,0,0,0.00023293733985557886,-0.22547703773655278,-0.0,-0.0,-0.0,,8.3844158001755,,,17,2,22
2009,广东,佛山,4820.9,,,,0,0,0,0.00023293733985557886,-0.22547703773655278,-0.0,-0.0,-0.0,,8.480715911605966,,,17,2,23
2010,广东,佛山,5756.94,,,,0,0,0,0.00023293733985557886,-0.22547703773655278,-0.0,-0.0,-0.0,,8.658161362526657,,,17,2,24
2011,广东,佛山,6210.23,,,,0,0,0,0.00023293733985557886,-0.22547703773655278,-0.0,-0.0,-0.0,,8.733953211278708,,,17,2,25
2012,广东,佛山,6613.02,,,,0,0,0,0.00023293733985557886,-0.22547703773655278,-0.0,-0.0,-0.0,,8.796795712016074,,,17,2,26
2013,广东,佛山,7064.3,,,,0,0,0,0.00023293733985557886,-0.22547703773655278,-0.0,-0.0,-0.0,,8.862809210238192,,,17,2,27
2014,广东,佛山,7639.93,,,,0,0,0,0.00023293733985557886,-0.22547703773655278,-0.0,-0.0,-0.0,,8.941143719814928,,,17,2,28
2015,广东,佛山,8203.07,,,,0,0,0,0.00023293733985557886,-0.22547703773655278,-0.0,-0.0,-0.0,,9.012263753429707,,,17,2,29
2016,广东,佛山,8871.82,0.04,,171.72,0,0,0,0.00023293733985557886,-0.22547703773655278,-0.0,-0.0,-0.0,,9.090635240276146,,,17,2,30
2017,广东,佛山,9507.08,0.04,,165.16,0,1,0,0.00023293733985557886,-0.22547703773655278,-0.22547703773655278,-0.0,-0.0,,9.15979206317584,,,17,2,31
2018,广东,佛山,10150.88,0.01,,163.33,0,1,0,0.00023293733985557886,-0.22547703773655278,-0.22547703773655278,-0.0,-0.0,,9.225315680219138,,,17,2,32
2019,广东,佛山,10975.06,0.01,7436.7,151.64,0,1,0,0.00023293733985557886,-0.22547703773655278,-0.22547703773655278,-0.0,-0.0,8.914316940248638,9.303380704898816,0.6775999402281172,0.5173641649761717,17,2,33
2020,广东,佛山,10873.04,,,,0,1,0,0.00023293733985557886,-0.22547703773655278,-0.22547703773655278,-0.0,-0.0,,9.29404160982847,,,17,2,34
2021,广东,佛山,12349.22,,,,0,1,0,0.00023293733985557886,-0.22547703773655278,-0.22547703773655278,-0.0,-0.0,,9.421348182166842,,,17,2,35
2022,广东,佛山,12823.31,,,,0,1,0,0.00023293733985557886,-0.22547703773655278,-0.22547703773655278,-0.0,-0.0,,9.459019887476888,,,17,2,36
2005,广东,广州,5154.23,,149000.0,,1,0,0,,,,,,11.91170829631447,8.547573015750187,28.9082947404365,3.398135857992029,12,2,19
2006,广东,广州,6081.86,,,,1,0,0,,,,,,,8.71306584922854,,,12,2,20
2007,广东,广州,7140.32,,,,1,0,0,,,,,,,8.873512872256507,,,12,2,21
2008,广东,广州,8287.38,,,,1,0,0,,,,,,,9.022489154751279,,,12,2,22
2009,广东,广州,9138.21,,,,1,0,0,,,,,,,9.120219802817793,,,12,2,23
2010,广东,广州,10748.28,,,,1,0,0,,,,,,,9.282501020754443,,,12,2,24
2011,广东,广州,12423.44,,,,1,0,0,,,,,,,9.427340289762432,,,12,2,25
2012,广东,广州,13551.21,,,,1,0,0,,,,,,,9.514231121213927,,,12,2,26
2013,广东,广州,15420.14,0.0181,,,1,0,0,,,,,,,9.643429726194134,,,12,2,27
2014,广东,广州,16706.87,,,,1,0,0,,,,,,,9.723575291057935,,,12,2,28
2015,广东,广州,18100.41,,,,1,0,0,,,,,,,9.803689868931068,,,12,2,29
2016,广东,广州,19547.44,,,325.23,1,0,0,,,,,,,9.880599610547737,,,12,2,30
2017,广东,广州,21503.15,,,329.17,1,1,1,,,,,,,9.97595471501188,,,12,2,31
2018,广东,广州,22859.35,0.0001,,348.65,1,1,1,,,,,,,10.037115502998793,,,12,2,32
2019,广东,广州,23628.6,0.0117,4447.14,400.22,1,1,1,,,,,,8.400241310255241,10.070213121705526,0.18821005053198245,0.1724480155234763,12,2,33
2020,广东,广州,25019.11,0.0031000000000000003,,,1,1,1,,,,,,,10.127395211845455,,,12,2,34
2021,广东,广州,28231.97,0.0108,,,1,1,1,,,,,,,10.248210302730568,,,12,2,35
2022,广东,广州,28839.0,0.0114,,,1,1,1,,,,,,,10.269483916733925,,,12,2,36
2005,广东,惠州,815.13,,10700.0,,0,0,0,0.00041627640753460294,-0.2230278127463257,-0.0,-0.0,-0.0,9.278092474027002,6.703347609723076,13.12674051991707,2.6480694920902135,22,2,19
2006,广东,惠州,928.92,,12200.0,,0,0,0,0.00041627640753460294,-0.2230278127463257,-0.0,-0.0,-0.0,9.409273194575334,6.834022621004622,13.133531412823494,2.6485500885298583,22,2,20
2007,广东,惠州,1117.91,,16500.0,,0,0,0,0.00041627640753460294,-0.2230278127463257,-0.0,-0.0,-0.0,9.711176264112805,7.019216149580219,14.75968548452022,2.757455127664622,22,2,21
2008,广东,惠州,1304.05,,32700.0,,0,0,0,0.00041627640753460294,-0.2230278127463257,-0.0,-0.0,-0.0,10.39516093745751,7.173230085309785,25.075725624017483,3.2610048288416285,22,2,22
2009,广东,惠州,1414.7,,35700.0,,0,0,0,0.00041627640753460294,-0.2230278127463257,-0.0,-0.0,-0.0,10.482933978579906,7.254672773464889,25.23503216229589,3.267095623068775,22,2,23
2010,广东,惠州,1750.17,,33100.0,,0,0,0,0.00041627640753460294,-0.2230278127463257,-0.0,-0.0,-0.0,10.407318772389159,7.467468205056641,18.91244850500237,2.9913450891689117,22,2,24
2011,广东,惠州,2093.08,,39000.0,,0,0,0,0.00041627640753460294,-0.2230278127463257,-0.0,-0.0,-0.0,10.571342565808699,7.646391944362451,18.63282817665832,2.9772030721164002,22,2,25
2012,广东,惠州,2367.55,,36100.0,,0,0,0,0.00041627640753460294,-0.2230278127463257,-0.0,-0.0,-0.0,10.494075844768336,7.769610944161405,15.247830035268525,2.7879593635678144,22,2,26
2013,广东,惠州,2674.5,,30307.0,,0,0,0,0.00041627640753460294,-0.2230278127463257,-0.0,-0.0,-0.0,10.319166983051264,7.891517725971305,11.331837726677884,2.5121843512183752,22,2,27
2014,广东,惠州,3012.16,,29203.0,,0,0,0,0.00041627640753460294,-0.2230278127463257,-0.0,-0.0,-0.0,10.282060965175976,8.010412708358855,9.695036120259216,2.3697797198320054,22,2,28
2015,广东,惠州,3134.27,,29024.0,,0,0,0,0.00041627640753460294,-0.2230278127463257,-0.0,-0.0,-0.0,10.275912806566092,8.050151571087683,9.260210511538572,2.3282733572259566,22,2,29
2016,广东,惠州,3414.4,0.04,17689.0,96.09,0,0,0,0.00041627640753460294,-0.2230278127463257,-0.0,-0.0,-0.0,9.780754787153832,8.135757061107434,5.180705248359887,1.8214323828162389,22,2,30
2017,广东,惠州,3806.15,0.02,14811.0,98.76,0,1,0,0.00041627640753460294,-0.2230278127463257,-0.2230278127463257,-0.0,-0.0,9.603192942033504,8.24437345853508,3.8913337624633817,1.5874650193564235,22,2,31
2018,广东,惠州,4077.44,0.0,14970.0,95.13,0,1,0,0.00041627640753460294,-0.2230278127463257,-0.2230278127463257,-0.0,-0.0,9.613870275449836,8.313224619488068,3.671421283942866,1.541463368834447,22,2,32
2019,广东,惠州,4313.4,0.02,11912.0,100.61,0,1,0,0.00041627640753460294,-0.2230278127463257,-0.2230278127463257,-0.0,-0.0,9.38538551979936,8.369481735217882,2.7616265590949136,1.324851459363311,22,2,33
2020,广东,惠州,4467.86,,7721.0,,0,1,0,0.00041627640753460294,-0.2230278127463257,-0.2230278127463257,-0.0,-0.0,8.951828676824181,8.404664825768004,1.7281203976847979,1.0036128730560168,22,2,34
2021,广东,惠州,5259.64,,6046.0,,0,1,0,0.00041627640753460294,-0.2230278127463257,-0.2230278127463257,-0.0,-0.0,8.707317560273212,8.56781786232492,1.1495083313686867,0.765239132903276,22,2,35
2022,广东,惠州,5669.7,,5379.0,,0,1,0,0.00041627640753460294,-0.2230278127463257,-0.2230278127463257,-0.0,-0.0,8.59044365315583,8.642891485269102,0.9487274458966083,0.6671765676970158,22,2,36
2005,广东,揭阳,419.45,,2000.0,,0,0,0,,,,,,7.601402334583733,6.0389443292923035,4.768148766241507,1.7523511913007956,31,2,19
2006,广东,揭阳,480.22,,,,0,0,0,,,,,,,6.174244332232631,,,31,2,20
2007,广东,揭阳,585.99,,,,0,0,0,,,,,,,6.37330272458499,,,31,2,21
2008,广东,揭阳,724.23,,,,0,0,0,,,,,,,6.585109021494261,,,31,2,22
2009,广东,揭阳,816.09,,,,0,0,0,,,,,,,6.7045246429998056,,,31,2,23
2010,广东,揭阳,981.1,,,,0,0,0,,,,,,,6.888674391169345,,,31,2,24
2011,广东,揭阳,1225.86,,,,0,0,0,,,,,,,7.111397917479776,,,31,2,25
2012,广东,揭阳,1396.79,,,,0,0,0,,,,,,,7.241932025838634,,,31,2,26
2013,广东,揭阳,1465.36,,,,0,0,0,,,,,,,7.289856225051961,,,31,2,27
2014,广东,揭阳,1621.54,,,,0,0,0,,,,,,,7.391131593959916,,,31,2,28
2015,广东,揭阳,1686.65,,,,0,0,0,,,,,,,7.430499592141655,,,31,2,29
2016,广东,揭阳,1833.66,,,41.34,0,0,0,,,,,,,7.5140692484981395,,,31,2,30
2017,广东,揭阳,1876.46,,,37.86,0,1,0,,,,,,,7.537142302067571,,,31,2,31
2018,广东,揭阳,2048.19,,,30.44,0,1,0,,,,,,,7.624711755293709,,,31,2,32
2019,广东,揭阳,2141.48,0.0,5832.35,23.19,0,1,0,,,,,,8.671346728382272,7.6692524577636245,2.7235136447690382,1.314667750662732,31,2,33
2020,广东,揭阳,2121.55,,,,0,1,0,,,,,,,7.659902232594679,,,31,2,34
2021,广东,揭阳,2313.25,,,,0,1,0,,,,,,,7.74640874112914,,,31,2,35
2022,广东,揭阳,2303.76,,,,0,1,0,,,,,,,7.742297849723391,,,31,2,36
2005,广东,梅州,320.65,,26000.0,,0,0,0,0.003457814661134163,-0.18239593000712886,-0.0,-0.0,-0.0,10.165890277802454,5.770350185594872,81.08529549352878,4.4077588955880715,23,2,19
2006,广东,梅州,349.58,,,,0,0,0,0.003457814661134163,-0.18239593000712886,-0.0,-0.0,-0.0,,5.856732433906941,,,23,2,20
2007,广东,梅州,411.62,,,,0,0,0,0.003457814661134163,-0.18239593000712886,-0.0,-0.0,-0.0,,6.020100593644314,,,23,2,21
2008,广东,梅州,479.61,,,,0,0,0,0.003457814661134163,-0.18239593000712886,-0.0,-0.0,-0.0,,6.17297327364491,,,23,2,22
2009,广东,梅州,519.29,,,,0,0,0,0.003457814661134163,-0.18239593000712886,-0.0,-0.0,-0.0,,6.252462493973161,,,23,2,23
2010,广东,梅州,612.0,,,,0,0,0,0.003457814661134163,-0.18239593000712886,-0.0,-0.0,-0.0,,6.416732282512326,,,23,2,24
2011,广东,梅州,707.54,,,,0,0,0,0.003457814661134163,-0.18239593000712886,-0.0,-0.0,-0.0,,6.561794165021705,,,23,2,25
2012,广东,梅州,744.75,,,,0,0,0,0.003457814661134163,-0.18239593000712886,-0.0,-0.0,-0.0,,6.613048591593392,,,23,2,26
2013,广东,梅州,790.82,,,,0,0,0,0.003457814661134163,-0.18239593000712886,-0.0,-0.0,-0.0,,6.673070381821368,,,23,2,27
2014,广东,梅州,885.03,,,,0,0,0,0.003457814661134163,-0.18239593000712886,-0.0,-0.0,-0.0,,6.78562154273848,,,23,2,28
2015,广东,梅州,961.78,,,,0,0,0,0.003457814661134163,-0.18239593000712886,-0.0,-0.0,-0.0,,6.868785734283418,,,23,2,29
2016,广东,梅州,1055.33,0.1,,28.92,0,0,0,0.003457814661134163,-0.18239593000712886,-0.0,-0.0,-0.0,,6.961608793208162,,,23,2,30
2017,广东,梅州,1132.77,0.1,,29.13,0,1,0,0.003457814661134163,-0.18239593000712886,-0.18239593000712886,-0.0,-0.0,,7.032421239537926,,,23,2,31
2018,广东,梅州,1165.16,0.09,,30.05,0,1,0,0.003457814661134163,-0.18239593000712886,-0.18239593000712886,-0.0,-0.0,,7.060613695625451,,,23,2,32
2019,广东,梅州,1235.03,0.08,8197.56,28.82,0,1,0,0.003457814661134163,-0.18239593000712886,-0.18239593000712886,-0.0,-0.0,9.011713808075049,7.1188505402650195,6.63753916908901,2.0330754530068553,23,2,33
2020,广东,梅州,1275.77,,,,0,1,0,0.003457814661134163,-0.18239593000712886,-0.18239593000712886,-0.0,-0.0,,7.151305196873912,,,23,2,34
2021,广东,梅州,1362.04,,,,0,1,0,0.003457814661134163,-0.18239593000712886,-0.18239593000712886,-0.0,-0.0,,7.216738854853833,,,23,2,35
2022,广东,梅州,1384.09,,,,0,1,0,0.003457814661134163,-0.18239593000712886,-0.18239593000712886,-0.0,-0.0,,7.232798162965062,,,23,2,36
2005,广东,汕头,645.83,,27000.0,,0,0,0,0.0012184508268059183,-0.21231157174503576,-0.0,-0.0,-0.0,10.203629181337648,6.47053631125575,41.80666738925104,3.7566938705779758,16,2,19
2006,广东,汕头,718.7,,,,0,0,0,0.0012184508268059183,-0.21231157174503576,-0.0,-0.0,-0.0,,6.577444024474397,,,16,2,20
2007,广东,汕头,829.49,,,,0,0,0,0.0012184508268059183,-0.21231157174503576,-0.0,-0.0,-0.0,,6.720811054102739,,,16,2,21
2008,广东,汕头,951.81,,,,0,0,0,0.0012184508268059183,-0.21231157174503576,-0.0,-0.0,-0.0,,6.858365435040728,,,16,2,22
2009,广东,汕头,1035.87,,,,0,0,0,0.0012184508268059183,-0.21231157174503576,-0.0,-0.0,-0.0,,6.942996932320343,,,16,2,23
2010,广东,汕头,1140.57,,,,0,0,0,0.0012184508268059183,-0.21231157174503576,-0.0,-0.0,-0.0,,7.039283416430192,,,16,2,24
2011,广东,汕头,1275.74,,,,0,0,0,0.0012184508268059183,-0.21231157174503576,-0.0,-0.0,-0.0,,7.151281681387003,,,16,2,25
2012,广东,汕头,1425.01,,,,0,0,0,0.0012184508268059183,-0.21231157174503576,-0.0,-0.0,-0.0,,7.261934110221988,,,16,2,26
2013,广东,汕头,1569.58,,,,0,0,0,0.0012184508268059183,-0.21231157174503576,-0.0,-0.0,-0.0,,7.358563346630019,,,16,2,27
2014,广东,汕头,1735.57,,,,0,0,0,0.0012184508268059183,-0.21231157174503576,-0.0,-0.0,-0.0,,7.459091168686077,,,16,2,28
2015,广东,汕头,1894.25,,,,0,0,0,0.0012184508268059183,-0.21231157174503576,-0.0,-0.0,-0.0,,7.546578260811483,,,16,2,29
2016,广东,汕头,2134.34,0.07,,57.45,0,0,0,0.0012184508268059183,-0.21231157174503576,-0.0,-0.0,-0.0,,7.665912744381657,,,16,2,30
2017,广东,汕头,2419.24,0.07,,59.62,0,1,0,0.0012184508268059183,-0.21231157174503576,-0.21231157174503576,-0.0,-0.0,,7.791208720240056,,,16,2,31
2018,广东,汕头,2569.11,0.01,,58.95,0,1,0,0.0012184508268059183,-0.21231157174503576,-0.21231157174503576,-0.0,-0.0,,7.851314814410415,,,16,2,32
2019,广东,汕头,2735.58,,3383.21,52.4,0,1,0,0.0012184508268059183,-0.21231157174503576,-0.21231157174503576,-0.0,-0.0,8.126875775538263,7.914098758186833,1.2367432135049972,0.8050208853535606,16,2,33
2020,广东,汕头,2750.93,,,,0,1,0,0.0012184508268059183,-0.21231157174503576,-0.21231157174503576,-0.0,-0.0,,7.919694315308217,,,16,2,34
2021,广东,汕头,2982.2,,,,0,1,0,0.0012184508268059183,-0.21231157174503576,-0.21231157174503576,-0.0,-0.0,,8.000416562156808,,,16,2,35
2022,广东,汕头,3099.48,,,,0,1,0,0.0012184508268059183,-0.21231157174503576,-0.21231157174503576,-0.0,-0.0,,8.038989634467502,,,16,2,36
2005,广东,汕尾,208.24,,2000.0,,0,0,0,0.0012626262626262625,-0.2117214324870202,-0.0,-0.0,-0.0,7.601402334583733,5.33869126068631,9.604302727621974,2.3612598364559054,24,2,19
2006,广东,汕尾,239.86,,,,0,0,0,0.0012626262626262625,-0.2117214324870202,-0.0,-0.0,-0.0,,5.480055419803575,,,24,2,20
2007,广东,汕尾,288.71,,,,0,0,0,0.0012626262626262625,-0.2117214324870202,-0.0,-0.0,-0.0,,5.665422724101567,,,24,2,21
2008,广东,汕尾,346.58,,,,0,0,0,0.0012626262626262625,-0.2117214324870202,-0.0,-0.0,-0.0,,5.848113672212099,,,24,2,22
2009,广东,汕尾,390.04,,,,0,0,0,0.0012626262626262625,-0.2117214324870202,-0.0,-0.0,-0.0,,5.966249297966918,,,24,2,23
2010,广东,汕尾,461.92,,,,0,0,0,0.0012626262626262625,-0.2117214324870202,-0.0,-0.0,-0.0,,6.135391715914625,,,24,2,24
2011,广东,汕尾,550.55,,,,0,0,0,0.0012626262626262625,-0.2117214324870202,-0.0,-0.0,-0.0,,6.3109177785596,,,24,2,25
2012,广东,汕尾,610.41,,,,0,0,0,0.0012626262626262625,-0.2117214324870202,-0.0,-0.0,-0.0,,6.414130862535921,,,24,2,26
2013,广东,汕尾,678.22,,,,0,0,0,0.0012626262626262625,-0.2117214324870202,-0.0,-0.0,-0.0,,6.519471719082732,,,24,2,27
2014,广东,汕尾,739.19,,,,0,0,0,0.0012626262626262625,-0.2117214324870202,-0.0,-0.0,-0.0,,6.60555499209744,,,24,2,28
2015,广东,汕尾,775.97,,,,0,0,0,0.0012626262626262625,-0.2117214324870202,-0.0,-0.0,-0.0,,6.654113859642095,,,24,2,29
2016,广东,汕尾,857.03,0.03,,23.76,0,0,0,0.0012626262626262625,-0.2117214324870202,-0.0,-0.0,-0.0,,6.753472923819396,,,24,2,30
2017,广东,汕尾,922.73,0.03,,20.4,0,1,0,0.0012626262626262625,-0.2117214324870202,-0.2117214324870202,-0.0,-0.0,,6.8273366673322196,,,24,2,31
2018,广东,汕尾,1030.85,0.03,,19.83,0,1,0,0.0012626262626262625,-0.2117214324870202,-0.2117214324870202,-0.0,-0.0,,6.938138983616577,,,24,2,32
2019,广东,汕尾,1121.66,,802.55,18.18,0,1,0,0.0012626262626262625,-0.2117214324870202,-0.2117214324870202,-0.0,-0.0,6.689039410995079,7.022565009856652,0.715502023786174,0.539705763021981,24,2,33
2020,广东,汕尾,1156.93,,,,0,1,0,0.0012626262626262625,-0.2117214324870202,-0.2117214324870202,-0.0,-0.0,,7.053525224066943,,,24,2,34
2021,广东,汕尾,1350.68,,,,0,1,0,0.0012626262626262625,-0.2117214324870202,-0.2117214324870202,-0.0,-0.0,,7.208363448320052,,,24,2,35
2022,广东,汕尾,1386.65,,,,0,1,0,0.0012626262626262625,-0.2117214324870202,-0.2117214324870202,-0.0,-0.0,,7.234646045284198,,,24,2,36
2005,广东,江门,809.94,,37000.0,,0,0,0,0.00016795431642593214,-0.22634514537416253,-0.0,-0.0,-0.0,10.518700218288165,6.696960170848791,45.682396226881,3.8433671391531514,18,2,19
2006,广东,江门,943.79,,,,0,0,0,0.00016795431642593214,-0.22634514537416253,-0.0,-0.0,-0.0,,6.849903683771013,,,18,2,20
2007,广东,江门,1097.26,,,,0,0,0,0.00016795431642593214,-0.22634514537416253,-0.0,-0.0,-0.0,,7.000571442220138,,,18,2,21
2008,广东,江门,1270.88,,,,0,0,0,0.00016795431642593214,-0.22634514537416253,-0.0,-0.0,-0.0,,7.147464852884822,,,18,2,22
2009,广东,江门,1340.88,,,,0,0,0,0.00016795431642593214,-0.22634514537416253,-0.0,-0.0,-0.0,,7.2010813938190035,,,18,2,23
2010,广东,江门,1595.24,,,,0,0,0,0.00016795431642593214,-0.22634514537416253,-0.0,-0.0,-0.0,,7.374779474118872,,,18,2,24
2011,广东,江门,1830.64,,,,0,0,0,0.00016795431642593214,-0.22634514537416253,-0.0,-0.0,-0.0,,7.512420911471269,,,18,2,25
2012,广东,江门,1880.39,,,,0,0,0,0.00016795431642593214,-0.22634514537416253,-0.0,-0.0,-0.0,,7.539234481118392,,,18,2,26
2013,广东,江门,2020.97,,,,0,0,0,0.00016795431642593214,-0.22634514537416253,-0.0,-0.0,-0.0,,7.61133287315688,,,18,2,27
2014,广东,江门,2136.12,,,,0,0,0,0.00016795431642593214,-0.22634514537416253,-0.0,-0.0,-0.0,,7.666746378277342,,,18,2,28
2015,广东,江门,2306.36,,,,0,0,0,0.00016795431642593214,-0.22634514537416253,-0.0,-0.0,-0.0,,7.743425803128361,,,18,2,29
2016,广东,江门,2517.85,0.01,,59.54,0,0,0,0.00016795431642593214,-0.22634514537416253,-0.0,-0.0,-0.0,,7.8311606417416995,,,18,2,30
2017,广东,江门,2787.4,0.01,,56.71,0,1,0,0.00016795431642593214,-0.22634514537416253,-0.22634514537416253,-0.0,-0.0,,7.93286454068541,,,18,2,31
2018,广东,江门,3066.61,0.01,,64.32,0,1,0,0.00016795431642593214,-0.22634514537416253,-0.22634514537416253,-0.0,-0.0,,8.028327995937428,,,18,2,32
2019,广东,江门,3230.79,0.01,6131.11,59.01,0,1,0,0.00016795431642593214,-0.22634514537416253,-0.22634514537416253,-0.0,-0.0,8.72129417851313,8.080481968354734,1.8977123242302965,1.0639215719699178,18,2,33
2020,广东,江门,3285.18,,,,0,1,0,0.00016795431642593214,-0.22634514537416253,-0.22634514537416253,-0.0,-0.0,,8.097176723938095,,,18,2,34
2021,广东,江门,3695.31,,,,0,1,0,0.00016795431642593214,-0.22634514537416253,-0.22634514537416253,-0.0,-0.0,,8.214819727021455,,,18,2,35
2022,广东,江门,3860.65,,,,0,1,0,0.00016795431642593214,-0.22634514537416253,-0.22634514537416253,-0.0,-0.0,,8.258590842064619,,,18,2,36
2005,广东,河源,208.37,,6000.0,,0,0,0,0.002508960573476703,-0.19507166340639762,-0.0,-0.0,-0.0,8.699681400989514,5.339315345582109,28.794932091951814,3.3943383150203696,25,2,19
2006,广东,河源,258.08,,,,0,0,0,0.002508960573476703,-0.19507166340639762,-0.0,-0.0,-0.0,,5.553269614376899,,,25,2,20
2007,广东,河源,329.61,,,,0,0,0,0.002508960573476703,-0.19507166340639762,-0.0,-0.0,-0.0,,5.797910137380899,,,25,2,21
2008,广东,河源,395.88,,,,0,0,0,0.002508960573476703,-0.19507166340639762,-0.0,-0.0,-0.0,,5.98111113502849,,,25,2,22
2009,广东,河源,405.5,,,,0,0,0,0.002508960573476703,-0.19507166340639762,-0.0,-0.0,-0.0,,6.005120873555468,,,25,2,23
2010,广东,河源,450.81,,,,0,0,0,0.002508960573476703,-0.19507166340639762,-0.0,-0.0,-0.0,,6.1110459647057445,,,25,2,24
2011,广东,河源,579.29,,,,0,0,0,0.002508960573476703,-0.19507166340639762,-0.0,-0.0,-0.0,,6.361803215740569,,,25,2,25
2012,广东,河源,615.26,,,,0,0,0,0.002508960573476703,-0.19507166340639762,-0.0,-0.0,-0.0,,6.4220449426945425,,,25,2,26
2013,广东,河源,668.92,,,,0,0,0,0.002508960573476703,-0.19507166340639762,-0.0,-0.0,-0.0,,6.505664471512922,,,25,2,27
2014,广东,河源,751.17,,,,0,0,0,0.002508960573476703,-0.19507166340639762,-0.0,-0.0,-0.0,,6.6216319909943495,,,25,2,28
2015,广东,河源,786.93,,,,0,0,0,0.002508960573476703,-0.19507166340639762,-0.0,-0.0,-0.0,,6.668139299099395,,,25,2,29
2016,广东,河源,864.87,0.07,,27.9,0,0,0,0.002508960573476703,-0.19507166340639762,-0.0,-0.0,-0.0,,6.762579206620012,,,25,2,30
2017,广东,河源,986.2,0.07,,28.1,0,1,0,0.002508960573476703,-0.19507166340639762,-0.19507166340639762,-0.0,-0.0,,6.893859173790026,,,25,2,31
2018,广东,河源,1024.85,0.04,,28.9,0,1,0,0.002508960573476703,-0.19507166340639762,-0.19507166340639762,-0.0,-0.0,,6.932301539400137,,,25,2,32
2019,广东,河源,1105.58,0.02,1641.73,27.23,0,1,0,0.002508960573476703,-0.19507166340639762,-0.19507166340639762,-0.0,-0.0,7.404114770996819,7.008125363124748,1.4849490765028313,0.9102521669856355,25,2,33
2020,广东,河源,1136.85,,,,0,1,0,0.002508960573476703,-0.19507166340639762,-0.19507166340639762,-0.0,-0.0,,7.036016558926148,,,25,2,34
2021,广东,河源,1301.26,,,,0,1,0,0.002508960573476703,-0.19507166340639762,-0.19507166340639762,-0.0,-0.0,,7.171088304817998,,,25,2,35
2022,广东,河源,1345.06,,,,0,1,0,0.002508960573476703,-0.19507166340639762,-0.19507166340639762,-0.0,-0.0,,7.204193900706385,,,25,2,36
2005,广东,深圳,,,43000.0,,0,0,0,0.0008767507616772243,-0.21687633990530922,-0.0,-0.0,-0.0,10.668978650219241,,,,14,2,19
2006,广东,深圳,,,,,0,0,0,0.0008767507616772243,-0.21687633990530922,-0.0,-0.0,-0.0,,,,,14,2,20
2007,广东,深圳,,,,,0,0,0,0.0008767507616772243,-0.21687633990530922,-0.0,-0.0,-0.0,,,,,14,2,21
2008,广东,深圳,,,,,0,0,0,0.0008767507616772243,-0.21687633990530922,-0.0,-0.0,-0.0,,,,,14,2,22
2009,广东,深圳,,,,,0,0,0,0.0008767507616772243,-0.21687633990530922,-0.0,-0.0,-0.0,,,,,14,2,23
2010,广东,深圳,,,,,0,0,0,0.0008767507616772243,-0.21687633990530922,-0.0,-0.0,-0.0,,,,,14,2,24
2011,广东,深圳,,,,,0,0,0,0.0008767507616772243,-0.21687633990530922,-0.0,-0.0,-0.0,,,,,14,2,25
2012,广东,深圳,,,,,0,0,0,0.0008767507616772243,-0.21687633990530922,-0.0,-0.0,-0.0,,,,,14,2,26
2013,广东,深圳,,,,,0,0,0,0.0008767507616772243,-0.21687633990530922,-0.0,-0.0,-0.0,,,,,14,2,27
2014,广东,深圳,,,,,0,0,0,0.0008767507616772243,-0.21687633990530922,-0.0,-0.0,-0.0,,,,,14,2,28
2015,广东,深圳,,,,,0,0,0,0.0008767507616772243,-0.21687633990530922,-0.0,-0.0,-0.0,,,,,14,2,29
2016,广东,深圳,19492.6,0.4,,456.23,0,0,0,0.0008767507616772243,-0.21687633990530922,-0.0,-0.0,-0.0,,9.87779018534887,,,14,2,30
2017,广东,深圳,22490.06,0.37,,463.79,0,1,0,0.0008767507616772243,-0.21687633990530922,-0.21687633990530922,-0.0,-0.0,,10.020828712802182,,,14,2,31
2018,广东,深圳,24221.98,0.37,,486.49,0,1,0,0.0008767507616772243,-0.21687633990530922,-0.21687633990530922,-0.0,-0.0,,10.095015764385007,,,14,2,32
2019,广东,深圳,26927.0,0.37,1549.08,495.61,0,1,0,0.0008767507616772243,-0.21687633990530922,-0.21687633990530922,-0.0,-0.0,7.346061821484618,10.200884779674478,0.05752887436402124,0.0559349359286793,14,2,33
2020,广东,深圳,27670.0,,,,0,1,0,0.0008767507616772243,-0.21687633990530922,-0.21687633990530922,-0.0,-0.0,,10.228104072780972,,,14,2,34
2021,广东,深圳,30665.0,,,,0,1,0,0.0008767507616772243,-0.21687633990530922,-0.21687633990530922,-0.0,-0.0,,10.330877218060085,,,14,2,35
2022,广东,深圳,32388.0,,,,0,1,0,0.0008767507616772243,-0.21687633990530922,-0.21687633990530922,-0.0,-0.0,,10.385543262806005,,,14,2,36
2005,广东,清远,327.92,,23000.0,,0,0,0,0.0013087557603686636,-0.21110518893299982,-0.0,-0.0,-0.0,10.043292972227004,5.792769676196082,70.13905830690412,4.264636529251141,27,2,19
2006,广东,清远,432.23,,,,0,0,0,0.0013087557603686636,-0.21110518893299982,-0.0,-0.0,-0.0,,6.068957853972979,,,27,2,20
2007,广东,清远,593.95,,,,0,0,0,0.0013087557603686636,-0.21110518893299982,-0.0,-0.0,-0.0,,6.386795140735549,,,27,2,21
2008,广东,清远,746.62,,,,0,0,0,0.0013087557603686636,-0.21110518893299982,-0.0,-0.0,-0.0,,6.6155563542277696,,,27,2,22
2009,广东,清远,861.59,,,,0,0,0,0.0013087557603686636,-0.21110518893299982,-0.0,-0.0,-0.0,,6.75877951946099,,,27,2,23
2010,广东,清远,879.58,,,,0,0,0,0.0013087557603686636,-0.21110518893299982,-0.0,-0.0,-0.0,,6.779444520814099,,,27,2,24
2011,广东,清远,1003.03,,,,0,0,0,0.0013087557603686636,-0.21110518893299982,-0.0,-0.0,-0.0,,6.910780697783824,,,27,2,25
2012,广东,清远,1025.03,,,,0,0,0,0.0013087557603686636,-0.21110518893299982,-0.0,-0.0,-0.0,,6.932477159436884,,,27,2,26
2013,广东,清远,1099.54,0.0263,,,0,0,0,0.0013087557603686636,-0.21110518893299982,-0.0,-0.0,-0.0,,7.002647189505879,,,27,2,27
2014,广东,清远,1216.13,0.047900000000000005,,,0,0,0,0.0013087557603686636,-0.21110518893299982,-0.0,-0.0,-0.0,,7.103428964706607,,,27,2,28
2015,广东,清远,1284.67,0.0505,,,0,0,0,0.0013087557603686636,-0.21110518893299982,-0.0,-0.0,-0.0,,7.158257155009634,,,27,2,29
2016,广东,清远,1428.42,0.0426,,32.55,0,0,0,0.0013087557603686636,-0.21110518893299982,-0.0,-0.0,-0.0,,7.264324217302472,,,27,2,30
2017,广东,清远,1501.19,0.0392,,32.9,0,1,0,0.0013087557603686636,-0.21110518893299982,-0.21110518893299982,-0.0,-0.0,,7.314013405901083,,,27,2,31
2018,广东,清远,1616.56,0.033100000000000004,,35.28,0,1,0,0.0013087557603686636,-0.21110518893299982,-0.21110518893299982,-0.0,-0.0,,7.38805571370524,,,27,2,32
2019,广东,清远,1752.26,0.028800000000000003,16506.25,32.84,0,1,0,0.0013087557603686636,-0.21110518893299982,-0.21110518893299982,-0.0,-0.0,9.711554957322818,7.468661662312359,9.41997762889069,2.3437248893834433,27,2,33
2020,广东,清远,1844.39,0.034800000000000005,,,0,1,0,0.0013087557603686636,-0.21110518893299982,-0.21110518893299982,-0.0,-0.0,,7.519903878500459,,,27,2,34
2021,广东,清远,2048.54,0.0354,,,0,1,0,0.0013087557603686636,-0.21110518893299982,-0.21110518893299982,-0.0,-0.0,,7.6248826232790785,,,27,2,35
2022,广东,清远,2111.57,0.015000000000000001,,,0,1,0,0.0013087557603686636,-0.21110518893299982,-0.21110518893299982,-0.0,-0.0,,7.655187025612318,,,27,2,36
2005,广东,湛江,689.28,,48000.0,,0,0,0,0.011276758409785932,-0.07794272934012783,-0.0,-0.0,-0.0,10.778977123006351,6.535647574527969,69.63788300835655,4.257566587108759,19,2,19
2006,广东,湛江,805.52,,,,0,0,0,0.011276758409785932,-0.07794272934012783,-0.0,-0.0,-0.0,,6.691488031607359,,,19,2,20
2007,广东,湛江,924.41,,,,0,0,0,0.011276758409785932,-0.07794272934012783,-0.0,-0.0,-0.0,,6.829155696169494,,,19,2,21
2008,广东,湛江,1099.41,,,,0,0,0,0.011276758409785932,-0.07794272934012783,-0.0,-0.0,-0.0,,7.002528951255668,,,19,2,22
2009,广东,湛江,1156.67,,,,0,0,0,0.011276758409785932,-0.07794272934012783,-0.0,-0.0,-0.0,,7.053300466113023,,,19,2,23
2010,广东,湛江,1407.51,,,,0,0,0,0.011276758409785932,-0.07794272934012783,-0.0,-0.0,-0.0,,7.249577464784344,,,19,2,24
2011,广东,湛江,1700.23,,,,0,0,0,0.011276758409785932,-0.07794272934012783,-0.0,-0.0,-0.0,,7.43851881501053,,,19,2,25
2012,广东,湛江,1860.22,,,,0,0,0,0.011276758409785932,-0.07794272934012783,-0.0,-0.0,-0.0,,7.528450039282663,,,19,2,26
2013,广东,湛江,2031.8,,,,0,0,0,0.011276758409785932,-0.07794272934012783,-0.0,-0.0,-0.0,,7.616677378657444,,,19,2,27
2014,广东,湛江,2235.91,,,,0,0,0,0.011276758409785932,-0.07794272934012783,-0.0,-0.0,-0.0,,7.712403583017691,,,19,2,28
2015,广东,湛江,2357.77,,,,0,0,0,0.011276758409785932,-0.07794272934012783,-0.0,-0.0,-0.0,,7.765471536051573,,,19,2,29
2016,广东,湛江,2531.62,0.59,,52.32,0,0,0,0.011276758409785932,-0.07794272934012783,-0.0,-0.0,-0.0,,7.836614693012147,,,19,2,30
2017,广东,湛江,2793.67,0.41,,50.87,0,1,0,0.011276758409785932,-0.07794272934012783,-0.07794272934012783,-0.0,-0.0,,7.935111422605123,,,19,2,31
2018,广东,湛江,3012.73,0.64,,53.5,0,1,0,0.011276758409785932,-0.07794272934012783,-0.07794272934012783,-0.0,-0.0,,8.010601923432226,,,19,2,32
2019,广东,湛江,3159.45,0.34,4233.18,45.85,0,1,0,0.011276758409785932,-0.07794272934012783,-0.07794272934012783,-0.0,-0.0,8.35094496378124,8.058153240799477,1.3398471252907944,0.8500855961631325,19,2,33
2020,广东,湛江,3195.35,,,,0,1,0,0.011276758409785932,-0.07794272934012783,-0.07794272934012783,-0.0,-0.0,,8.069451906977775,,,19,2,34
2021,广东,湛江,3615.7,,,,0,1,0,0.011276758409785932,-0.07794272934012783,-0.07794272934012783,-0.0,-0.0,,8.193040753468544,,,19,2,35
2022,广东,湛江,3764.87,,,,0,1,0,0.011276758409785932,-0.07794272934012783,-0.07794272934012783,-0.0,-0.0,,8.233468611085414,,,19,2,36
2005,广东,潮州,286.76,,4000.0,,0,0,0,0.0,-0.22858884560791237,-0.0,-0.0,-0.0,8.294299608857235,5.658645628984671,13.948946854512485,2.704640852841149,30,2,19
2006,广东,潮州,320.72,,,,0,0,0,0.0,-0.22858884560791237,-0.0,-0.0,-0.0,,5.770568468334251,,,30,2,20
2007,广东,潮州,372.8,,,,0,0,0,0.0,-0.22858884560791237,-0.0,-0.0,-0.0,,5.921042082811436,,,30,2,21
2008,广东,潮州,438.08,,,,0,0,0,0.0,-0.22858884560791237,-0.0,-0.0,-0.0,,6.082401542100084,,,30,2,22
2009,广东,潮州,480.18,,,,0,0,0,0.0,-0.22858884560791237,-0.0,-0.0,-0.0,,6.174161033607009,,,30,2,23
2010,广东,潮州,563.63,,,,0,0,0,0.0,-0.22858884560791237,-0.0,-0.0,-0.0,,6.334398007848495,,,30,2,24
2011,广东,潮州,647.22,,,,0,0,0,0.0,-0.22858884560791237,-0.0,-0.0,-0.0,,6.4726862676153925,,,30,2,25
2012,广东,潮州,706.65,,,,0,0,0,0.0,-0.22858884560791237,-0.0,-0.0,-0.0,,6.56053549381416,,,30,2,26
2013,广东,潮州,772.28,,,,0,0,0,0.0,-0.22858884560791237,-0.0,-0.0,-0.0,,6.649347178567616,,,30,2,27
2014,广东,潮州,842.43,,,,0,0,0,0.0,-0.22858884560791237,-0.0,-0.0,-0.0,,6.736290572721267,,,30,2,28
2015,广东,潮州,902.1,,,,0,0,0,0.0,-0.22858884560791237,-0.0,-0.0,-0.0,,6.804725378662593,,,30,2,29
2016,广东,潮州,962.29,0.0,,20.17,0,0,0,0.0,-0.22858884560791237,-0.0,-0.0,-0.0,,6.8693158605386415,,,30,2,30
2017,广东,潮州,979.27,0.0,,18.54,0,1,0,0.0,-0.22858884560791237,-0.22858884560791237,-0.0,-0.0,,6.886807396131098,,,30,2,31
2018,广东,潮州,1031.06,0.0,,17.92,0,1,0,0.0,-0.22858884560791237,-0.22858884560791237,-0.0,-0.0,,6.938342678249928,,,30,2,32
2019,广东,潮州,1108.53,0.0,2598.26,16.43,0,1,0,0.0,-0.22858884560791237,-0.22858884560791237,-0.0,-0.0,7.862982068114313,7.0107900922896125,2.343878830523306,1.2071314596745997,30,2,33
2020,广东,潮州,1119.17,,,,0,1,0,0.0,-0.22858884560791237,-0.22858884560791237,-0.0,-0.0,,7.0203426181314,,,30,2,34
2021,广东,潮州,1259.89,,,,0,1,0,0.0,-0.22858884560791237,-0.22858884560791237,-0.0,-0.0,,7.138779694547217,,,30,2,35
2022,广东,潮州,1326.71,,,,0,1,0,0.0,-0.22858884560791237,-0.22858884560791237,-0.0,-0.0,,7.190457472393522,,,30,2,36
2005,广东,珠海,651.32,,38000.0,,0,0,0,0.00041028446389496716,-0.223107859068629,-0.0,-0.0,-0.0,10.545367754151743,6.479001072896019,58.34305717619603,4.083335133188365,15,2,19
2006,广东,珠海,746.46,,,,0,0,0,0.00041028446389496716,-0.223107859068629,-0.0,-0.0,-0.0,,6.615342032154454,,,15,2,20
2007,广东,珠海,894.81,,,,0,0,0,0.00041028446389496716,-0.223107859068629,-0.0,-0.0,-0.0,,6.796611405235244,,,15,2,21
2008,广东,珠海,997.16,,,,0,0,0,0.00041028446389496716,-0.223107859068629,-0.0,-0.0,-0.0,,6.904911238530402,,,15,2,22
2009,广东,珠海,1038.66,,,,0,0,0,0.00041028446389496716,-0.223107859068629,-0.0,-0.0,-0.0,,6.945686699816693,,,15,2,23
2010,广东,珠海,1265.21,,,,0,0,0,0.00041028446389496716,-0.223107859068629,-0.0,-0.0,-0.0,,7.142993395288972,,,15,2,24
2011,广东,珠海,1404.93,,,,0,0,0,0.00041028446389496716,-0.223107859068629,-0.0,-0.0,-0.0,,7.247742758462629,,,15,2,25
2012,广东,珠海,1503.76,,,,0,0,0,0.00041028446389496716,-0.223107859068629,-0.0,-0.0,-0.0,,7.31572391730834,,,15,2,26
2013,广东,珠海,1780.87,,,,0,0,0,0.00041028446389496716,-0.223107859068629,-0.0,-0.0,-0.0,,7.484857287924835,,,15,2,27
2014,广东,珠海,2054.85,,,,0,0,0,0.00041028446389496716,-0.223107859068629,-0.0,-0.0,-0.0,,7.627958131565508,,,15,2,28
2015,广东,珠海,2251.31,,,,0,0,0,0.00041028446389496716,-0.223107859068629,-0.0,-0.0,-0.0,,7.719267547995089,,,15,2,29
2016,广东,珠海,2490.42,0.03,,73.12,0,0,0,0.00041028446389496716,-0.223107859068629,-0.0,-0.0,-0.0,,7.820206649933571,,,15,2,30
2017,广东,珠海,2978.73,0.03,,76.2,0,1,0,0.00041028446389496716,-0.223107859068629,-0.223107859068629,-0.0,-0.0,,7.999252314164646,,,15,2,31
2018,广东,珠海,3262.38,0.03,,77.6,0,1,0,0.00041028446389496716,-0.223107859068629,-0.223107859068629,-0.0,-0.0,,8.090212269345294,,,15,2,32
2019,广东,珠海,3536.42,0.02,1904.01,76.08,0,1,0,0.00041028446389496716,-0.223107859068629,-0.223107859068629,-0.0,-0.0,7.552242536890856,8.170870194984495,0.5384004162401524,0.4307431858593181,15,2,33
2020,广东,珠海,3586.22,,,,0,1,0,0.00041028446389496716,-0.223107859068629,-0.223107859068629,-0.0,-0.0,,8.184854001976515,,,15,2,34
2021,广东,珠海,3997.86,,,,0,1,0,0.00041028446389496716,-0.223107859068629,-0.223107859068629,-0.0,-0.0,,8.293514496938464,,,15,2,35
2022,广东,珠海,4189.55,,,,0,1,0,0.00041028446389496716,-0.223107859068629,-0.223107859068629,-0.0,-0.0,,8.340348608580525,,,15,2,36
2005,广东,肇庆,427.18,,26000.0,,0,0,0,0.0037780401416765055,-0.1781180406331909,-0.0,-0.0,-0.0,10.165890277802454,6.057205470070659,60.86427267194157,4.124942834899852,21,2,19
2006,广东,肇庆,472.04,,,,0,0,0,0.0037780401416765055,-0.1781180406331909,-0.0,-0.0,-0.0,,6.157063727757548,,,21,2,20
2007,广东,肇庆,571.25,,,,0,0,0,0.0037780401416765055,-0.1781180406331909,-0.0,-0.0,-0.0,,6.347826942208415,,,21,2,21
2008,广东,肇庆,707.8,,,,0,0,0,0.0037780401416765055,-0.1781180406331909,-0.0,-0.0,-0.0,,6.562161567911363,,,21,2,22
2009,广东,肇庆,793.41,,,,0,0,0,0.0037780401416765055,-0.1781180406331909,-0.0,-0.0,-0.0,,6.6763401119836585,,,21,2,23
2010,广东,肇庆,980.7,,,,0,0,0,0.0037780401416765055,-0.1781180406331909,-0.0,-0.0,-0.0,,6.888266602398275,,,21,2,24
2011,广东,肇庆,1169.41,,,,0,0,0,0.0037780401416765055,-0.1781180406331909,-0.0,-0.0,-0.0,,7.064254627098885,,,21,2,25
2012,广东,肇庆,1279.64,,,,0,0,0,0.0037780401416765055,-0.1781180406331909,-0.0,-0.0,-0.0,,7.154334067355465,,,21,2,26
2013,广东,肇庆,1437.04,,,,0,0,0,0.0037780401416765055,-0.1781180406331909,-0.0,-0.0,-0.0,,7.27034072146058,,,21,2,27
2014,广东,肇庆,1595.9,,,,0,0,0,0.0037780401416765055,-0.1781180406331909,-0.0,-0.0,-0.0,,7.37519311940514,,,21,2,28
2015,广东,肇庆,1706.88,,,,0,0,0,0.0037780401416765055,-0.1781180406331909,-0.0,-0.0,-0.0,,7.442422421553595,,,21,2,29
2016,广东,肇庆,1827.6,0.16,,42.35,0,0,0,0.0037780401416765055,-0.1781180406331909,-0.0,-0.0,-0.0,,7.510758909689116,,,21,2,30
2017,广东,肇庆,1987.29,0.13,,39.29,0,1,0,0.0037780401416765055,-0.1781180406331909,-0.1781180406331909,-0.0,-0.0,,7.594527180568678,,,21,2,31
2018,广东,肇庆,2133.63,0.13,,38.62,0,1,0,0.0037780401416765055,-0.1781180406331909,-0.1781180406331909,-0.0,-0.0,,7.66558003351136,,,21,2,32
2019,广东,肇庆,2295.19,0.13,11978.51,35.11,0,1,0,0.0037780401416765055,-0.1781180406331909,-0.1781180406331909,-0.0,-0.0,9.390952969330447,7.738570907738876,5.218962264561975,1.8276030543371389,21,2,33
2020,广东,肇庆,2388.73,,,,0,1,0,0.0037780401416765055,-0.1781180406331909,-0.1781180406331909,-0.0,-0.0,,7.778517122939632,,,21,2,34
2021,广东,肇庆,2719.29,,,,0,1,0,0.0037780401416765055,-0.1781180406331909,-0.1781180406331909,-0.0,-0.0,,7.908126095804172,,,21,2,35
2022,广东,肇庆,2810.71,,,,0,1,0,0.0037780401416765055,-0.1781180406331909,-0.1781180406331909,-0.0,-0.0,,7.9411923994514915,,,21,2,36
2005,广东,茂名,748.03,,,,0,0,0,,,,,,,6.617443084122087,,,20,2,19
2006,广东,茂名,872.95,,,,0,0,0,,,,,,,6.7718782804307835,,,20,2,20
2007,广东,茂名,997.08,,,,0,0,0,,,,,,,6.904831007464891,,,20,2,21
2008,广东,茂名,1177.84,,,,0,0,0,,,,,,,7.071437531557153,,,20,2,22
2009,广东,茂名,1231.25,,,,0,0,0,,,,,,,7.115785192486299,,,20,2,23
2010,广东,茂名,1499.94,,,,0,0,0,,,,,,,7.31318038629028,,,20,2,24
2011,广东,茂名,1745.31,,,,0,0,0,,,,,,,7.464687469288358,,,20,2,25
2012,广东,茂名,1936.18,,,,0,0,0,,,,,,,7.568472238721207,,,20,2,26
2013,广东,茂名,2186.93,,,,0,0,0,,,,,,,7.690254012848564,,,20,2,27
2014,广东,茂名,2400.83,,,,0,0,0,,,,,,,7.783569789882807,,,20,2,28
2015,广东,茂名,2449.59,,,,0,0,0,,,,,,,7.803675942595936,,,20,2,29
2016,广东,茂名,2641.25,,,46.46,0,0,0,,,,,,,7.879007568930266,,,20,2,30
2017,广东,茂名,2917.24,,,49.36,0,1,0,,,,,,,7.97839324279449,,,20,2,31
2018,广东,茂名,3149.45,,,46.34,0,1,0,,,,,,,8.054983113400167,,,20,2,32
2019,广东,茂名,3335.02,,,49.59,0,1,0,,,,,,,8.112233955333242,,,20,2,33
2020,广东,茂名,3383.02,,,,0,1,0,,,,,,,8.126524080675736,,,20,2,34
2021,广东,茂名,3761.42,,,,0,1,0,,,,,,,8.23255182466298,,,20,2,35
2022,广东,茂名,3916.81,,,,0,1,0,,,,,,,8.273032825979268,,,20,2,36
2005,广东,阳江,298.5,,5000.0,,0,0,0,0.0004123711340206186,-0.22307998326080036,-0.0,-0.0,-0.0,8.517393171418904,5.698769932832657,16.75041876046901,2.876409107782234,26,2,19
2006,广东,阳江,346.14,,,,0,0,0,0.0004123711340206186,-0.22307998326080036,-0.0,-0.0,-0.0,,5.846843317496853,,,26,2,20
2007,广东,阳江,405.29,,,,0,0,0,0.0004123711340206186,-0.22307998326080036,-0.0,-0.0,-0.0,,6.00460286024821,,,26,2,21
2008,广东,阳江,480.5,,,,0,0,0,0.0004123711340206186,-0.22307998326080036,-0.0,-0.0,-0.0,,6.174827228410347,,,26,2,22
2009,广东,阳江,527.27,,,,0,0,0,0.0004123711340206186,-0.22307998326080036,-0.0,-0.0,-0.0,,6.26771275130897,,,26,2,23
2010,广东,阳江,623.98,,,,0,0,0,0.0004123711340206186,-0.22307998326080036,-0.0,-0.0,-0.0,,6.436118316573723,,,26,2,24
2011,广东,阳江,766.82,,,,0,0,0,0.0004123711340206186,-0.22307998326080036,-0.0,-0.0,-0.0,,6.642252093251797,,,26,2,25
2012,广东,阳江,887.03,,,,0,0,0,0.0004123711340206186,-0.22307998326080036,-0.0,-0.0,-0.0,,6.78787880360911,,,26,2,26
2013,广东,阳江,971.17,,,,0,0,0,0.0004123711340206186,-0.22307998326080036,-0.0,-0.0,-0.0,,6.8785015302070525,,,26,2,27
2014,广东,阳江,1083.61,,,,0,0,0,0.0004123711340206186,-0.22307998326080036,-0.0,-0.0,-0.0,,6.988053338665958,,,26,2,28
2015,广东,阳江,1124.25,,,,0,0,0,0.0004123711340206186,-0.22307998326080036,-0.0,-0.0,-0.0,,7.024871425650817,,,26,2,29
2016,广东,阳江,1137.22,0.01,,24.25,0,0,0,0.0004123711340206186,-0.22307998326080036,-0.0,-0.0,-0.0,,7.036341966678121,,,26,2,30
2017,广东,阳江,1165.05,0.01,,23.74,0,1,0,0.0004123711340206186,-0.22307998326080036,-0.22307998326080036,-0.0,-0.0,,7.060519283533766,,,26,2,31
2018,广东,阳江,1197.58,0.01,,20.08,0,1,0,0.0004123711340206186,-0.22307998326080036,-0.22307998326080036,-0.0,-0.0,,7.088058132899171,,,26,2,32
2019,广东,阳江,1330.93,0.01,5478.73,20.46,0,1,0,0.0004123711340206186,-0.22307998326080036,-0.22307998326080036,-0.0,-0.0,8.608811108655258,7.193633224976039,4.116467432547166,1.6324642463425851,26,2,33
2020,广东,阳江,1366.18,,,,0,1,0,0.0004123711340206186,-0.22307998326080036,-0.22307998326080036,-0.0,-0.0,,7.219773803045522,,,26,2,34
2021,广东,阳江,1528.86,,,,0,1,0,0.0004123711340206186,-0.22307998326080036,-0.22307998326080036,-0.0,-0.0,,7.332277638623759,,,26,2,35
2022,广东,阳江,1560.32,,,,0,1,0,0.0004123711340206186,-0.22307998326080036,-0.22307998326080036,-0.0,-0.0,,7.352646207412797,,,26,2,36
2005,广东,韶关,340.78,,60000.0,,0,0,0,0.018794749403341287,0.022490046122408337,0.0,0.0,0.0,11.002116507732017,5.831237107787093,176.06667057925935,5.176526331590835,13,2,19
2006,广东,韶关,404.61,,,,0,0,0,0.018794749403341287,0.022490046122408337,0.0,0.0,0.0,,6.002923640196876,,,13,2,20
2007,广东,韶关,481.14,,,,0,0,0,0.018794749403341287,0.022490046122408337,0.0,0.0,0.0,,6.1761582880469925,,,13,2,21
2008,广东,韶关,553.85,,,,0,0,0,0.018794749403341287,0.022490046122408337,0.0,0.0,0.0,,6.316893891962942,,,13,2,22
2009,广东,韶关,578.75,,,,0,0,0,0.018794749403341287,0.022490046122408337,0.0,0.0,0.0,,6.360870605400444,,,13,2,23
2010,广东,韶关,635.55,,,,0,0,0,0.018794749403341287,0.022490046122408337,0.0,0.0,0.0,,6.454490765740678,,,13,2,24
2011,广东,韶关,816.81,,,,0,0,0,0.018794749403341287,0.022490046122408337,0.0,0.0,0.0,,6.7054065096746305,,,13,2,25
2012,广东,韶关,906.48,,,,0,0,0,0.018794749403341287,0.022490046122408337,0.0,0.0,0.0,,6.809568967072311,,,13,2,26
2013,广东,韶关,898.41,,,,0,0,0,0.018794749403341287,0.022490046122408337,0.0,0.0,0.0,,6.800626534261662,,,13,2,27
2014,广东,韶关,979.71,,,,0,0,0,0.018794749403341287,0.022490046122408337,0.0,0.0,0.0,,6.887256609504791,,,13,2,28
2015,广东,韶关,1009.57,,,,0,0,0,0.018794749403341287,0.022490046122408337,0.0,0.0,0.0,,6.9172797766069465,,,13,2,29
2016,广东,韶关,1066.04,0.63,,33.52,0,0,0,0.018794749403341287,0.022490046122408337,0.0,0.0,0.0,,6.9717061274739605,,,13,2,30
2017,广东,韶关,1166.52,0.42,,32.0,0,1,0,0.018794749403341287,0.022490046122408337,0.022490046122408337,0.0,0.0,,7.061780236620978,,,13,2,31
2018,广东,韶关,1262.28,0.42,,31.27,0,1,0,0.018794749403341287,0.022490046122408337,0.022490046122408337,0.0,0.0,,7.140674888539183,,,13,2,32
2019,广东,韶关,1361.64,0.39,7577.57,30.74,0,1,0,0.018794749403341287,0.022490046122408337,0.022490046122408337,0.0,0.0,8.933079806485384,7.216445134590899,5.56503187332922,1.8817573627816975,13,2,33
2020,广东,韶关,1390.25,,,,0,1,0,0.018794749403341287,0.022490046122408337,0.022490046122408337,0.0,0.0,,7.237238866067673,,,13,2,34
2021,广东,韶关,1560.26,,,,0,1,0,0.018794749403341287,0.022490046122408337,0.022490046122408337,0.0,0.0,,7.3526077530229035,,,13,2,35
2022,广东,韶关,1576.54,,,,0,1,0,0.018794749403341287,0.022490046122408337,0.022490046122408337,0.0,0.0,,7.362987851324193,,,13,2,36
2005,新疆,乌鲁木齐,593.54,,,,0,0,0,0.020641254988303288,0.04715749796742658,0.0,0.0,0.0,,6.3861046085773125,,,33,3,37
2006,新疆,乌鲁木齐,692.43,,,,0,0,0,0.020641254988303288,0.04715749796742658,0.0,0.0,0.0,,6.540207149919769,,,33,3,38
2007,新疆,乌鲁木齐,820.28,,,,0,0,0,0.020641254988303288,0.04715749796742658,0.0,0.0,0.0,,6.709645745387569,,,33,3,39
2008,新疆,乌鲁木齐,1014.61,,,,0,0,0,0.020641254988303288,0.04715749796742658,0.0,0.0,0.0,,6.922259581184945,,,33,3,40
2009,新疆,乌鲁木齐,1094.52,,,,0,0,0,0.020641254988303288,0.04715749796742658,0.0,0.0,0.0,,6.998071189980068,,,33,3,41
2010,新疆,乌鲁木齐,1338.52,,,,0,0,0,0.020641254988303288,0.04715749796742658,0.0,0.0,0.0,,7.19931980494814,,,33,3,42
2011,新疆,乌鲁木齐,1690.03,,,,0,0,0,0.020641254988303288,0.04715749796742658,0.0,0.0,0.0,,7.432501559238854,,,33,3,43
2012,新疆,乌鲁木齐,2004.07,,,,0,0,0,0.020641254988303288,0.04715749796742658,0.0,0.0,0.0,,7.602935391734433,,,33,3,44
2013,新疆,乌鲁木齐,2202.85,,,,0,0,0,0.020641254988303288,0.04715749796742658,0.0,0.0,0.0,,7.697507255514597,,,33,3,45
2014,新疆,乌鲁木齐,2461.47,,,,0,0,0,0.020641254988303288,0.04715749796742658,0.0,0.0,0.0,,7.808514011433552,,,33,3,46
2015,新疆,乌鲁木齐,2631.64,,,,0,0,0,0.020641254988303288,0.04715749796742658,0.0,0.0,0.0,,7.875362504974727,,,33,3,47
2016,新疆,乌鲁木齐,2458.98,1.5,,72.67,0,0,0,0.020641254988303288,0.04715749796742658,0.0,0.0,0.0,,7.807501908795561,,,33,3,48
2017,新疆,乌鲁木齐,2743.82,1.46,,72.37,0,1,0,0.020641254988303288,0.04715749796742658,0.04715749796742658,0.0,0.0,,7.917106389026516,,,33,3,49
2018,新疆,乌鲁木齐,3099.77,1.19,,73.2,0,1,0,0.020641254988303288,0.04715749796742658,0.04715749796742658,0.0,0.0,,8.039083194172374,,,33,3,50
2019,新疆,乌鲁木齐,3413.26,1.11,,77.7,0,1,0,0.020641254988303288,0.04715749796742658,0.04715749796742658,0.0,0.0,,8.135423125319596,,,33,3,51
2020,新疆,乌鲁木齐,3337.32,,,,0,1,0,0.020641254988303288,0.04715749796742658,0.04715749796742658,0.0,0.0,,8.112923368669822,,,33,3,52
2021,新疆,乌鲁木齐,3691.57,,,,0,1,0,0.020641254988303288,0.04715749796742658,0.04715749796742658,0.0,0.0,,8.21380712080081,,,33,3,53
2022,新疆,乌鲁木齐,3893.22,,,,0,1,0,0.020641254988303288,0.04715749796742658,0.04715749796742658,0.0,0.0,,8.266991857701376,,,33,3,54
2005,新疆,伊犁州,,,,,0,0,0,,,,,,,,,,44,3,37
2006,新疆,伊犁州,,,,,0,0,0,,,,,,,,,,44,3,38
2007,新疆,伊犁州,,,,,0,0,0,,,,,,,,,,44,3,39
2008,新疆,伊犁州,,,,,0,0,0,,,,,,,,,,44,3,40
2009,新疆,伊犁州,,,,,0,0,0,,,,,,,,,,44,3,41
2010,新疆,伊犁州,,,,,0,0,0,,,,,,,,,,44,3,42
2011,新疆,伊犁州,,,,,0,0,0,,,,,,,,,,44,3,43
2012,新疆,伊犁州,,,,,0,0,0,,,,,,,,,,44,3,44
2013,新疆,伊犁州,,,,,0,0,0,,,,,,,,,,44,3,45
2014,新疆,伊犁州,,,,,0,0,0,,,,,,,,,,44,3,46
2015,新疆,伊犁州,,,,,0,0,0,,,,,,,,,,44,3,47
2016,新疆,伊犁州,,,,,0,0,0,,,,,,,,,,44,3,48
2017,新疆,伊犁州,,,,,0,1,0,,,,,,,,,,44,3,49
2018,新疆,伊犁州,,,,,0,1,0,,,,,,,,,,44,3,50
2019,新疆,伊犁州,,,,,0,1,0,,,,,,,,,,44,3,51
2020,新疆,伊犁州,,,,,0,1,0,,,,,,,,,,44,3,52
2021,新疆,伊犁州,,,,,0,1,0,,,,,,,,,,44,3,53
2022,新疆,伊犁州,,,,,0,1,0,,,,,,,,,,44,3,54
2005,新疆,克孜勒苏州,,,,,0,0,0,,,,,,,,,,41,3,37
2006,新疆,克孜勒苏州,,,,,0,0,0,,,,,,,,,,41,3,38
2007,新疆,克孜勒苏州,,,,,0,0,0,,,,,,,,,,41,3,39
2008,新疆,克孜勒苏州,,,,,0,0,0,,,,,,,,,,41,3,40
2009,新疆,克孜勒苏州,,,,,0,0,0,,,,,,,,,,41,3,41
2010,新疆,克孜勒苏州,,,,,0,0,0,,,,,,,,,,41,3,42
2011,新疆,克孜勒苏州,,,,,0,0,0,,,,,,,,,,41,3,43
2012,新疆,克孜勒苏州,,,,,0,0,0,,,,,,,,,,41,3,44
2013,新疆,克孜勒苏州,,,,,0,0,0,,,,,,,,,,41,3,45
2014,新疆,克孜勒苏州,,,,,0,0,0,,,,,,,,,,41,3,46
2015,新疆,克孜勒苏州,,,,,0,0,0,,,,,,,,,,41,3,47
2016,新疆,克孜勒苏州,,,,,0,0,0,,,,,,,,,,41,3,48
2017,新疆,克孜勒苏州,,,,,0,1,0,,,,,,,,,,41,3,49
2018,新疆,克孜勒苏州,,,,,0,1,0,,,,,,,,,,41,3,50
2019,新疆,克孜勒苏州,,,,,0,1,0,,,,,,,,,,41,3,51
2020,新疆,克孜勒苏州,,,,,0,1,0,,,,,,,,,,41,3,52
2021,新疆,克孜勒苏州,,,,,0,1,0,,,,,,,,,,41,3,53
2022,新疆,克孜勒苏州,,,,,0,1,0,,,,,,,,,,41,3,54
2005,新疆,克拉玛依,385.73,,,,1,0,0,0.4052600119545726,5.185276084460341,0.0,5.185276084460341,0.0,,5.9551376428479665,,,34,3,37
2006,新疆,克拉玛依,473.26,,,,1,0,0,0.4052600119545726,5.185276084460341,0.0,5.185276084460341,0.0,,6.1596449203469055,,,34,3,38
2007,新疆,克拉玛依,515.13,,,,1,0,0,0.4052600119545726,5.185276084460341,0.0,5.185276084460341,0.0,,6.244419295993821,,,34,3,39
2008,新疆,克拉玛依,661.21,,,,1,0,0,0.4052600119545726,5.185276084460341,0.0,5.185276084460341,0.0,,6.494071489849441,,,34,3,40
2009,新疆,克拉玛依,480.29,,,,1,0,0,0.4052600119545726,5.185276084460341,0.0,5.185276084460341,0.0,,6.1743900881334,,,34,3,41
2010,新疆,克拉玛依,711.35,,,,1,0,0,0.4052600119545726,5.185276084460341,0.0,5.185276084460341,0.0,,6.567164573097176,,,34,3,42
2011,新疆,克拉玛依,801.69,,,,1,0,0,0.4052600119545726,5.185276084460341,0.0,5.185276084460341,0.0,,6.686721999477285,,,34,3,43
2012,新疆,克拉玛依,810.71,,,,1,0,0,0.4052600119545726,5.185276084460341,0.0,5.185276084460341,0.0,,6.697910406936705,,,34,3,44
2013,新疆,克拉玛依,853.11,,,,1,0,0,0.4052600119545726,5.185276084460341,0.0,5.185276084460341,0.0,,6.74888849580117,,,34,3,45
2014,新疆,克拉玛依,847.67,,,,1,0,0,0.4052600119545726,5.185276084460341,0.0,5.185276084460341,0.0,,6.742491409109628,,,34,3,46
2015,新疆,克拉玛依,629.43,,,,1,0,0,0.4052600119545726,5.185276084460341,0.0,5.185276084460341,0.0,,6.444814647936719,,,34,3,47
2016,新疆,克拉玛依,621.0,6.78,,16.73,1,0,0,0.4052600119545726,5.185276084460341,0.0,5.185276084460341,0.0,,6.431331081933479,,,34,3,48
2017,新疆,克拉玛依,744.5,6.63,,17.64,1,1,1,0.4052600119545726,5.185276084460341,5.185276084460341,5.185276084460341,5.185276084460341,,6.612712852124064,,,34,3,49
2018,新疆,克拉玛依,898.14,6.32,,17.72,1,1,1,0.4052600119545726,5.185276084460341,5.185276084460341,5.185276084460341,5.185276084460341,,6.8003259581552,,,34,3,50
2019,新疆,克拉玛依,972.9,5.67,,14.91,1,1,1,0.4052600119545726,5.185276084460341,5.185276084460341,5.185276084460341,5.185276084460341,,6.880281301981382,,,34,3,51
2020,新疆,克拉玛依,886.9,,,,1,1,1,0.4052600119545726,5.185276084460341,5.185276084460341,5.185276084460341,5.185276084460341,,6.787732236382407,,,34,3,52
2021,新疆,克拉玛依,1072.13,,,,1,1,1,0.4052600119545726,5.185276084460341,5.185276084460341,5.185276084460341,5.185276084460341,,6.9774026029350145,,,34,3,53
2022,新疆,克拉玛依,1188.1,,,,1,1,1,0.4052600119545726,5.185276084460341,5.185276084460341,5.185276084460341,5.185276084460341,,7.080110671464242,,,34,3,54
2005,新疆,博尔塔拉州,,,,,0,0,0,,,,,,,,,,38,3,37
2006,新疆,博尔塔拉州,,,,,0,0,0,,,,,,,,,,38,3,38
2007,新疆,博尔塔拉州,,,,,0,0,0,,,,,,,,,,38,3,39
2008,新疆,博尔塔拉州,,,,,0,0,0,,,,,,,,,,38,3,40
2009,新疆,博尔塔拉州,,,,,0,0,0,,,,,,,,,,38,3,41
2010,新疆,博尔塔拉州,,,,,0,0,0,,,,,,,,,,38,3,42
2011,新疆,博尔塔拉州,,,,,0,0,0,,,,,,,,,,38,3,43
2012,新疆,博尔塔拉州,,,,,0,0,0,,,,,,,,,,38,3,44
2013,新疆,博尔塔拉州,,,,,0,0,0,,,,,,,,,,38,3,45
2014,新疆,博尔塔拉州,,,,,0,0,0,,,,,,,,,,38,3,46
2015,新疆,博尔塔拉州,,,,,0,0,0,,,,,,,,,,38,3,47
2016,新疆,博尔塔拉州,,,,,0,0,0,,,,,,,,,,38,3,48
2017,新疆,博尔塔拉州,,,,,0,1,0,,,,,,,,,,38,3,49
2018,新疆,博尔塔拉州,,,,,0,1,0,,,,,,,,,,38,3,50
2019,新疆,博尔塔拉州,,,,,0,1,0,,,,,,,,,,38,3,51
2020,新疆,博尔塔拉州,,,,,0,1,0,,,,,,,,,,38,3,52
2021,新疆,博尔塔拉州,,,,,0,1,0,,,,,,,,,,38,3,53
2022,新疆,博尔塔拉州,,,,,0,1,0,,,,,,,,,,38,3,54
2005,新疆,吐鲁番,119.77380000000001,,,,0,0,0,,,,,,,4.785604963933776,,,35,3,37
2006,新疆,吐鲁番,148.2271,,,,0,0,0,,,,,,,4.998745557143603,,,35,3,38
2007,新疆,吐鲁番,172.0268,,,,0,0,0,,,,,,,5.147650278629208,,,35,3,39
2008,新疆,吐鲁番,201.2271,,,,0,0,0,,,,,,,5.304434121004358,,,35,3,40
2009,新疆,吐鲁番,154.5755,,,,0,0,0,,,,,,,5.040682650115125,,,35,3,41
2010,新疆,吐鲁番,182.78660000000002,,,,0,0,0,,,,,,,5.20831935217562,,,35,3,42
2011,新疆,吐鲁番,221.43220000000002,,,,0,0,0,,,,,,,5.400116447820486,,,35,3,43
2012,新疆,吐鲁番,243.3907,,,,0,0,0,,,,,,,5.494667971113513,,,35,3,44
2013,新疆,吐鲁番,260.8927,,,,0,0,0,,,,,,,5.564109211682242,,,35,3,45
2014,新疆,吐鲁番,260.0194,,,,0,0,0,,,,,,,5.560756243616554,,,35,3,46
2015,新疆,吐鲁番,208.58460000000002,,,,0,0,0,,,,,,,5.34034471433808,,,35,3,47
2016,新疆,吐鲁番,221.5653,,,,0,0,0,,,,,,,5.400717354164224,,,35,3,48
2017,新疆,吐鲁番,267.1548,1.8,,14.67,0,1,0,,,,,,,5.587828265676394,,,35,3,49
2018,新疆,吐鲁番,310.5938,1.63,,16.2,0,1,0,,,,,,,5.738485949150256,,,35,3,50
2019,新疆,吐鲁番,384.4809,1.49,,16.21,0,1,0,,,,,,,5.951894112809389,,,35,3,51
2020,新疆,吐鲁番,373.4134,,,,0,1,0,,,,,,,5.922686116912567,,,35,3,52
2021,新疆,吐鲁番,433.34680000000003,,,,0,1,0,,,,,,,6.071538331221718,,,35,3,53
2022,新疆,吐鲁番,526.5600000000001,,,,0,1,0,,,,,,,6.26636528519503,,,35,3,54
2005,新疆,和田地区,,,,,0,0,0,,,,,,,,,,43,3,37
2006,新疆,和田地区,,,,,0,0,0,,,,,,,,,,43,3,38
2007,新疆,和田地区,,,,,0,0,0,,,,,,,,,,43,3,39
2008,新疆,和田地区,,,,,0,0,0,,,,,,,,,,43,3,40
2009,新疆,和田地区,,,,,0,0,0,,,,,,,,,,43,3,41
2010,新疆,和田地区,,,,,0,0,0,,,,,,,,,,43,3,42
2011,新疆,和田地区,,,,,0,0,0,,,,,,,,,,43,3,43
2012,新疆,和田地区,,,,,0,0,0,,,,,,,,,,43,3,44
2013,新疆,和田地区,,,,,0,0,0,,,,,,,,,,43,3,45
2014,新疆,和田地区,,,,,0,0,0,,,,,,,,,,43,3,46
2015,新疆,和田地区,,,,,0,0,0,,,,,,,,,,43,3,47
2016,新疆,和田地区,,,,,0,0,0,,,,,,,,,,43,3,48
2017,新疆,和田地区,,,,,0,1,0,,,,,,,,,,43,3,49
2018,新疆,和田地区,,,,,0,1,0,,,,,,,,,,43,3,50
2019,新疆,和田地区,,,,,0,1,0,,,,,,,,,,43,3,51
2020,新疆,和田地区,,,,,0,1,0,,,,,,,,,,43,3,52
2021,新疆,和田地区,,,,,0,1,0,,,,,,,,,,43,3,53
2022,新疆,和田地区,,,,,0,1,0,,,,,,,,,,43,3,54
2005,新疆,哈密,68.5715,,,,1,0,0,,,,,,,4.227876996512747,,,36,3,37
2006,新疆,哈密,77.63550000000001,,,,1,0,0,,,,,,,4.352024796806546,,,36,3,38
2007,新疆,哈密,91.9912,,,,1,0,0,,,,,,,4.521692920300167,,,36,3,39
2008,新疆,哈密,126.8961,,,,1,0,0,,,,,,,4.843368641387558,,,36,3,40
2009,新疆,哈密,130.31560000000002,,,,1,0,0,,,,,,,4.869959200678992,,,36,3,41
2010,新疆,哈密,167.3848,,,,1,0,0,,,,,,,5.120295353454865,,,36,3,42
2011,新疆,哈密,220.91850000000002,,,,1,0,0,,,,,,,5.397793855221778,,,36,3,43
2012,新疆,哈密,268.2518,,,,1,0,0,,,,,,,5.591926091646729,,,36,3,44
2013,新疆,哈密,333.93100000000004,,,,1,0,0,,,,,,,5.8109343848083554,,,36,3,45
2014,新疆,哈密,402.1829,,,,1,0,0,,,,,,,5.9969069602736,,,36,3,46
2015,新疆,哈密,330.7375,,,,1,0,0,,,,,,,5.80132500938596,,,36,3,47
2016,新疆,哈密,403.6811,,,,1,0,0,,,,,,,6.000625209819673,,,36,3,48
2017,新疆,哈密,480.0119,,,,1,1,1,,,,,,,6.173810895261295,,,36,3,49
2018,新疆,哈密,536.6085,,,,1,1,1,,,,,,,6.285268778343143,,,36,3,50
2019,新疆,哈密,604.8153,,,,1,1,1,,,,,,,6.404923122164392,,,36,3,51
2020,新疆,哈密,607.9111,,,,1,1,1,,,,,,,6.410028654170141,,,36,3,52
2021,新疆,哈密,727.1384,,,,1,1,1,,,,,,,6.589116830804457,,,36,3,53
2022,新疆,哈密,868.99,,,,1,1,1,,,,,,,6.767331617719319,,,36,3,54
2005,新疆,喀什地区,,,,,0,0,0,,,,,,,,,,42,3,37
2006,新疆,喀什地区,,,,,0,0,0,,,,,,,,,,42,3,38
2007,新疆,喀什地区,,,,,0,0,0,,,,,,,,,,42,3,39
2008,新疆,喀什地区,,,,,0,0,0,,,,,,,,,,42,3,40
2009,新疆,喀什地区,,,,,0,0,0,,,,,,,,,,42,3,41
2010,新疆,喀什地区,,,,,0,0,0,,,,,,,,,,42,3,42
2011,新疆,喀什地区,,,,,0,0,0,,,,,,,,,,42,3,43
2012,新疆,喀什地区,,,,,0,0,0,,,,,,,,,,42,3,44
2013,新疆,喀什地区,,,,,0,0,0,,,,,,,,,,42,3,45
2014,新疆,喀什地区,,,,,0,0,0,,,,,,,,,,42,3,46
2015,新疆,喀什地区,,,,,0,0,0,,,,,,,,,,42,3,47
2016,新疆,喀什地区,,,,,0,0,0,,,,,,,,,,42,3,48
2017,新疆,喀什地区,,,,,0,1,0,,,,,,,,,,42,3,49
2018,新疆,喀什地区,,,,,0,1,0,,,,,,,,,,42,3,50
2019,新疆,喀什地区,,,,,0,1,0,,,,,,,,,,42,3,51
2020,新疆,喀什地区,,,,,0,1,0,,,,,,,,,,42,3,52
2021,新疆,喀什地区,,,,,0,1,0,,,,,,,,,,42,3,53
2022,新疆,喀什地区,,,,,0,1,0,,,,,,,,,,42,3,54
2005,新疆,塔城地区,,,,,0,0,0,,,,,,,,,,45,3,37
2006,新疆,塔城地区,,,,,0,0,0,,,,,,,,,,45,3,38
2007,新疆,塔城地区,,,,,0,0,0,,,,,,,,,,45,3,39
2008,新疆,塔城地区,,,,,0,0,0,,,,,,,,,,45,3,40
2009,新疆,塔城地区,,,,,0,0,0,,,,,,,,,,45,3,41
2010,新疆,塔城地区,,,,,0,0,0,,,,,,,,,,45,3,42
2011,新疆,塔城地区,,,,,0,0,0,,,,,,,,,,45,3,43
2012,新疆,塔城地区,,,,,0,0,0,,,,,,,,,,45,3,44
2013,新疆,塔城地区,,,,,0,0,0,,,,,,,,,,45,3,45
2014,新疆,塔城地区,,,,,0,0,0,,,,,,,,,,45,3,46
2015,新疆,塔城地区,,,,,0,0,0,,,,,,,,,,45,3,47
2016,新疆,塔城地区,,,,,0,0,0,,,,,,,,,,45,3,48
2017,新疆,塔城地区,,,,,0,1,0,,,,,,,,,,45,3,49
2018,新疆,塔城地区,,,,,0,1,0,,,,,,,,,,45,3,50
2019,新疆,塔城地区,,,,,0,1,0,,,,,,,,,,45,3,51
2020,新疆,塔城地区,,,,,0,1,0,,,,,,,,,,45,3,52
2021,新疆,塔城地区,,,,,0,1,0,,,,,,,,,,45,3,53
2022,新疆,塔城地区,,,,,0,1,0,,,,,,,,,,45,3,54
2005,新疆,巴音郭楞州,,,,,0,0,0,,,,,,,,,,39,3,37
2006,新疆,巴音郭楞州,,,,,0,0,0,,,,,,,,,,39,3,38
2007,新疆,巴音郭楞州,,,,,0,0,0,,,,,,,,,,39,3,39
2008,新疆,巴音郭楞州,,,,,0,0,0,,,,,,,,,,39,3,40
2009,新疆,巴音郭楞州,,,,,0,0,0,,,,,,,,,,39,3,41
2010,新疆,巴音郭楞州,,,,,0,0,0,,,,,,,,,,39,3,42
2011,新疆,巴音郭楞州,,,,,0,0,0,,,,,,,,,,39,3,43
2012,新疆,巴音郭楞州,,,,,0,0,0,,,,,,,,,,39,3,44
2013,新疆,巴音郭楞州,,,,,0,0,0,,,,,,,,,,39,3,45
2014,新疆,巴音郭楞州,,,,,0,0,0,,,,,,,,,,39,3,46
2015,新疆,巴音郭楞州,,,,,0,0,0,,,,,,,,,,39,3,47
2016,新疆,巴音郭楞州,,,,,0,0,0,,,,,,,,,,39,3,48
2017,新疆,巴音郭楞州,,,,,0,1,0,,,,,,,,,,39,3,49
2018,新疆,巴音郭楞州,,,,,0,1,0,,,,,,,,,,39,3,50
2019,新疆,巴音郭楞州,,,,,0,1,0,,,,,,,,,,39,3,51
2020,新疆,巴音郭楞州,,,,,0,1,0,,,,,,,,,,39,3,52
2021,新疆,巴音郭楞州,,,,,0,1,0,,,,,,,,,,39,3,53
2022,新疆,巴音郭楞州,,,,,0,1,0,,,,,,,,,,39,3,54
2005,新疆,昌吉州,,,,,1,0,0,,,,,,,,,,37,3,37
2006,新疆,昌吉州,,,,,1,0,0,,,,,,,,,,37,3,38
2007,新疆,昌吉州,,,,,1,0,0,,,,,,,,,,37,3,39
2008,新疆,昌吉州,,,,,1,0,0,,,,,,,,,,37,3,40
2009,新疆,昌吉州,,,,,1,0,0,,,,,,,,,,37,3,41
2010,新疆,昌吉州,,,,,1,0,0,,,,,,,,,,37,3,42
2011,新疆,昌吉州,,,,,1,0,0,,,,,,,,,,37,3,43
2012,新疆,昌吉州,,,,,1,0,0,,,,,,,,,,37,3,44
2013,新疆,昌吉州,,,,,1,0,0,,,,,,,,,,37,3,45
2014,新疆,昌吉州,,,,,1,0,0,,,,,,,,,,37,3,46
2015,新疆,昌吉州,,,,,1,0,0,,,,,,,,,,37,3,47
2016,新疆,昌吉州,,,,,1,0,0,,,,,,,,,,37,3,48
2017,新疆,昌吉州,,,,,1,1,1,,,,,,,,,,37,3,49
2018,新疆,昌吉州,,,,,1,1,1,,,,,,,,,,37,3,50
2019,新疆,昌吉州,,,,,1,1,1,,,,,,,,,,37,3,51
2020,新疆,昌吉州,,,,,1,1,1,,,,,,,,,,37,3,52
2021,新疆,昌吉州,,,,,1,1,1,,,,,,,,,,37,3,53
2022,新疆,昌吉州,,,,,1,1,1,,,,,,,,,,37,3,54
2005,新疆,阿克苏地区,,,,,0,0,0,,,,,,,,,,40,3,37
2006,新疆,阿克苏地区,,,,,0,0,0,,,,,,,,,,40,3,38
2007,新疆,阿克苏地区,,,,,0,0,0,,,,,,,,,,40,3,39
2008,新疆,阿克苏地区,,,,,0,0,0,,,,,,,,,,40,3,40
2009,新疆,阿克苏地区,,,,,0,0,0,,,,,,,,,,40,3,41
2010,新疆,阿克苏地区,,,,,0,0,0,,,,,,,,,,40,3,42
2011,新疆,阿克苏地区,,,,,0,0,0,,,,,,,,,,40,3,43
2012,新疆,阿克苏地区,,,,,0,0,0,,,,,,,,,,40,3,44
2013,新疆,阿克苏地区,,,,,0,0,0,,,,,,,,,,40,3,45
2014,新疆,阿克苏地区,,,,,0,0,0,,,,,,,,,,40,3,46
2015,新疆,阿克苏地区,,,,,0,0,0,,,,,,,,,,40,3,47
2016,新疆,阿克苏地区,,,,,0,0,0,,,,,,,,,,40,3,48
2017,新疆,阿克苏地区,,,,,0,1,0,,,,,,,,,,40,3,49
2018,新疆,阿克苏地区,,,,,0,1,0,,,,,,,,,,40,3,50
2019,新疆,阿克苏地区,,,,,0,1,0,,,,,,,,,,40,3,51
2020,新疆,阿克苏地区,,,,,0,1,0,,,,,,,,,,40,3,52
2021,新疆,阿克苏地区,,,,,0,1,0,,,,,,,,,,40,3,53
2022,新疆,阿克苏地区,,,,,0,1,0,,,,,,,,,,40,3,54
2005,新疆,阿勒泰地区,,,,,0,0,0,,,,,,,,,,46,3,37
2006,新疆,阿勒泰地区,,,,,0,0,0,,,,,,,,,,46,3,38
2007,新疆,阿勒泰地区,,,,,0,0,0,,,,,,,,,,46,3,39
2008,新疆,阿勒泰地区,,,,,0,0,0,,,,,,,,,,46,3,40
2009,新疆,阿勒泰地区,,,,,0,0,0,,,,,,,,,,46,3,41
2010,新疆,阿勒泰地区,,,,,0,0,0,,,,,,,,,,46,3,42
2011,新疆,阿勒泰地区,,,,,0,0,0,,,,,,,,,,46,3,43
2012,新疆,阿勒泰地区,,,,,0,0,0,,,,,,,,,,46,3,44
2013,新疆,阿勒泰地区,,,,,0,0,0,,,,,,,,,,46,3,45
2014,新疆,阿勒泰地区,,,,,0,0,0,,,,,,,,,,46,3,46
2015,新疆,阿勒泰地区,,,,,0,0,0,,,,,,,,,,46,3,47
2016,新疆,阿勒泰地区,35.31,,,,0,0,0,,,,,,,3.564166209940295,,,46,3,48
2017,新疆,阿勒泰地区,43.91,,,,0,1,0,,,,,,,3.782142084573626,,,46,3,49
2018,新疆,阿勒泰地区,47.38,,,,0,1,0,,,,,,,3.8582001987306396,,,46,3,50
2019,新疆,阿勒泰地区,47.34,,,,0,1,0,,,,,,,3.857355604085838,,,46,3,51
2020,新疆,阿勒泰地区,51.93,,,,0,1,0,,,,,,,3.9498966578562276,,,46,3,52
2021,新疆,阿勒泰地区,49.47,,,,0,1,0,,,,,,,3.901366425239617,,,46,3,53
2022,新疆,阿勒泰地区,53.17,,,,0,1,0,,,,,,,3.973494327516247,,,46,3,54
2005,浙江,丽水,305.99,,,,0,0,0,0.0016268980477223425,-0.2068551289185199,-0.0,-0.0,-0.0,,5.723552421679824,,,11,1,1
2006,浙江,丽水,335.37,,,,0,0,0,0.0016268980477223425,-0.2068551289185199,-0.0,-0.0,-0.0,,5.815234399950344,,,11,1,2
2007,浙江,丽水,433.94,,,,0,0,0,0.0016268980477223425,-0.2068551289185199,-0.0,-0.0,-0.0,,6.0729062756952255,,,11,1,3
2008,浙江,丽水,505.68,,,,0,0,0,0.0016268980477223425,-0.2068551289185199,-0.0,-0.0,-0.0,,6.225904058164043,,,11,1,4
2009,浙江,丽水,546.55,,,,0,0,0,0.0016268980477223425,-0.2068551289185199,-0.0,-0.0,-0.0,,6.303625794739844,,,11,1,5
2010,浙江,丽水,663.29,,,,0,0,0,0.0016268980477223425,-0.2068551289185199,-0.0,-0.0,-0.0,,6.497212300283385,,,11,1,6
2011,浙江,丽水,798.22,,,,0,0,0,0.0016268980477223425,-0.2068551289185199,-0.0,-0.0,-0.0,,6.682384248677575,,,11,1,7
2012,浙江,丽水,894.1,,,,0,0,0,0.0016268980477223425,-0.2068551289185199,-0.0,-0.0,-0.0,,6.795817625741273,,,11,1,8
2013,浙江,丽水,983.08,,,,0,0,0,0.0016268980477223425,-0.2068551289185199,-0.0,-0.0,-0.0,,6.890690500355545,,,11,1,9
2014,浙江,丽水,1051.75,,,,0,0,0,0.0016268980477223425,-0.2068551289185199,-0.0,-0.0,-0.0,,6.95821072247063,,,11,1,10
2015,浙江,丽水,1103.29,,,,0,0,0,0.0016268980477223425,-0.2068551289185199,-0.0,-0.0,-0.0,,7.006051904007247,,,11,1,11
2016,浙江,丽水,1210.24,0.03,,18.44,0,0,0,0.0016268980477223425,-0.2068551289185199,-0.0,-0.0,-0.0,,7.098573966030038,,,11,1,12
2017,浙江,丽水,1250.92,0.02,,19.02,0,1,0,0.0016268980477223425,-0.2068551289185199,-0.2068551289185199,-0.0,-0.0,,7.13163455958117,,,11,1,13
2018,浙江,丽水,1394.67,0.04,,19.01,0,1,0,0.0016268980477223425,-0.2068551289185199,-0.2068551289185199,-0.0,-0.0,,7.240413107131155,,,11,1,14
2019,浙江,丽水,1476.61,0.04,,19.51,0,1,0,0.0016268980477223425,-0.2068551289185199,-0.2068551289185199,-0.0,-0.0,,7.2975041989169105,,,11,1,15
2020,浙江,丽水,1540.02,,,,0,1,0,0.0016268980477223425,-0.2068551289185199,-0.2068551289185199,-0.0,-0.0,,7.3395506823363315,,,11,1,16
2021,浙江,丽水,1710.03,,,,0,1,0,0.0016268980477223425,-0.2068551289185199,-0.2068551289185199,-0.0,-0.0,,7.444266193202463,,,11,1,17
2022,浙江,丽水,1831.0,,,,0,1,0,0.0016268980477223425,-0.2068551289185199,-0.2068551289185199,-0.0,-0.0,,7.5126175446745105,,,11,1,18
2005,浙江,台州,1251.77,,78831.0,,0,0,0,0.00010622477161674102,-0.22716978981953903,-0.0,-0.0,-0.0,11.275074284783745,7.1323138287137295,62.975626512857794,4.158502175086729,10,1,1
2006,浙江,台州,1463.31,,75494.0,,0,0,0,0.00010622477161674102,-0.22716978981953903,-0.0,-0.0,-0.0,11.23182170787857,7.288456271943683,51.59125544143073,3.9625498595625737,10,1,2
2007,浙江,台州,1721.84,,65624.0,,0,0,0,0.00010622477161674102,-0.22716978981953903,-0.0,-0.0,-0.0,11.091711999893924,7.451148765455923,38.112716628722765,3.66644764758555,10,1,3
2008,浙江,台州,1965.27,,48380.0,,0,0,0,0.00010622477161674102,-0.22716978981953903,-0.0,-0.0,-0.0,10.786862453648626,7.583384919444369,24.61748258509009,3.2432750318862973,10,1,4
2009,浙江,台州,2040.45,,30878.0,,0,0,0,0.00010622477161674102,-0.22716978981953903,-0.0,-0.0,-0.0,10.337831620194669,7.620925650747549,15.132936362076993,2.7808629190953673,10,1,5
2010,浙江,台州,2426.45,,24552.0,,0,0,0,0.00010622477161674102,-0.22716978981953903,-0.0,-0.0,-0.0,10.108589325349573,7.79418456282213,10.118485853819367,2.4086091153263696,10,1,6
2011,浙江,台州,2754.41,,48981.0,,0,0,0,0.00010622477161674102,-0.22716978981953903,-0.0,-0.0,-0.0,10.799208162665574,7.920958542572472,17.782755653660857,2.932939196437592,10,1,7
2012,浙江,台州,2911.26,,44209.0,,0,0,0,0.00010622477161674102,-0.22716978981953903,-0.0,-0.0,-0.0,10.69670628682029,7.976341256143274,15.185521045870171,2.784117079993796,10,1,8
2013,浙江,台州,3153.34,,43170.0,,0,0,0,0.00010622477161674102,-0.22716978981953903,-0.0,-0.0,-0.0,10.672924252515658,8.056217487540485,13.690245898000216,2.6871837291879763,10,1,9
2014,浙江,台州,3387.38,,28083.0,,0,0,0,0.00010622477161674102,-0.22716978981953903,-0.0,-0.0,-0.0,10.24295529813714,8.127812040206255,8.29047818668115,2.2289900247713508,10,1,10
2015,浙江,台州,3553.85,,31868.0,,0,0,0,0.00010622477161674102,-0.22716978981953903,-0.0,-0.0,-0.0,10.369389029448124,8.17578680185879,8.967176442449738,2.299297338492393,10,1,11
2016,浙江,台州,3898.66,0.01,13211.0,94.14,0,0,0,0.00010622477161674102,-0.22716978981953903,-0.0,-0.0,-0.0,9.48888078651068,8.268388183333668,3.3886001857048322,1.4790103119349098,10,1,12
2017,浙江,台州,4388.22,0.01,10958.0,101.23,0,1,0,0.00010622477161674102,-0.22716978981953903,-0.22716978981953903,-0.0,-0.0,9.301916315463393,8.38667895687487,2.4971400704613713,1.2519455117432985,10,1,13
2018,浙江,台州,4874.67,0.01,3815.32,94.95,0,1,0,0.00010622477161674102,-0.22716978981953903,-0.22716978981953903,-0.0,-0.0,8.247041886494687,8.491807688833028,0.7826827251896026,0.5781193786777619,10,1,14
2019,浙江,台州,5134.05,0.02,8004.0,87.98,0,1,0,0.00010622477161674102,-0.22716978981953903,-0.22716978981953903,-0.0,-0.0,8.987821625430815,8.543650100378597,1.5590031261869284,0.9396177788208792,10,1,15
2020,浙江,台州,5262.72,,6034.0,,0,1,0,0.00010622477161674102,-0.22716978981953903,-0.22716978981953903,-0.0,-0.0,8.705331133531631,8.568403282342477,1.1465553934087316,0.7638644147360502,10,1,16
2021,浙江,台州,5786.19,,3119.0,,0,1,0,0.00010622477161674102,-0.22716978981953903,-0.22716978981953903,-0.0,-0.0,8.045588280803528,8.663229322881477,0.5390420985138753,0.43116020894257373,10,1,17
2022,浙江,台州,6041.0,,3831.18,,0,1,0,0.00010622477161674102,-0.22716978981953903,-0.22716978981953903,-0.0,-0.0,8.251189110847687,8.706324840138741,0.6341963251117364,0.49115113922755976,10,1,18
2005,浙江,嘉兴,1159.66,,,,0,0,0,,,,,,,7.055882137688924,,,4,1,1
2006,浙江,嘉兴,1346.65,,,,0,0,0,,,,,,,7.2053753059728765,,,4,1,2
2007,浙江,嘉兴,1585.31,,,,0,0,0,,,,,,,7.3685352507836175,,,4,1,3
2008,浙江,嘉兴,1815.3,,,,0,0,0,,,,,,,7.504006022296386,,,4,1,4
2009,浙江,嘉兴,1918.03,,,,0,0,0,,,,,,,7.559053896614073,,,4,1,5
2010,浙江,嘉兴,2300.2,,,,0,0,0,,,,,,,7.740751354658481,,,4,1,6
2011,浙江,嘉兴,2677.09,,,,0,0,0,,,,,,,7.892485662678793,,,4,1,7
2012,浙江,嘉兴,2890.57,,,,0,0,0,,,,,,,7.969208993492747,,,4,1,8
2013,浙江,嘉兴,3147.66,,,,0,0,0,,,,,,,8.054414598621733,,,4,1,9
2014,浙江,嘉兴,3352.6,,,,0,0,0,,,,,,,8.117491443197178,,,4,1,10
2015,浙江,嘉兴,3517.81,,,,0,0,0,,,,,,,8.165593915879953,,,4,1,11
2016,浙江,嘉兴,3862.11,,,80.55,0,0,0,,,,,,,8.258968945234313,,,4,1,12
2017,浙江,嘉兴,4380.52,,,79.13,0,1,0,,,,,,,8.384922717784844,,,4,1,13
2018,浙江,嘉兴,4871.98,,,75.26,0,1,0,,,,,,,8.491255704290994,,,4,1,14
2019,浙江,嘉兴,5370.32,,,73.97,0,1,0,,,,,,,8.588642776044052,,,4,1,15
2020,浙江,嘉兴,5509.52,,,,0,1,0,,,,,,,8.614232784014717,,,4,1,16
2021,浙江,嘉兴,6355.28,,,,0,1,0,,,,,,,8.757041242448386,,,4,1,17
2022,浙江,嘉兴,6739.0,,,,0,1,0,,,,,,,8.815666824946216,,,4,1,18
2005,浙江,宁波,,,,,0,0,0,0.0006585012511523771,-0.2197919331940137,-0.0,-0.0,-0.0,,,,,2,1,1
2006,浙江,宁波,,,,,0,0,0,0.0006585012511523771,-0.2197919331940137,-0.0,-0.0,-0.0,,,,,2,1,2
2007,浙江,宁波,,,,,0,0,0,0.0006585012511523771,-0.2197919331940137,-0.0,-0.0,-0.0,,,,,2,1,3
2008,浙江,宁波,,,,,0,0,0,0.0006585012511523771,-0.2197919331940137,-0.0,-0.0,-0.0,,,,,2,1,4
2009,浙江,宁波,,,,,0,0,0,0.0006585012511523771,-0.2197919331940137,-0.0,-0.0,-0.0,,,,,2,1,5
2010,浙江,宁波,,,,,0,0,0,0.0006585012511523771,-0.2197919331940137,-0.0,-0.0,-0.0,,,,,2,1,6
2011,浙江,宁波,,,,,0,0,0,0.0006585012511523771,-0.2197919331940137,-0.0,-0.0,-0.0,,,,,2,1,7
2012,浙江,宁波,,,,,0,0,0,0.0006585012511523771,-0.2197919331940137,-0.0,-0.0,-0.0,,,,,2,1,8
2013,浙江,宁波,,,,,0,0,0,0.0006585012511523771,-0.2197919331940137,-0.0,-0.0,-0.0,,,,,2,1,9
2014,浙江,宁波,,,,,0,0,0,0.0006585012511523771,-0.2197919331940137,-0.0,-0.0,-0.0,,,,,2,1,10
2015,浙江,宁波,,,,,0,0,0,0.0006585012511523771,-0.2197919331940137,-0.0,-0.0,-0.0,,,,,2,1,11
2016,浙江,宁波,8686.49,0.1,,151.86,0,0,0,0.0006585012511523771,-0.2197919331940137,-0.0,-0.0,-0.0,,9.069524224121642,,,2,1,12
2017,浙江,宁波,9842.1,,,161.28,0,1,0,0.0006585012511523771,-0.2197919331940137,-0.2197919331940137,-0.0,-0.0,,9.194424381910782,,,2,1,13
2018,浙江,宁波,10745.46,,,150.83,0,1,0,0.0006585012511523771,-0.2197919331940137,-0.2197919331940137,-0.0,-0.0,,9.28223861876985,,,2,1,14
2019,浙江,宁波,11985.0,0.0,,158.15,0,1,0,0.0006585012511523771,-0.2197919331940137,-0.2197919331940137,-0.0,-0.0,,9.391411146868485,,,2,1,15
2020,浙江,宁波,12409.0,,,,0,1,0,0.0006585012511523771,-0.2197919331940137,-0.2197919331940137,-0.0,-0.0,,9.42617729477462,,,2,1,16
2021,浙江,宁波,14595.0,,,,0,1,0,0.0006585012511523771,-0.2197919331940137,-0.2197919331940137,-0.0,-0.0,,9.588434283288215,,,2,1,17
2022,浙江,宁波,15704.0,,,,0,1,0,0.0006585012511523771,-0.2197919331940137,-0.2197919331940137,-0.0,-0.0,,9.661670735956298,,,2,1,18
2005,浙江,杭州,2942.65,,,,0,0,0,0.0003446730775859098,-0.22398436100041,-0.0,-0.0,-0.0,,7.987065814895469,,,1,1,1
2006,浙江,杭州,3441.51,,,,0,0,0,0.0003446730775859098,-0.22398436100041,-0.0,-0.0,-0.0,,8.143665607543918,,,1,1,2
2007,浙江,杭州,4100.17,,,,0,0,0,0.0003446730775859098,-0.22398436100041,-0.0,-0.0,-0.0,,8.31878371524745,,,1,1,3
2008,浙江,杭州,4781.16,,,,0,0,0,0.0003446730775859098,-0.22398436100041,-0.0,-0.0,-0.0,,8.47243847386827,,,1,1,4
2009,浙江,杭州,5087.55,,,,0,0,0,0.0003446730775859098,-0.22398436100041,-0.0,-0.0,-0.0,,8.534551657712385,,,1,1,5
2010,浙江,杭州,5949.17,,,,0,0,0,0.0003446730775859098,-0.22398436100041,-0.0,-0.0,-0.0,,8.691006993010912,,,1,1,6
2011,浙江,杭州,7019.06,,,,0,0,0,0.0003446730775859098,-0.22398436100041,-0.0,-0.0,-0.0,,8.856384584920129,,,1,1,7
2012,浙江,杭州,7802.01,,,,0,0,0,0.0003446730775859098,-0.22398436100041,-0.0,-0.0,-0.0,,8.962136671788416,,,1,1,8
2013,浙江,杭州,8343.52,,,,0,0,0,0.0003446730775859098,-0.22398436100041,-0.0,-0.0,-0.0,,9.029240468659653,,,1,1,9
2014,浙江,杭州,9206.16,,,,0,0,0,0.0003446730775859098,-0.22398436100041,-0.0,-0.0,-0.0,,9.127628104195741,,,1,1,10
2015,浙江,杭州,10050.21,,,,0,0,0,0.0003446730775859098,-0.22398436100041,-0.0,-0.0,-0.0,,9.215348808791301,,,1,1,11
2016,浙江,杭州,11313.72,0.1,,290.13,0,0,0,0.0003446730775859098,-0.22398436100041,-0.0,-0.0,-0.0,,9.333771427497162,,,1,1,12
2017,浙江,杭州,12603.36,0.06,,287.02,0,1,0,0.0003446730775859098,-0.22398436100041,-0.22398436100041,-0.0,-0.0,,9.441718724057,,,1,1,13
2018,浙江,杭州,14307.0,0.07,,279.19,0,1,0,0.0003446730775859098,-0.22398436100041,-0.22398436100041,-0.0,-0.0,,9.568504206966335,,,1,1,14
2019,浙江,杭州,15373.0,0.12,,286.54,0,1,0,0.0003446730775859098,-0.22398436100041,-0.22398436100041,-0.0,-0.0,,9.640368002912599,,,1,1,15
2020,浙江,杭州,16105.83,,,,0,1,0,0.0003446730775859098,-0.22398436100041,-0.22398436100041,-0.0,-0.0,,9.686936597227142,,,1,1,16
2021,浙江,杭州,18109.42,,,,0,1,0,0.0003446730775859098,-0.22398436100041,-0.22398436100041,-0.0,-0.0,,9.804187523859905,,,1,1,17
2022,浙江,杭州,18753.07,,,,0,1,0,0.0003446730775859098,-0.22398436100041,-0.22398436100041,-0.0,-0.0,,9.83911275132905,,,1,1,18
2005,浙江,温州,1596.35,,,,0,0,0,0.0005736137667304016,-0.22092594435069635,-0.0,-0.0,-0.0,,7.375475052213023,,,3,1,1
2006,浙江,温州,1837.5,,,,0,0,0,0.0005736137667304016,-0.22092594435069635,-0.0,-0.0,-0.0,,7.516161231086992,,,3,1,2
2007,浙江,温州,2158.91,,,,0,0,0,0.0005736137667304016,-0.22092594435069635,-0.0,-0.0,-0.0,,7.677358743680198,,,3,1,3
2008,浙江,温州,2424.29,,,,0,0,0,0.0005736137667304016,-0.22092594435069635,-0.0,-0.0,-0.0,,7.793293976996971,,,3,1,4
2009,浙江,温州,2527.34,,,,0,0,0,0.0005736137667304016,-0.22092594435069635,-0.0,-0.0,-0.0,,7.8349226452311225,,,3,1,5
2010,浙江,温州,2925.04,,,,0,0,0,0.0005736137667304016,-0.22092594435069635,-0.0,-0.0,-0.0,,7.981063434786127,,,3,1,6
2011,浙江,温州,3418.53,,,,0,0,0,0.0005736137667304016,-0.22092594435069635,-0.0,-0.0,-0.0,,8.136965913094192,,,3,1,7
2012,浙江,温州,3669.18,,,,0,0,0,0.0005736137667304016,-0.22092594435069635,-0.0,-0.0,-0.0,,8.207723482841184,,,3,1,8
2013,浙江,温州,4003.86,,,,0,0,0,0.0005736137667304016,-0.22092594435069635,-0.0,-0.0,-0.0,,8.295014174788855,,,3,1,9
2014,浙江,温州,4303.05,,,,0,0,0,0.0005736137667304016,-0.22092594435069635,-0.0,-0.0,-0.0,,8.36707935257123,,,3,1,10
2015,浙江,温州,4618.08,,,,0,0,0,0.0005736137667304016,-0.22092594435069635,-0.0,-0.0,-0.0,,8.437734313281064,,,3,1,11
2016,浙江,温州,5101.56,0.06,,104.6,0,0,0,0.0005736137667304016,-0.22092594435069635,-0.0,-0.0,-0.0,,8.53730165429289,,,3,1,12
2017,浙江,温州,5411.59,0.05,,119.11,0,1,0,0.0005736137667304016,-0.22092594435069635,-0.22092594435069635,-0.0,-0.0,,8.596298228845171,,,3,1,13
2018,浙江,温州,6006.16,0.01,,107.36,0,1,0,0.0005736137667304016,-0.22092594435069635,-0.22092594435069635,-0.0,-0.0,,8.700540888215077,,,3,1,14
2019,浙江,温州,6606.11,0.04,,99.93,0,1,0,0.0005736137667304016,-0.22092594435069635,-0.22092594435069635,-0.0,-0.0,,8.795750257341012,,,3,1,15
2020,浙江,温州,6870.9,,,,0,1,0,0.0005736137667304016,-0.22092594435069635,-0.22092594435069635,-0.0,-0.0,,8.835050381002885,,,3,1,16
2021,浙江,温州,7585.02,,,,0,1,0,0.0005736137667304016,-0.22092594435069635,-0.22092594435069635,-0.0,-0.0,,8.93393052856228,,,3,1,17
2022,浙江,温州,8030.0,,,,0,1,0,0.0005736137667304016,-0.22092594435069635,-0.22092594435069635,-0.0,-0.0,,8.990939806940807,,,3,1,18
2005,浙江,湖州,644.25,,,,1,0,0,0.00218992633884133,-0.19933363893675718,-0.0,-0.19933363893675718,-0.0,,6.468086849532474,,,5,1,1
2006,浙江,湖州,761.02,,57187.0,,1,0,0,0.00218992633884133,-0.19933363893675718,-0.0,-0.19933363893675718,-0.0,10.954099365149055,6.634659638725276,75.1451998633413,4.332642042073226,5,1,2
2007,浙江,湖州,892.02,,51322.0,,1,0,0,0.00218992633884133,-0.19933363893675718,-0.0,-0.19933363893675718,-0.0,10.845894273763054,6.793488553853314,57.53458442635815,4.069617766331105,5,1,3
2008,浙江,湖州,1034.89,,48823.09,,1,0,0,0.00218992633884133,-0.19933363893675718,-0.0,-0.19933363893675718,-0.0,10.795979117578359,6.942050419858093,47.177081622201385,3.874883422961139,5,1,4
2009,浙江,湖州,1101.83,,58694.57,,1,0,0,0.00218992633884133,-0.19933363893675718,-0.0,-0.19933363893675718,-0.0,10.980119534484482,7.004727712840018,53.27007796120999,3.9939730246176754,5,1,5
2010,浙江,湖州,1301.73,,50976.3,,1,0,0,0.00218992633884133,-0.19933363893675718,-0.0,-0.19933363893675718,-0.0,10.839135714581712,7.171449427991815,39.16042497292065,3.692882057322521,5,1,6
2011,浙江,湖州,1520.06,,40285.43,,1,0,0,0.00218992633884133,-0.19933363893675718,-0.0,-0.19933363893675718,-0.0,10.603769966664572,7.326505086745467,26.502526216070418,3.3142778628559943,5,1,7
2012,浙江,湖州,1664.3,,40551.0,,1,0,0,0.00218992633884133,-0.19933363893675718,-0.0,-0.19933363893675718,-0.0,10.610340380152186,7.417159893592681,24.365198581986423,3.2333780999644084,5,1,8
2013,浙江,湖州,1803.15,,38883.0,,1,0,0,0.00218992633884133,-0.19933363893675718,-0.0,-0.19933363893675718,-0.0,10.56833813394096,7.497290414418373,21.563929789534978,3.1163526042585903,5,1,9
2014,浙江,湖州,1956.0,,38424.0,,1,0,0,0.00218992633884133,-0.19933363893675718,-0.0,-0.19933363893675718,-0.0,10.556463568406796,7.578656850594762,19.644171779141104,3.027433041272066,5,1,10
2015,浙江,湖州,2084.26,,40226.0,,1,0,0,0.00218992633884133,-0.19933363893675718,-0.0,-0.19933363893675718,-0.0,10.602293690947752,7.642169155168142,19.299895406523177,3.010615733646447,5,1,11
2016,浙江,湖州,2284.37,0.11,28558.0,50.23,1,0,0,0.00218992633884133,-0.19933363893675718,-0.0,-0.19933363893675718,-0.0,10.259727401834914,7.733845554153258,12.50147743141435,2.6027991188203594,5,1,12
2017,浙江,湖州,2476.13,0.11,22165.0,50.38,1,1,1,0.00218992633884133,-0.19933363893675718,-0.19933363893675718,-0.19933363893675718,-0.19933363893675718,10.006314862335598,7.81445213646497,8.95146862240674,2.297720140520541,5,1,13
2018,浙江,湖州,2881.2,0.08,18801.0,47.37,1,1,1,0.00218992633884133,-0.19933363893675718,-0.19933363893675718,-0.19933363893675718,-0.19933363893675718,9.841718526138497,7.965962153015208,6.525406080799667,2.018284773404792,5,1,14
2019,浙江,湖州,3122.43,0.09,15341.0,48.98,1,1,1,0.00218992633884133,-0.19933363893675718,-0.19933363893675718,-0.19933363893675718,-0.19933363893675718,9.63834944451924,8.0463668238141,4.913160583263676,1.7771804741333288,5,1,15
2020,浙江,湖州,3201.4,,2465.68,,1,1,1,0.00218992633884133,-0.19933363893675718,-0.19933363893675718,-0.19933363893675718,-0.19933363893675718,7.810628395914947,8.071343493112597,0.770188042731305,0.5710857797740386,5,1,16
2021,浙江,湖州,3644.87,,4155.75,,1,1,1,0.00218992633884133,-0.19933363893675718,-0.19933363893675718,-0.19933363893675718,-0.19933363893675718,8.332488797920488,8.201075978511811,1.1401641210797642,0.7608825181864196,5,1,17
2022,浙江,湖州,3850.0,,3790.26,,1,1,1,0.00218992633884133,-0.19933363893675718,-0.19933363893675718,-0.19933363893675718,-0.19933363893675718,8.240453696651802,8.25582842728183,0.984483116883117,0.6853584857132935,5,1,18
2005,浙江,绍兴,1447.47,,,,0,0,0,0.0013155009866257397,-0.21101507951484516,-0.0,-0.0,-0.0,,7.277572483843776,,,6,1,1
2006,浙江,绍兴,1677.63,,,,0,0,0,0.0013155009866257397,-0.21101507951484516,-0.0,-0.0,-0.0,,7.425137362117374,,,6,1,2
2007,浙江,绍兴,1972.05,,,,0,0,0,0.0013155009866257397,-0.21101507951484516,-0.0,-0.0,-0.0,,7.586828889810723,,,6,1,3
2008,浙江,绍兴,2222.95,,,,0,0,0,0.0013155009866257397,-0.21101507951484516,-0.0,-0.0,-0.0,,7.706590421583489,,,6,1,4
2009,浙江,绍兴,2375.78,,,,0,0,0,0.0013155009866257397,-0.21101507951484516,-0.0,-0.0,-0.0,,7.773081083602984,,,6,1,5
2010,浙江,绍兴,2795.2,,,,0,0,0,0.0013155009866257397,-0.21101507951484516,-0.0,-0.0,-0.0,,7.935658939379792,,,6,1,6
2011,浙江,绍兴,3332.0,,,,0,0,0,0.0013155009866257397,-0.21101507951484516,-0.0,-0.0,-0.0,,8.111328003286733,,,6,1,7
2012,浙江,绍兴,3654.03,,,,0,0,0,0.0013155009866257397,-0.21101507951484516,-0.0,-0.0,-0.0,,8.203585947084873,,,6,1,8
2013,浙江,绍兴,3967.29,,,,0,0,0,0.0013155009866257397,-0.21101507951484516,-0.0,-0.0,-0.0,,8.285838520943008,,,6,1,9
2014,浙江,绍兴,4265.88,,,,0,0,0,0.0013155009866257397,-0.21101507951484516,-0.0,-0.0,-0.0,,8.35840376924044,,,6,1,10
2015,浙江,绍兴,4465.97,,,,0,0,0,0.0013155009866257397,-0.21101507951484516,-0.0,-0.0,-0.0,,8.404241714957031,,,6,1,11
2016,浙江,绍兴,4789.03,0.18,,136.83,0,0,0,0.0013155009866257397,-0.21101507951484516,-0.0,-0.0,-0.0,,8.474083164678804,,,6,1,12
2017,浙江,绍兴,5078.37,0.17,,120.25,0,1,0,0.0013155009866257397,-0.21101507951484516,-0.21101507951484516,-0.0,-0.0,,8.53274562294224,,,6,1,13
2018,浙江,绍兴,5416.9,0.15,,115.06,0,1,0,0.0013155009866257397,-0.21101507951484516,-0.21101507951484516,-0.0,-0.0,,8.597278975085066,,,6,1,14
2019,浙江,绍兴,5780.74,0.06,,102.95,0,1,0,0.0013155009866257397,-0.21101507951484516,-0.21101507951484516,-0.0,-0.0,,8.66228698115324,,,6,1,15
2020,浙江,绍兴,6001.0,,,,0,1,0,0.0013155009866257397,-0.21101507951484516,-0.21101507951484516,-0.0,-0.0,,8.699681400989514,,,6,1,16
2021,浙江,绍兴,6795.26,,,,0,1,0,0.0013155009866257397,-0.21101507951484516,-0.21101507951484516,-0.0,-0.0,,8.82398058928221,,,6,1,17
2022,浙江,绍兴,7351.0,,,,0,1,0,0.0013155009866257397,-0.21101507951484516,-0.21101507951484516,-0.0,-0.0,,8.902591637374087,,,6,1,18
2005,浙江,舟山,280.16,,,,0,0,0,0.0023409236007661204,-0.19731646784472606,-0.0,-0.0,-0.0,,5.635360868537542,,,9,1,1
2006,浙江,舟山,335.2,,,,0,0,0,0.0023409236007661204,-0.19731646784472606,-0.0,-0.0,-0.0,,5.814727368607928,,,9,1,2
2007,浙江,舟山,408.52,,,,0,0,0,0.0023409236007661204,-0.19731646784472606,-0.0,-0.0,-0.0,,6.012540872709899,,,9,1,3
2008,浙江,舟山,490.25,,,,0,0,0,0.0023409236007661204,-0.19731646784472606,-0.0,-0.0,-0.0,,6.1949154650764555,,,9,1,4
2009,浙江,舟山,535.24,,,,0,0,0,0.0023409236007661204,-0.19731646784472606,-0.0,-0.0,-0.0,,6.282715244436788,,,9,1,5
2010,浙江,舟山,644.32,,,,0,0,0,0.0023409236007661204,-0.19731646784472606,-0.0,-0.0,-0.0,,6.468195497103144,,,9,1,6
2011,浙江,舟山,772.75,,,,0,0,0,0.0023409236007661204,-0.19731646784472606,-0.0,-0.0,-0.0,,6.649955581012225,,,9,1,7
2012,浙江,舟山,853.18,,,,0,0,0,0.0023409236007661204,-0.19731646784472606,-0.0,-0.0,-0.0,,6.748970545159765,,,9,1,8
2013,浙江,舟山,930.85,,,,0,0,0,0.0023409236007661204,-0.19731646784472606,-0.0,-0.0,-0.0,,6.836098147217906,,,9,1,9
2014,浙江,舟山,1015.26,,,,0,0,0,0.0023409236007661204,-0.19731646784472606,-0.0,-0.0,-0.0,,6.92290001630859,,,9,1,10
2015,浙江,舟山,1092.85,,,,0,0,0,0.0023409236007661204,-0.19731646784472606,-0.0,-0.0,-0.0,,6.9965442417961965,,,9,1,11
2016,浙江,舟山,1241.2,0.11,,46.99,0,0,0,0.0023409236007661204,-0.19731646784472606,-0.0,-0.0,-0.0,,7.123833932574225,,,9,1,12
2017,浙江,舟山,1219.78,0.03,,18.38,0,1,0,0.0023409236007661204,-0.19731646784472606,-0.19731646784472606,-0.0,-0.0,,7.106425793597425,,,9,1,13
2018,浙江,舟山,1247.2,0.03,,18.14,0,1,0,0.0023409236007661204,-0.19731646784472606,-0.19731646784472606,-0.0,-0.0,,7.128656317743567,,,9,1,14
2019,浙江,舟山,1371.6,0.03,,18.61,0,1,0,0.0023409236007661204,-0.19731646784472606,-0.19731646784472606,-0.0,-0.0,,7.223733220588765,,,9,1,15
2020,浙江,舟山,1512.1,,,,0,1,0,0.0023409236007661204,-0.19731646784472606,-0.19731646784472606,-0.0,-0.0,,7.3212546921186235,,,9,1,16
2021,浙江,舟山,1703.62,,,,0,1,0,0.0023409236007661204,-0.19731646784472606,-0.19731646784472606,-0.0,-0.0,,7.440510677825181,,,9,1,17
2022,浙江,舟山,1951.0,,,,0,1,0,0.0023409236007661204,-0.19731646784472606,-0.19731646784472606,-0.0,-0.0,,7.576097340623111,,,9,1,18
2005,浙江,衢州,329.11,,,,1,0,0,0.0009666505558240696,-0.21567536934716167,-0.0,-0.21567536934716167,-0.0,,5.796392041388594,,,8,1,1
2006,浙江,衢州,387.4,,,,1,0,0,0.0009666505558240696,-0.21567536934716167,-0.0,-0.21567536934716167,-0.0,,5.959457750972896,,,8,1,2
2007,浙江,衢州,478.5,,,,1,0,0,0.0009666505558240696,-0.21567536934716167,-0.0,-0.21567536934716167,-0.0,,6.170656210893009,,,8,1,3
2008,浙江,衢州,580.05,,,,1,0,0,0.0009666505558240696,-0.21567536934716167,-0.0,-0.21567536934716167,-0.0,,6.363114306721416,,,8,1,4
2009,浙江,衢州,626.55,,,,1,0,0,0.0009666505558240696,-0.21567536934716167,-0.0,-0.21567536934716167,-0.0,,6.440228579611294,,,8,1,5
2010,浙江,衢州,755.48,,,,1,0,0,0.0009666505558240696,-0.21567536934716167,-0.0,-0.21567536934716167,-0.0,,6.6273533088276455,,,8,1,6
2011,浙江,衢州,919.62,,,,1,0,0,0.0009666505558240696,-0.21567536934716167,-0.0,-0.21567536934716167,-0.0,,6.823960541238871,,,8,1,7
2012,浙江,衢州,972.25,,,,1,0,0,0.0009666505558240696,-0.21567536934716167,-0.0,-0.21567536934716167,-0.0,,6.879612973035857,,,8,1,8
2013,浙江,衢州,1056.57,,,,1,0,0,0.0009666505558240696,-0.21567536934716167,-0.0,-0.21567536934716167,-0.0,,6.962783091368581,,,8,1,9
2014,浙江,衢州,1115.1,,,,1,0,0,0.0009666505558240696,-0.21567536934716167,-0.0,-0.21567536934716167,-0.0,,7.016699365971316,,,8,1,10
2015,浙江,衢州,1146.13,,,,1,0,0,0.0009666505558240696,-0.21567536934716167,-0.0,-0.21567536934716167,-0.0,,7.044146328886452,,,8,1,11
2016,浙江,衢州,1251.59,0.02,,20.69,1,0,0,0.0009666505558240696,-0.21567536934716167,-0.0,-0.21567536934716167,-0.0,,7.132170021989718,,,8,1,12
2017,浙江,衢州,1331.27,0.03,,20.45,1,1,1,0.0009666505558240696,-0.21567536934716167,-0.21567536934716167,-0.21567536934716167,-0.21567536934716167,,7.193888652819062,,,8,1,13
2018,浙江,衢州,1457.08,0.03,,19.33,1,1,1,0.0009666505558240696,-0.21567536934716167,-0.21567536934716167,-0.21567536934716167,-0.21567536934716167,,7.284189712031709,,,8,1,14
2019,浙江,衢州,1573.52,0.03,,20.79,1,1,1,0.0009666505558240696,-0.21567536934716167,-0.21567536934716167,-0.21567536934716167,-0.21567536934716167,,7.361070426941637,,,8,1,15
2020,浙江,衢州,1639.12,,,,1,1,1,0.0009666505558240696,-0.21567536934716167,-0.21567536934716167,-0.21567536934716167,-0.21567536934716167,,7.401914791438943,,,8,1,16
2021,浙江,衢州,1875.61,,,,1,1,1,0.0009666505558240696,-0.21567536934716167,-0.21567536934716167,-0.21567536934716167,-0.21567536934716167,,7.536689218828431,,,8,1,17
2022,浙江,衢州,2003.0,,,,1,1,1,0.0009666505558240696,-0.21567536934716167,-0.21567536934716167,-0.21567536934716167,-0.21567536934716167,,7.602401335665818,,,8,1,18
2005,浙江,金华,1063.54,,,,0,0,0,0.00032376429958989856,-0.2242636811814889,-0.0,-0.0,-0.0,,6.9693582455926055,,,7,1,1
2006,浙江,金华,1234.7,,,,0,0,0,0.00032376429958989856,-0.2242636811814889,-0.0,-0.0,-0.0,,7.118583304573698,,,7,1,2
2007,浙江,金华,1465.75,,,,0,0,0,0.00032376429958989856,-0.2242636811814889,-0.0,-0.0,-0.0,,7.290122335844324,,,7,1,3
2008,浙江,金华,1681.85,,,,0,0,0,0.00032376429958989856,-0.2242636811814889,-0.0,-0.0,-0.0,,7.427649657008004,,,7,1,4
2009,浙江,金华,1776.06,,,,0,0,0,0.00032376429958989856,-0.2242636811814889,-0.0,-0.0,-0.0,,7.48215270676524,,,7,1,5
2010,浙江,金华,2110.04,,,,0,0,0,0.00032376429958989856,-0.2242636811814889,-0.0,-0.0,-0.0,,7.6544621836363955,,,7,1,6
2011,浙江,金华,2458.07,,,,0,0,0,0.00032376429958989856,-0.2242636811814889,-0.0,-0.0,-0.0,,7.807131768158231,,,7,1,7
2012,浙江,金华,2710.77,,,,0,0,0,0.00032376429958989856,-0.2242636811814889,-0.0,-0.0,-0.0,,7.904988006356984,,,7,1,8
2013,浙江,金华,2958.78,,,,0,0,0,0.00032376429958989856,-0.2242636811814889,-0.0,-0.0,-0.0,,7.992532300193774,,,7,1,9
2014,浙江,金华,3208.2,,,,0,0,0,0.00032376429958989856,-0.2242636811814889,-0.0,-0.0,-0.0,,8.07346531118274,,,7,1,10
2015,浙江,金华,3402.34,,,,0,0,0,0.00032376429958989856,-0.2242636811814889,-0.0,-0.0,-0.0,,8.132218709173069,,,7,1,11
2016,浙江,金华,3684.94,0.03,,92.66,0,0,0,0.00032376429958989856,-0.2242636811814889,-0.0,-0.0,-0.0,,8.212009522265642,,,7,1,12
2017,浙江,金华,3848.62,0.01,,76.49,0,1,0,0.00032376429958989856,-0.2242636811814889,-0.2242636811814889,-0.0,-0.0,,8.255469921467858,,,7,1,13
2018,浙江,金华,4100.23,0.01,,86.97,0,1,0,0.00032376429958989856,-0.2242636811814889,-0.2242636811814889,-0.0,-0.0,,8.318798348679966,,,7,1,14
2019,浙江,金华,4559.91,0.02,,69.53,0,1,0,0.00032376429958989856,-0.2242636811814889,-0.2242636811814889,-0.0,-0.0,,8.425058165471553,,,7,1,15
2020,浙江,金华,4703.95,,,,0,1,0,0.00032376429958989856,-0.2242636811814889,-0.2242636811814889,-0.0,-0.0,,8.456157860270272,,,7,1,16
2021,浙江,金华,5355.44,,,,0,1,0,0.00032376429958989856,-0.2242636811814889,-0.2242636811814889,-0.0,-0.0,,8.585868145706206,,,7,1,17
2022,浙江,金华,5562.0,,,,0,1,0,0.00032376429958989856,-0.2242636811814889,-0.2242636811814889,-0.0,-0.0,,8.62371303479391,,,7,1,18
