province,city,metric,code,name,source,unit,update_date,n_years,first_year,last_year
广东,东莞,gdp,M0058325,广东:东莞:GDP,广东省统计局,亿元,20260204,18,2005,2022
广东,东莞,mining_emp,Q9558373,广东:东莞:就业人员数:城镇单位:采矿业,统计资料汇编,万人,20230531,4,2016,2019
广东,东莞,so2,W3859304,广东:东莞:二氧化硫排放量,广东省统计局,吨,20230110,2,2005,2019
广东,东莞,urban_unit_emp,M6022778,广东:东莞:就业人员数:城镇单位,广东省统计局,人,20221104,7,2015,2021
广东,中山,gdp,M0058326,广东:中山:GDP,广东省统计局,亿元,20260203,18,2005,2022
广东,中山,so2,L9854140,广东:中山:二氧化硫排放量,广东省统计局,吨,20230110,2,2005,2019
广东,中山,urban_unit_emp,M6022779,广东:中山:就业人员数:城镇单位,广东省统计局,人,20221104,7,2015,2021
广东,云浮,gdp,M0058329,广东:云浮:GDP,广东省统计局,亿元,20260130,18,2005,2022
广东,云浮,mining_emp,C5775102,广东:云浮:就业人员数:城镇单位:采矿业,统计资料汇编,万人,20230531,4,2016,2019
广东,云浮,so2,D4910351,广东:云浮:二氧化硫排放量,广东省统计局,吨,20230110,2,2005,2019
广东,云浮,urban_unit_emp,R9270316,广东:云浮:就业人员数:城镇单位,统计资料汇编,万人,20230531,4,2016,2019
广东,佛山,gdp,M0058314,广东:佛山:GDP,广东省统计局,亿元,20260206,18,2005,2022
广东,佛山,mining_emp,U3511483,广东:佛山:就业人员数:城镇单位:采矿业,统计资料汇编,万人,20230531,4,2016,2019
广东,佛山,so2,W0785239,广东:佛山:二氧化硫排放量,广东省统计局,吨,20230110,2,2005,2019
广东,佛山,urban_unit_emp,Y1832086,广东:佛山:就业人员数:城镇单位,统计资料汇编,万人,20230531,4,2016,2019
广东,广州,gdp,M0027241,广东:广州:GDP,国家统计局,亿元,20260204,18,2005,2022
广东,广州,mining_emp,R8667297,广州:就业人员数:城镇非私营单位:采矿业,广州市统计局,人,20240531,6,2013,2022
广东,广州,so2,L1499467,广东:广州:二氧化硫排放量,广东省统计局,吨,20230110,2,2005,2019
广东,广州,urban_unit_emp,N9444254,广东:广州:就业人员数:城镇单位,统计资料汇编,万人,20230531,4,2016,2019
广东,惠州,gdp,M0058319,广东:惠州:GDP,广东省统计局,亿元,20260514,18,2005,2022
广东,惠州,mining_emp,R0068118,广东:惠州:就业人员数:城镇单位:采矿业,统计资料汇编,万人,20230531,4,2016,2019
广东,惠州,so2,H9105012,广东:惠州:二氧化硫排放量,惠州市统计局,吨,20260602,18,2005,2022
广东,惠州,urban_unit_emp,D6771630,广东:惠州:就业人员数:城镇单位,统计资料汇编,万人,20230531,4,2016,2019
广东,揭阳,gdp,M0058328,广东:揭阳:GDP,广东省统计局,亿元,20260203,18,2005,2022
广东,揭阳,mining_emp,R1107461,广东:揭阳:就业人员数:城镇单位:采矿业,统计资料汇编,万人,20230531,1,2019,2019
广东,揭阳,so2,R6799979,广东:揭阳:二氧化硫排放量,广东省统计局,吨,20230110,2,2005,2019
广东,揭阳,urban_unit_emp,P9384320,广东:揭阳:就业人员数:城镇单位,统计资料汇编,万人,20230531,4,2016,2019
广东,梅州,gdp,M0058320,广东:梅州:GDP,广东省统计局,亿元,20260131,18,2005,2022
广东,梅州,mining_emp,P5700673,广东:梅州:就业人员数:城镇单位:采矿业,统计资料汇编,万人,20230531,4,2016,2019
广东,梅州,so2,R1114525,广东:梅州:二氧化硫排放量,广东省统计局,吨,20230110,2,2005,2019
广东,梅州,urban_unit_emp,B4036642,广东:梅州:就业人员数:城镇单位,统计资料汇编,万人,20230531,4,2016,2019
广东,汕头,gdp,M0058313,广东:汕头:GDP,广东省统计局,亿元,20260213,18,2005,2022
广东,汕头,mining_emp,Q5802327,广东:汕头:就业人员数:城镇单位:采矿业,统计资料汇编,万人,20230531,3,2016,2018
广东,汕头,so2,R3301066,广东:汕头:二氧化硫排放量,广东省统计局,吨,20230110,2,2005,2019
广东,汕头,urban_unit_emp,Z9643085,广东:汕头:就业人员数:城镇单位,统计资料汇编,万人,20230531,4,2016,2019
广东,汕尾,gdp,M0058321,广东:汕尾:GDP,广东省统计局,亿元,20260204,18,2005,2022
广东,汕尾,mining_emp,R4681375,广东:汕尾:就业人员数:城镇单位:采矿业,统计资料汇编,万人,20230531,3,2016,2018
广东,汕尾,so2,L8662593,广东:汕尾:二氧化硫排放量,广东省统计局,吨,20230110,2,2005,2019
广东,汕尾,urban_unit_emp,D6134673,广东:汕尾:就业人员数:城镇单位,统计资料汇编,万人,20230531,4,2016,2019
广东,江门,gdp,M0058315,广东:江门:GDP,广东省统计局,亿元,20260206,18,2005,2022
广东,江门,mining_emp,H2346540,广东:江门:就业人员数:城镇单位:采矿业,统计资料汇编,万人,20230531,4,2016,2019
广东,江门,so2,O1354315,广东:江门:二氧化硫排放量,广东省统计局,吨,20230110,2,2005,2019
广东,江门,urban_unit_emp,R9147181,广东:江门:就业人员数:城镇单位,统计资料汇编,万人,20230531,4,2016,2019
广东,河源,gdp,M0058322,广东:河源:GDP,广东省统计局,亿元,20260130,18,2005,2022
广东,河源,mining_emp,Z5582485,广东:河源:就业人员数:城镇单位:采矿业,统计资料汇编,万人,20230531,4,2016,2019
广东,河源,so2,U1020790,广东:河源:二氧化硫排放量,广东省统计局,吨,20230110,2,2005,2019
广东,河源,urban_unit_emp,O0759709,广东:河源:就业人员数:城镇单位,统计资料汇编,万人,20230531,4,2016,2019
广东,深圳,gdp,W3450629,广东:深圳:GDP,统计资料汇编,亿元,20260319,7,2016,2022
广东,深圳,mining_emp,O9308928,广东:深圳:就业人员数:城镇单位:采矿业,统计资料汇编,万人,20230531,4,2016,2019
广东,深圳,so2,Q6270982,广东:深圳:二氧化硫排放量,广东省统计局,吨,20230110,2,2005,2019
广东,深圳,urban_unit_emp,F0883989,广东:深圳:就业人员数:城镇单位,统计资料汇编,万人,20230531,4,2016,2019
广东,清远,gdp,M0058324,广东:清远:GDP,广东省统计局,亿元,20260104,18,2005,2022
广东,清远,mining_emp,Q1687303,广东:清远:就业人员数:城镇非私营单位:采矿业,清远市统计局,人,20240918,10,2013,2022
广东,清远,so2,D1225842,广东:清远:二氧化硫排放量,广东省统计局,吨,20230110,2,2005,2019
广东,清远,urban_unit_emp,O6244401,广东:清远:就业人员数:城镇单位,统计资料汇编,万人,20230531,4,2016,2019
广东,湛江,gdp,M0058316,广东:湛江:GDP,广东省统计局,亿元,20260204,18,2005,2022
广东,湛江,mining_emp,A0711432,广东:湛江:就业人员数:城镇单位:采矿业,统计资料汇编,万人,20230531,4,2016,2019
广东,湛江,so2,Q0885406,广东:湛江:二氧化硫排放量,广东省统计局,吨,20230110,2,2005,2019
广东,湛江,urban_unit_emp,Z3661616,广东:湛江:就业人员数:城镇单位,统计资料汇编,万人,20230531,4,2016,2019
广东,潮州,gdp,M0058327,广东:潮州:GDP,广东省统计局,亿元,20260203,18,2005,2022
广东,潮州,mining_emp,B3669186,广东:潮州:就业人员数:城镇单位:采矿业,统计资料汇编,万人,20230531,4,2016,2019
广东,潮州,so2,U9961126,广东:潮州:二氧化硫排放量,广东省统计局,吨,20230110,2,2005,2019
广东,潮州,urban_unit_emp,A7308565,广东:潮州:就业人员数:城镇单位,统计资料汇编,万人,20230531,4,2016,2019
广东,珠海,gdp,M0058312,广东:珠海:GDP,广东省统计局,亿元,20260131,18,2005,2022
广东,珠海,mining_emp,O3714404,广东:珠海:就业人员数:城镇单位:采矿业,统计资料汇编,万人,20230531,4,2016,2019
广东,珠海,so2,V2563025,广东:珠海:二氧化硫排放量,广东省统计局,吨,20230110,2,2005,2019
广东,珠海,urban_unit_emp,T5428643,广东:珠海:就业人员数:城镇单位,统计资料汇编,万人,20230531,4,2016,2019
广东,肇庆,gdp,M0058318,广东:肇庆:GDP,广东省统计局,亿元,20260202,18,2005,2022
广东,肇庆,mining_emp,N7729345,广东:肇庆:就业人员数:城镇单位:采矿业,统计资料汇编,万人,20230531,4,2016,2019
广东,肇庆,so2,X2954620,广东:肇庆:二氧化硫排放量,广东省统计局,吨,20230110,2,2005,2019
广东,肇庆,urban_unit_emp,J9731186,广东:肇庆:就业人员数:城镇单位,统计资料汇编,万人,20230531,4,2016,2019
广东,茂名,gdp,M0058317,广东:茂名:GDP,广东省统计局,亿元,20260608,18,2005,2022
广东,茂名,urban_unit_emp,Q6354816,广东:茂名:就业人员数:城镇单位,统计资料汇编,万人,20230531,4,2016,2019
广东,阳江,gdp,M0058323,广东:阳江:GDP,广东省统计局,亿元,20260508,18,2005,2022
广东,阳江,mining_emp,V1073652,广东:阳江:就业人员数:城镇单位:采矿业,统计资料汇编,万人,20230531,4,2016,2019
广东,阳江,so2,C7464692,广东:阳江:二氧化硫排放量,广东省统计局,吨,20230110,2,2005,2019
广东,阳江,urban_unit_emp,L7451548,广东:阳江:就业人员数:城镇单位,统计资料汇编,万人,20230531,4,2016,2019
广东,韶关,gdp,M0058311,广东:韶关:GDP,广东省统计局,亿元,20260205,18,2005,2022
广东,韶关,mining_emp,J4474507,广东:韶关:就业人员数:城镇单位:采矿业,统计资料汇编,万人,20230531,4,2016,2019
广东,韶关,so2,W8188876,广东:韶关:二氧化硫排放量,广东省统计局,吨,20230110,2,2005,2019
广东,韶关,urban_unit_emp,K9853066,广东:韶关:就业人员数:城镇单位,统计资料汇编,万人,20230531,4,2016,2019
新疆,乌鲁木齐,gdp,M0027461,新疆:乌鲁木齐:GDP,国家统计局,亿元,20260512,18,2005,2022
新疆,乌鲁木齐,mining_emp,K6207564,新疆:乌鲁木齐:就业人员数:城镇单位:采矿业,统计资料汇编,万人,20230531,4,2016,2019
新疆,乌鲁木齐,urban_unit_emp,X6262787,新疆:乌鲁木齐:就业人员数:城镇单位,统计资料汇编,万人,20230531,4,2016,2019
新疆,克拉玛依,gdp,M0058395,新疆:克拉玛依:GDP,新疆统计局,亿元,20260206,18,2005,2022
新疆,克拉玛依,mining_emp,H0657635,新疆:克拉玛依:就业人员数:城镇单位:采矿业,统计资料汇编,万人,20230531,4,2016,2019
新疆,克拉玛依,urban_unit_emp,N8685129,新疆:克拉玛依:就业人员数:城镇单位,统计资料汇编,万人,20230531,4,2016,2019
新疆,吐鲁番,gdp,M6105544,新疆:吐鲁番:GDP,新疆统计局,万元,20260423,18,2005,2022
新疆,吐鲁番,mining_emp,Q9519715,新疆:吐鲁番:就业人员数:城镇单位:采矿业,统计资料汇编,万人,20240718,3,2017,2019
新疆,吐鲁番,urban_unit_emp,N0707904,新疆:吐鲁番:就业人员数:城镇单位,统计资料汇编,万人,20240718,3,2017,2019
新疆,哈密,gdp,M6105548,新疆:哈密:GDP,新疆统计局,万元,20260210,18,2005,2022
新疆,阿勒泰地区,gdp,T2127210,新疆:阿勒泰地区:北屯:GDP,统计资料汇编,亿元,20260129,7,2016,2022
浙江,丽水,gdp,M0058223,浙江:丽水:GDP,浙江省统计局,亿元,20260209,18,2005,2022
浙江,丽水,mining_emp,P3962771,浙江:丽水:就业人员数:城镇单位:采矿业,统计资料汇编,万人,20230531,4,2016,2019
浙江,丽水,urban_unit_emp,Y2376698,浙江:丽水:就业人员数:城镇单位,统计资料汇编,万人,20230531,4,2016,2019
浙江,台州,gdp,M0058222,浙江:台州:GDP,浙江省统计局,亿元,20260203,18,2005,2022
浙江,台州,mining_emp,U2213872,浙江:台州:就业人员数:城镇单位:采矿业,统计资料汇编,万人,20230531,4,2016,2019
浙江,台州,so2,D8852477,浙江:台州:二氧化硫排放量,台州市统计局,吨,20260318,18,2005,2022
浙江,台州,urban_unit_emp,L1515516,浙江:台州:就业人员数:城镇单位,统计资料汇编,万人,20230531,4,2016,2019
浙江,嘉兴,gdp,M0058216,浙江:嘉兴:GDP,浙江省统计局,亿元,20260209,18,2005,2022
浙江,嘉兴,urban_unit_emp,W6009561,浙江:嘉兴:就业人员数:城镇单位,统计资料汇编,万人,20230531,4,2016,2019
浙江,宁波,gdp,L5494133,浙江:宁波:GDP,统计资料汇编,亿元,20260319,7,2016,2022
浙江,宁波,mining_emp,L9980903,浙江:宁波:就业人员数:城镇单位:采矿业,统计资料汇编,万人,20230531,2,2016,2019
浙江,宁波,urban_unit_emp,Z0533087,浙江:宁波:就业人员数:城镇单位,统计资料汇编,万人,20230531,4,2016,2019
浙江,杭州,gdp,M0027021,浙江:杭州:GDP,国家统计局,亿元,20260129,18,2005,2022
浙江,杭州,mining_emp,Y9060563,浙江:杭州:就业人员数:城镇单位:采矿业,统计资料汇编,万人,20230531,4,2016,2019
浙江,杭州,urban_unit_emp,B5697842,浙江:杭州:就业人员数:城镇单位,统计资料汇编,万人,20230531,4,2016,2019
浙江,温州,gdp,M0058215,浙江:温州:GDP,浙江省统计局,亿元,20260127,18,2005,2022
浙江,温州,mining_emp,K4387878,浙江:温州:就业人员数:城镇单位:采矿业,统计资料汇编,万人,20230531,4,2016,2019
浙江,温州,urban_unit_emp,U0247684,浙江:温州:就业人员数:城镇单位,统计资料汇编,万人,20230531,4,2016,2019
浙江,湖州,gdp,M0058217,浙江:湖州:GDP,浙江省统计局,亿元,20260209,18,2005,2022
浙江,湖州,mining_emp,V5773309,浙江:湖州:就业人员数:城镇单位:采矿业,统计资料汇编,万人,20230531,4,2016,2019
浙江,湖州,so2,R4305330,浙江:湖州:二氧化硫排放量,湖州市统计局,吨,20260224,17,2006,2022
浙江,湖州,urban_unit_emp,N4106193,浙江:湖州:就业人员数:城镇单位,统计资料汇编,万人,20230531,4,2016,2019
浙江,绍兴,gdp,M0058218,浙江:绍兴:GDP,浙江省统计局,亿元,20260203,18,2005,2022
浙江,绍兴,mining_emp,D8801958,浙江:绍兴:就业人员数:城镇单位:采矿业,统计资料汇编,万人,20230531,4,2016,2019
浙江,绍兴,urban_unit_emp,U0688402,浙江:绍兴:就业人员数:城镇单位,统计资料汇编,万人,20230531,4,2016,2019
浙江,舟山,gdp,M0058221,浙江:舟山:GDP,浙江省统计局,亿元,20260128,18,2005,2022
浙江,舟山,mining_emp,N0982931,浙江:舟山:就业人员数:城镇单位:采矿业,统计资料汇编,万人,20230531,4,2016,2019
浙江,舟山,urban_unit_emp,T8585044,浙江:舟山:就业人员数:城镇单位,统计资料汇编,万人,20230531,4,2016,2019
浙江,衢州,gdp,M0058220,浙江:衢州:GDP,浙江省统计局,亿元,20260202,18,2005,2022
浙江,衢州,mining_emp,A9930590,浙江:衢州:就业人员数:城镇单位:采矿业,统计资料汇编,万人,20230531,4,2016,2019
浙江,衢州,urban_unit_emp,R2210108,浙江:衢州:就业人员数:城镇单位,统计资料汇编,万人,20230531,4,2016,2019
浙江,金华,gdp,M0058219,浙江:金华:GDP,浙江省统计局,亿元,20260128,18,2005,2022
浙江,金华,mining_emp,O9211532,浙江:金华:就业人员数:城镇单位:采矿业,统计资料汇编,万人,20230531,4,2016,2019
浙江,金华,urban_unit_emp,D7801846,浙江:金华:就业人员数:城镇单位,统计资料汇编,万人,20230531,4,2016,2019
