province,year,coal_unit_count,coal_unit_average_capacity_mw,coal_unit_utilization_hours,coal_unit_operating_hours,coal_unit_standby_hours,coal_unit_operating_factor,coal_unit_standby_factor,source_report,source_url
Anhui,2018,77,543.25,4856.73,6773.52,1401.76,0.7732328767123288,0.16001826484018264,2018年全国电力可靠性年度报告,http://prpq.nea.gov.cn/9152.pdf
Anhui,2019,86,552.44,4850.94,6788.31,1247.55,0.7749212328767123,0.14241438356164382,2019年全国电力可靠性年度报告,https://prpq.nea.gov.cn/uploads/file1/20260612/6a2b67c840cdf.pdf
Anhui,2020,86,563.6,4507.66,6373.5,1800.02,0.7255806010928961,0.20492030965391622,2020年全国电力可靠性年度报告,https://prpq.nea.gov.cn/uploads/file1/20221220/63a11862d6604.pdf
Anhui,2021,86,563.95,,7075.47,952.21,0.8077020547945206,0.10869977168949772,2021年全国电力可靠性年度报告,https://prpq.nea.gov.cn/uploads/file1/20230308/640801ab6e248.pdf
Anhui,2022,86,563.95,,7182.46,758.81,0.8199155251141552,0.08662214611872146,2022年全国电力可靠性年度报告,https://prpq.nea.gov.cn/uploads/file1/20231213/657951e0b1c7a.pdf
Anhui,2023,88,574.32,,7222.03,853.97,0.8244326484018265,0.0974851598173516,2023年全国电力可靠性年度报告,https://prpq.nea.gov.cn/uploads/file1/20240911/66e102e09bfea.pdf
Beijing,2018,4,192.5,2257.5,2995.79,5473.65,0.3419851598173516,0.6248458904109588,2018年全国电力可靠性年度报告,http://prpq.nea.gov.cn/9152.pdf
Beijing,2019,4,192.5,1993.7,2543.1,4839.27,0.2903082191780822,0.5524280821917809,2019年全国电力可靠性年度报告,https://prpq.nea.gov.cn/uploads/file1/20260612/6a2b67c840cdf.pdf
Beijing,2020,4,192.5,1282.15,1626.93,5799.23,0.18521516393442625,0.6602037795992713,2020年全国电力可靠性年度报告,https://prpq.nea.gov.cn/uploads/file1/20221220/63a11862d6604.pdf
Beijing,2021,4,192.5,,2321.43,5805.1,0.26500342465753424,0.6626826484018266,2021年全国电力可靠性年度报告,https://prpq.nea.gov.cn/uploads/file1/20230308/640801ab6e248.pdf
Beijing,2022,4,192.5,,1572.66,6654.55,0.17952739726027397,0.7596518264840183,2022年全国电力可靠性年度报告,https://prpq.nea.gov.cn/uploads/file1/20231213/657951e0b1c7a.pdf
Beijing,2023,4,192.5,,1051.29,6522.75,0.12001027397260274,0.7446061643835616,2023年全国电力可靠性年度报告,https://prpq.nea.gov.cn/uploads/file1/20240911/66e102e09bfea.pdf
Chongqing,2018,22,455.91,3185.08,4912.7,3169.95,0.560810502283105,0.3618664383561644,2018年全国电力可靠性年度报告,http://prpq.nea.gov.cn/9152.pdf
Chongqing,2019,20,488.0,3060.18,4739.56,3566.51,0.5410456621004567,0.4071358447488585,2019年全国电力可靠性年度报告,https://prpq.nea.gov.cn/uploads/file1/20260612/6a2b67c840cdf.pdf
Chongqing,2020,20,488.0,2938.35,4517.91,3664.58,0.5143340163934426,0.4171880692167577,2020年全国电力可靠性年度报告,https://prpq.nea.gov.cn/uploads/file1/20221220/63a11862d6604.pdf
Chongqing,2021,18,508.89,,6398.37,1849.17,0.7304075342465753,0.21109246575342466,2021年全国电力可靠性年度报告,https://prpq.nea.gov.cn/uploads/file1/20230308/640801ab6e248.pdf
Chongqing,2022,20,488.0,,6539.82,1488.74,0.746554794520548,0.1699474885844749,2022年全国电力可靠性年度报告,https://prpq.nea.gov.cn/uploads/file1/20231213/657951e0b1c7a.pdf
Chongqing,2023,21,496.19,,6609.76,1456.82,0.7545388127853881,0.16630365296803654,2023年全国电力可靠性年度报告,https://prpq.nea.gov.cn/uploads/file1/20240911/66e102e09bfea.pdf
Fujian,2018,36,516.78,4969.41,6645.14,1329.77,0.7585776255707763,0.15180022831050227,2018年全国电力可靠性年度报告,http://prpq.nea.gov.cn/9152.pdf
Fujian,2019,43,530.33,4633.25,6417.97,1767.58,0.7326449771689498,0.20177853881278537,2019年全国电力可靠性年度报告,https://prpq.nea.gov.cn/uploads/file1/20260612/6a2b67c840cdf.pdf
Fujian,2020,49,545.02,4942.49,6654.59,1528.09,0.7575808287795993,0.17396288706739527,2020年全国电力可靠性年度报告,https://prpq.nea.gov.cn/uploads/file1/20221220/63a11862d6604.pdf
Fujian,2021,49,545.02,,7301.06,698.44,0.8334543378995434,0.07973059360730594,2021年全国电力可靠性年度报告,https://prpq.nea.gov.cn/uploads/file1/20230308/640801ab6e248.pdf
Fujian,2022,50,554.28,,6568.03,1322.75,0.7497751141552511,0.1509988584474886,2022年全国电力可靠性年度报告,https://prpq.nea.gov.cn/uploads/file1/20231213/657951e0b1c7a.pdf
Fujian,2023,51,563.18,,7011.79,1008.65,0.8004326484018265,0.11514269406392694,2023年全国电力可靠性年度报告,https://prpq.nea.gov.cn/uploads/file1/20240911/66e102e09bfea.pdf
Gansu,2018,34,337.79,3569.22,5222.2,2952.1,0.5961415525114155,0.33699771689497715,2018年全国电力可靠性年度报告,http://prpq.nea.gov.cn/9152.pdf
Gansu,2019,32,342.66,3880.65,5904.27,2246.72,0.6740034246575343,0.2564748858447488,2019年全国电力可靠性年度报告,https://prpq.nea.gov.cn/uploads/file1/20260612/6a2b67c840cdf.pdf
Gansu,2020,38,350.66,4433.19,6538.39,1737.08,0.7443522313296904,0.19775500910746813,2020年全国电力可靠性年度报告,https://prpq.nea.gov.cn/uploads/file1/20221220/63a11862d6604.pdf
Gansu,2021,36,350.69,,6932.75,1021.98,0.7914098173515982,0.11666438356164384,2021年全国电力可靠性年度报告,https://prpq.nea.gov.cn/uploads/file1/20230308/640801ab6e248.pdf
Gansu,2022,34,351.91,,7524.28,704.93,0.8589360730593607,0.08047146118721461,2022年全国电力可靠性年度报告,https://prpq.nea.gov.cn/uploads/file1/20231213/657951e0b1c7a.pdf
Gansu,2023,32,371.41,,7145.4,920.86,0.8156849315068493,0.10512100456621004,2023年全国电力可靠性年度报告,https://prpq.nea.gov.cn/uploads/file1/20240911/66e102e09bfea.pdf
Guangdong,2018,101,505.27,4599.27,6708.25,1452.77,0.7657819634703197,0.16584132420091324,2018年全国电力可靠性年度报告,http://prpq.nea.gov.cn/9152.pdf
Guangdong,2019,106,477.3,4172.51,6489.14,1670.41,0.7407694063926941,0.19068607305936075,2019年全国电力可靠性年度报告,https://prpq.nea.gov.cn/uploads/file1/20260612/6a2b67c840cdf.pdf
Guangdong,2020,107,500.99,3936.49,6171.85,2021.13,0.7026240892531876,0.2300922131147541,2020年全国电力可靠性年度报告,https://prpq.nea.gov.cn/uploads/file1/20221220/63a11862d6604.pdf
Guangdong,2021,108,539.23,,7160.54,829.29,0.8174132420091325,0.09466780821917808,2021年全国电力可靠性年度报告,https://prpq.nea.gov.cn/uploads/file1/20230308/640801ab6e248.pdf
Guangdong,2022,114,527.72,,6787.12,1219.4,0.7747853881278539,0.13920091324200914,2022年全国电力可靠性年度报告,https://prpq.nea.gov.cn/uploads/file1/20231213/657951e0b1c7a.pdf
Guangdong,2023,116,534.78,,6881.24,1012.66,0.7855296803652968,0.11560045662100456,2023年全国电力可靠性年度报告,https://prpq.nea.gov.cn/uploads/file1/20240911/66e102e09bfea.pdf
Guangxi,2018,19,518.42,3417.77,5562.5,2774.14,0.6349885844748858,0.31668264840182647,2018年全国电力可靠性年度报告,http://prpq.nea.gov.cn/9152.pdf
Guangxi,2019,25,556.8,4276.94,6276.21,1867.54,0.7164623287671233,0.21318949771689497,2019年全国电力可靠性年度报告,https://prpq.nea.gov.cn/uploads/file1/20260612/6a2b67c840cdf.pdf
Guangxi,2020,25,552.8,4479.97,6550.96,1335.28,0.7457832422586521,0.1520127504553734,2020年全国电力可靠性年度报告,https://prpq.nea.gov.cn/uploads/file1/20221220/63a11862d6604.pdf
Guangxi,2021,25,552.8,,7034.18,767.77,0.8029885844748859,0.08764497716894977,2021年全国电力可靠性年度报告,https://prpq.nea.gov.cn/uploads/file1/20230308/640801ab6e248.pdf
Guangxi,2022,27,558.52,,6126.52,1557.45,0.6993744292237444,0.17779109589041098,2022年全国电力可靠性年度报告,https://prpq.nea.gov.cn/uploads/file1/20231213/657951e0b1c7a.pdf
Guangxi,2023,29,591.03,,6920.63,960.89,0.7900262557077625,0.10969063926940639,2023年全国电力可靠性年度报告,https://prpq.nea.gov.cn/uploads/file1/20240911/66e102e09bfea.pdf
Guizhou,2018,68,408.97,4062.96,5981.96,1275.2,0.6828721461187215,0.14557077625570777,2018年全国电力可靠性年度报告,http://prpq.nea.gov.cn/9152.pdf
Guizhou,2019,67,426.27,4248.07,6180.56,1614.28,0.7055433789954338,0.1842785388127854,2019年全国电力可靠性年度报告,https://prpq.nea.gov.cn/uploads/file1/20260612/6a2b67c840cdf.pdf
Guizhou,2020,69,435.21,3933.24,5914.87,2277.24,0.6733686247723133,0.2592486338797814,2020年全国电力可靠性年度报告,https://prpq.nea.gov.cn/uploads/file1/20221220/63a11862d6604.pdf
Guizhou,2021,67,428.96,,6386.48,1472.27,0.7290502283105023,0.16806735159817351,2021年全国电力可靠性年度报告,https://prpq.nea.gov.cn/uploads/file1/20230308/640801ab6e248.pdf
Guizhou,2022,67,428.96,,6163.98,1749.16,0.7036506849315068,0.199675799086758,2022年全国电力可靠性年度报告,https://prpq.nea.gov.cn/uploads/file1/20231213/657951e0b1c7a.pdf
Guizhou,2023,63,447.62,,7259.98,541.05,0.8287648401826484,0.06176369863013698,2023年全国电力可靠性年度报告,https://prpq.nea.gov.cn/uploads/file1/20240911/66e102e09bfea.pdf
Hainan,2018,10,303.6,5220.76,7817.05,353.43,0.8923573059360731,0.04034589041095891,2018年全国电力可靠性年度报告,http://prpq.nea.gov.cn/9152.pdf
Hainan,2019,10,303.6,5350.08,7935.04,380.95,0.9058264840182648,0.04348744292237443,2019年全国电力可靠性年度报告,https://prpq.nea.gov.cn/uploads/file1/20260612/6a2b67c840cdf.pdf
Hainan,2020,9,322.0,5003.02,7751.95,644.39,0.8825079690346084,0.07335951730418944,2020年全国电力可靠性年度报告,https://prpq.nea.gov.cn/uploads/file1/20221220/63a11862d6604.pdf
Hainan,2021,8,345.0,,8131.2,64.66,0.9282191780821918,0.007381278538812785,2021年全国电力可靠性年度报告,https://prpq.nea.gov.cn/uploads/file1/20230308/640801ab6e248.pdf
Hainan,2022,8,345.0,,8152.61,208.67,0.9306632420091324,0.023820776255707762,2022年全国电力可靠性年度报告,https://prpq.nea.gov.cn/uploads/file1/20231213/657951e0b1c7a.pdf
Hainan,2023,8,345.0,,7747.64,120.19,0.884433789954338,0.013720319634703196,2023年全国电力可靠性年度报告,https://prpq.nea.gov.cn/uploads/file1/20240911/66e102e09bfea.pdf
Hebei,2018,95,350.84,5349.91,7402.43,734.31,0.8450262557077626,0.08382534246575342,2018年全国电力可靠性年度报告,http://prpq.nea.gov.cn/9152.pdf
Hebei,2019,102,352.35,5160.73,7257.59,874.85,0.8284920091324202,0.09986872146118722,2019年全国电力可靠性年度报告,https://prpq.nea.gov.cn/uploads/file1/20260612/6a2b67c840cdf.pdf
Hebei,2020,102,372.84,4607.5,6827.04,1418.76,0.7772131147540984,0.16151639344262295,2020年全国电力可靠性年度报告,https://prpq.nea.gov.cn/uploads/file1/20221220/63a11862d6604.pdf
Hebei,2021,108,379.21,,6742.26,1271.01,0.7696643835616439,0.14509246575342466,2021年全国电力可靠性年度报告,https://prpq.nea.gov.cn/uploads/file1/20230308/640801ab6e248.pdf
Hebei,2022,115,378.43,,6726.54,1358.16,0.7678698630136986,0.15504109589041096,2022年全国电力可靠性年度报告,https://prpq.nea.gov.cn/uploads/file1/20231213/657951e0b1c7a.pdf
Hebei,2023,119,380.84,,7012.57,1054.63,0.8005216894977168,0.12039155251141553,2023年全国电力可靠性年度报告,https://prpq.nea.gov.cn/uploads/file1/20240911/66e102e09bfea.pdf
Heilongjiang,2018,51,317.84,3974.25,6640.26,1500.96,0.7580205479452055,0.17134246575342466,2018年全国电力可靠性年度报告,http://prpq.nea.gov.cn/9152.pdf
Heilongjiang,2019,50,320.0,4026.56,6965.46,1263.12,0.7951438356164383,0.1441917808219178,2019年全国电力可靠性年度报告,https://prpq.nea.gov.cn/uploads/file1/20260612/6a2b67c840cdf.pdf
Heilongjiang,2020,50,320.0,3954.47,7056.22,1193.58,0.8033037340619308,0.1358811475409836,2020年全国电力可靠性年度报告,https://prpq.nea.gov.cn/uploads/file1/20221220/63a11862d6604.pdf
Heilongjiang,2021,51,333.14,,6923.64,1060.98,0.7903698630136987,0.12111643835616438,2021年全国电力可靠性年度报告,https://prpq.nea.gov.cn/uploads/file1/20230308/640801ab6e248.pdf
Heilongjiang,2022,51,333.14,,6355.87,1799.33,0.7255559360730593,0.20540296803652966,2022年全国电力可靠性年度报告,https://prpq.nea.gov.cn/uploads/file1/20231213/657951e0b1c7a.pdf
Heilongjiang,2023,51,333.14,,6989.52,1152.06,0.7978904109589041,0.13151369863013698,2023年全国电力可靠性年度报告,https://prpq.nea.gov.cn/uploads/file1/20240911/66e102e09bfea.pdf
Henan,2018,109,444.68,3894.79,6247.82,1955.0,0.7132214611872146,0.22317351598173515,2018年全国电力可靠性年度报告,http://prpq.nea.gov.cn/9152.pdf
Henan,2019,101,461.98,3666.43,6085.53,2103.46,0.6946952054794521,0.24012100456621005,2019年全国电力可靠性年度报告,https://prpq.nea.gov.cn/uploads/file1/20260612/6a2b67c840cdf.pdf
Henan,2020,105,472.86,3251.08,5883.07,2348.58,0.6697484061930783,0.267370218579235,2020年全国电力可靠性年度报告,https://prpq.nea.gov.cn/uploads/file1/20221220/63a11862d6604.pdf
Henan,2021,107,491.4,,5970.55,2035.1,0.6815696347031963,0.23231735159817352,2021年全国电力可靠性年度报告,https://prpq.nea.gov.cn/uploads/file1/20230308/640801ab6e248.pdf
Henan,2022,110,488.09,,6552.01,1437.2,0.7479463470319635,0.1640639269406393,2022年全国电力可靠性年度报告,https://prpq.nea.gov.cn/uploads/file1/20231213/657951e0b1c7a.pdf
Henan,2023,110,488.09,,6656.01,1484.52,0.759818493150685,0.16946575342465753,2023年全国电力可靠性年度报告,https://prpq.nea.gov.cn/uploads/file1/20240911/66e102e09bfea.pdf
Hubei,2018,48,467.92,4716.26,6288.36,1887.25,0.7178493150684931,0.21543949771689497,2018年全国电力可靠性年度报告,http://prpq.nea.gov.cn/9152.pdf
Hubei,2019,49,465.51,5223.22,6895.0,1130.88,0.7871004566210046,0.12909589041095892,2019年全国电力可靠性年度报告,https://prpq.nea.gov.cn/uploads/file1/20260612/6a2b67c840cdf.pdf
Hubei,2020,56,479.11,3926.46,5552.91,2592.96,0.6321618852459017,0.2951912568306011,2020年全国电力可靠性年度报告,https://prpq.nea.gov.cn/uploads/file1/20221220/63a11862d6604.pdf
Hubei,2021,57,488.25,,6499.41,1520.5,0.7419417808219178,0.17357305936073059,2021年全国电力可靠性年度报告,https://prpq.nea.gov.cn/uploads/file1/20230308/640801ab6e248.pdf
Hubei,2022,57,488.25,,6896.29,1084.29,0.7872477168949772,0.12377739726027397,2022年全国电力可靠性年度报告,https://prpq.nea.gov.cn/uploads/file1/20231213/657951e0b1c7a.pdf
Hubei,2023,59,494.07,,6342.82,1545.88,0.7240662100456621,0.17647031963470322,2023年全国电力可靠性年度报告,https://prpq.nea.gov.cn/uploads/file1/20240911/66e102e09bfea.pdf
Hunan,2018,39,459.62,4104.41,6211.56,1733.56,0.709082191780822,0.19789497716894977,2018年全国电力可靠性年度报告,http://prpq.nea.gov.cn/9152.pdf
Hunan,2019,39,459.62,3984.61,6233.6,1821.31,0.7115981735159818,0.207912100456621,2019年全国电力可靠性年度报告,https://prpq.nea.gov.cn/uploads/file1/20260612/6a2b67c840cdf.pdf
Hunan,2020,41,452.37,3636.99,6110.55,2046.5,0.6956454918032787,0.2329804189435337,2020年全国电力可靠性年度报告,https://prpq.nea.gov.cn/uploads/file1/20221220/63a11862d6604.pdf
Hunan,2021,41,451.83,,6913.66,1233.09,0.789230593607306,0.140763698630137,2021年全国电力可靠性年度报告,https://prpq.nea.gov.cn/uploads/file1/20230308/640801ab6e248.pdf
Hunan,2022,41,485.95,,6496.94,1388.78,0.7416598173515981,0.1585365296803653,2022年全国电力可靠性年度报告,https://prpq.nea.gov.cn/uploads/file1/20231213/657951e0b1c7a.pdf
Hunan,2023,42,504.33,,6639.6,1400.24,0.7579452054794521,0.1598447488584475,2023年全国电力可靠性年度报告,https://prpq.nea.gov.cn/uploads/file1/20240911/66e102e09bfea.pdf
Jiangsu,2018,133,519.02,4784.65,6568.38,1576.09,0.7498150684931507,0.17991894977168948,2018年全国电力可靠性年度报告,http://prpq.nea.gov.cn/9152.pdf
Jiangsu,2019,130,537.15,4496.48,6376.97,1794.62,0.7279646118721461,0.20486529680365295,2019年全国电力可靠性年度报告,https://prpq.nea.gov.cn/uploads/file1/20260612/6a2b67c840cdf.pdf
Jiangsu,2020,128,547.86,4498.83,6238.34,1969.06,0.710193533697632,0.22416438979963568,2020年全国电力可靠性年度报告,https://prpq.nea.gov.cn/uploads/file1/20221220/63a11862d6604.pdf
Jiangsu,2021,124,563.68,,7167.57,899.4,0.8182157534246575,0.10267123287671233,2021年全国电力可靠性年度报告,https://prpq.nea.gov.cn/uploads/file1/20230308/640801ab6e248.pdf
Jiangsu,2022,124,563.68,,7143.84,799.83,0.8155068493150686,0.09130479452054795,2022年全国电力可靠性年度报告,https://prpq.nea.gov.cn/uploads/file1/20231213/657951e0b1c7a.pdf
Jiangsu,2023,124,564.0,,7423.66,614.14,0.8474497716894978,0.07010730593607306,2023年全国电力可靠性年度报告,https://prpq.nea.gov.cn/uploads/file1/20240911/66e102e09bfea.pdf
Jiangxi,2018,33,513.33,5183.13,7209.39,841.03,0.8229897260273973,0.09600799086757991,2018年全国电力可靠性年度报告,http://prpq.nea.gov.cn/9152.pdf
Jiangxi,2019,35,541.14,5104.76,7166.51,814.67,0.8180947488584475,0.09299885844748858,2019年全国电力可靠性年度报告,https://prpq.nea.gov.cn/uploads/file1/20260612/6a2b67c840cdf.pdf
Jiangxi,2020,35,541.14,4963.75,7102.44,874.82,0.8085655737704918,0.0995924408014572,2020年全国电力可靠性年度报告,https://prpq.nea.gov.cn/uploads/file1/20221220/63a11862d6604.pdf
Jiangxi,2021,37,547.57,,7408.05,575.37,0.8456678082191781,0.06568150684931506,2021年全国电力可靠性年度报告,https://prpq.nea.gov.cn/uploads/file1/20230308/640801ab6e248.pdf
Jiangxi,2022,39,570.77,,7200.52,707.27,0.8219771689497717,0.08073858447488584,2022年全国电力可靠性年度报告,https://prpq.nea.gov.cn/uploads/file1/20231213/657951e0b1c7a.pdf
Jiangxi,2023,38,621.32,,7319.83,703.48,0.8355970319634703,0.08030593607305936,2023年全国电力可靠性年度报告,https://prpq.nea.gov.cn/uploads/file1/20240911/66e102e09bfea.pdf
Jilin,2018,50,302.1,3692.93,6254.47,1731.02,0.7139805936073059,0.19760502283105022,2018年全国电力可靠性年度报告,http://prpq.nea.gov.cn/9152.pdf
Jilin,2019,50,302.9,3899.13,6752.51,1476.48,0.7708344748858448,0.16854794520547944,2019年全国电力可靠性年度报告,https://prpq.nea.gov.cn/uploads/file1/20260612/6a2b67c840cdf.pdf
Jilin,2020,50,306.3,4043.77,6861.39,1395.9,0.7811236338797815,0.15891393442622953,2020年全国电力可靠性年度报告,https://prpq.nea.gov.cn/uploads/file1/20221220/63a11862d6604.pdf
Jilin,2021,45,322.22,,7104.45,875.01,0.8110102739726027,0.09988698630136986,2021年全国电力可靠性年度报告,https://prpq.nea.gov.cn/uploads/file1/20230308/640801ab6e248.pdf
Jilin,2022,45,322.22,,6972.34,1119.99,0.7959292237442922,0.1278527397260274,2022年全国电力可靠性年度报告,https://prpq.nea.gov.cn/uploads/file1/20231213/657951e0b1c7a.pdf
Jilin,2023,45,322.22,,7481.32,645.74,0.8540319634703196,0.07371461187214612,2023年全国电力可靠性年度报告,https://prpq.nea.gov.cn/uploads/file1/20240911/66e102e09bfea.pdf
Liaoning,2018,62,385.32,4308.32,7055.09,1035.14,0.8053755707762558,0.11816666666666668,2018年全国电力可靠性年度报告,http://prpq.nea.gov.cn/9152.pdf
Liaoning,2019,64,384.22,4081.85,6966.41,1211.14,0.7952522831050228,0.13825799086757992,2019年全国电力可靠性年度报告,https://prpq.nea.gov.cn/uploads/file1/20260612/6a2b67c840cdf.pdf
Liaoning,2020,66,385.45,3994.24,6959.87,1319.49,0.792334927140255,0.15021516393442624,2020年全国电力可靠性年度报告,https://prpq.nea.gov.cn/uploads/file1/20221220/63a11862d6604.pdf
Liaoning,2021,69,383.91,,6851.21,1170.81,0.782101598173516,0.1336541095890411,2021年全国电力可靠性年度报告,https://prpq.nea.gov.cn/uploads/file1/20230308/640801ab6e248.pdf
Liaoning,2022,69,383.91,,6623.21,1634.67,0.7560742009132421,0.18660616438356165,2022年全国电力可靠性年度报告,https://prpq.nea.gov.cn/uploads/file1/20231213/657951e0b1c7a.pdf
Liaoning,2023,73,390.55,,6704.55,1452.63,0.7653595890410959,0.16582534246575345,2023年全国电力可靠性年度报告,https://prpq.nea.gov.cn/uploads/file1/20240911/66e102e09bfea.pdf
Neimenggu,2018,171,365.44,5157.14,7273.98,917.51,0.8303630136986301,0.10473858447488585,2018年全国电力可靠性年度报告,http://prpq.nea.gov.cn/9152.pdf
Neimenggu,2019,170,370.82,5299.44,7533.51,624.06,0.8599897260273973,0.07123972602739725,2019年全国电力可靠性年度报告,https://prpq.nea.gov.cn/uploads/file1/20260612/6a2b67c840cdf.pdf
Neimenggu,2020,176,377.81,5137.86,7334.98,787.87,0.8350387067395264,0.08969376138433516,2020年全国电力可靠性年度报告,https://prpq.nea.gov.cn/uploads/file1/20221220/63a11862d6604.pdf
Neimenggu,2021,182,387.7,,7413.29,742.2,0.8462659817351598,0.08472602739726028,2021年全国电力可靠性年度报告,https://prpq.nea.gov.cn/uploads/file1/20230308/640801ab6e248.pdf
Neimenggu,2022,185,394.03,,7702.26,497.92,0.8792534246575343,0.05684018264840183,2022年全国电力可靠性年度报告,https://prpq.nea.gov.cn/uploads/file1/20231213/657951e0b1c7a.pdf
Neimenggu,2023,192,404.04,,7631.87,436.86,0.8712180365296803,0.04986986301369863,2023年全国电力可靠性年度报告,https://prpq.nea.gov.cn/uploads/file1/20240911/66e102e09bfea.pdf
Ningxia,2018,42,444.29,5106.24,7238.36,680.41,0.826296803652968,0.07767237442922374,2018年全国电力可靠性年度报告,http://prpq.nea.gov.cn/9152.pdf
Ningxia,2019,43,465.12,4958.47,7215.02,868.12,0.8236324200913242,0.09910045662100457,2019年全国电力可靠性年度报告,https://prpq.nea.gov.cn/uploads/file1/20260612/6a2b67c840cdf.pdf
Ningxia,2020,54,494.74,4798.39,7125.13,1043.34,0.8111486794171221,0.11877732240437157,2020年全国电力可靠性年度报告,https://prpq.nea.gov.cn/uploads/file1/20221220/63a11862d6604.pdf
Ningxia,2021,54,503.7,,7247.33,654.53,0.8273207762557078,0.07471803652968036,2021年全国电力可靠性年度报告,https://prpq.nea.gov.cn/uploads/file1/20230308/640801ab6e248.pdf
Ningxia,2022,56,498.21,,7583.96,497.2,0.8657488584474886,0.056757990867579905,2022年全国电力可靠性年度报告,https://prpq.nea.gov.cn/uploads/file1/20231213/657951e0b1c7a.pdf
Ningxia,2023,56,498.21,,7525.65,498.1,0.8590924657534246,0.05686073059360731,2023年全国电力可靠性年度报告,https://prpq.nea.gov.cn/uploads/file1/20240911/66e102e09bfea.pdf
Qinghai,2018,6,436.67,3493.8,4746.79,3377.91,0.5418710045662101,0.3856061643835616,2018年全国电力可靠性年度报告,http://prpq.nea.gov.cn/9152.pdf
Qinghai,2019,6,436.67,3165.04,4334.34,4165.27,0.4947876712328767,0.4754874429223745,2019年全国电力可靠性年度报告,https://prpq.nea.gov.cn/uploads/file1/20260612/6a2b67c840cdf.pdf
Qinghai,2020,6,436.67,3019.68,4075.91,4350.03,0.46401525500910745,0.49522199453551907,2020年全国电力可靠性年度报告,https://prpq.nea.gov.cn/uploads/file1/20221220/63a11862d6604.pdf
Qinghai,2021,6,436.67,,6289.04,2104.44,0.7179269406392694,0.24023287671232876,2021年全国电力可靠性年度报告,https://prpq.nea.gov.cn/uploads/file1/20230308/640801ab6e248.pdf
Qinghai,2022,6,436.67,,6685.44,934.9,0.7631780821917807,0.10672374429223744,2022年全国电力可靠性年度报告,https://prpq.nea.gov.cn/uploads/file1/20231213/657951e0b1c7a.pdf
Qinghai,2023,6,436.67,,7041.7,860.44,0.8038470319634703,0.09822374429223744,2023年全国电力可靠性年度报告,https://prpq.nea.gov.cn/uploads/file1/20240911/66e102e09bfea.pdf
Shaanxi,2018,61,415.08,4674.73,6395.99,1602.01,0.7301358447488584,0.18287785388127853,2018年全国电力可靠性年度报告,http://prpq.nea.gov.cn/9152.pdf
Shaanxi,2019,65,422.0,4462.35,6347.95,1790.52,0.7246518264840183,0.2043972602739726,2019年全国电力可靠性年度报告,https://prpq.nea.gov.cn/uploads/file1/20260612/6a2b67c840cdf.pdf
Shaanxi,2020,74,466.76,4137.64,6229.18,2045.36,0.70915072859745,0.23285063752276866,2020年全国电力可靠性年度报告,https://prpq.nea.gov.cn/uploads/file1/20221220/63a11862d6604.pdf
Shaanxi,2021,80,473.5,,6962.52,1136.0,0.7948082191780822,0.12968036529680366,2021年全国电力可靠性年度报告,https://prpq.nea.gov.cn/uploads/file1/20230308/640801ab6e248.pdf
Shaanxi,2022,80,473.5,,7073.03,1043.08,0.8074235159817351,0.11907305936073058,2022年全国电力可靠性年度报告,https://prpq.nea.gov.cn/uploads/file1/20231213/657951e0b1c7a.pdf
Shaanxi,2023,82,469.76,,6957.09,1217.8,0.7941883561643835,0.13901826484018265,2023年全国电力可靠性年度报告,https://prpq.nea.gov.cn/uploads/file1/20240911/66e102e09bfea.pdf
Shandong,2018,142,367.64,5298.92,7033.28,1004.89,0.8028858447488584,0.1147134703196347,2018年全国电力可靠性年度报告,http://prpq.nea.gov.cn/9152.pdf
Shandong,2019,143,371.26,4588.0,6354.79,1651.62,0.7254326484018265,0.18854109589041096,2019年全国电力可靠性年度报告,https://prpq.nea.gov.cn/uploads/file1/20260612/6a2b67c840cdf.pdf
Shandong,2020,144,382.15,4116.18,5867.47,2247.92,0.6679724499089253,0.2559107468123862,2020年全国电力可靠性年度报告,https://prpq.nea.gov.cn/uploads/file1/20221220/63a11862d6604.pdf
Shandong,2021,142,398.06,,6549.63,1556.15,0.7476746575342466,0.17764269406392696,2021年全国电力可靠性年度报告,https://prpq.nea.gov.cn/uploads/file1/20230308/640801ab6e248.pdf
Shandong,2022,142,397.92,,6450.53,1575.78,0.7363618721461187,0.17988356164383562,2022年全国电力可靠性年度报告,https://prpq.nea.gov.cn/uploads/file1/20231213/657951e0b1c7a.pdf
Shandong,2023,138,407.97,,6360.84,1735.89,0.7261232876712329,0.1981609589041096,2023年全国电力可靠性年度报告,https://prpq.nea.gov.cn/uploads/file1/20240911/66e102e09bfea.pdf
Shanghai,2018,27,531.48,4278.38,6393.08,1589.18,0.7298036529680365,0.18141324200913242,2018年全国电力可靠性年度报告,http://prpq.nea.gov.cn/9152.pdf
Shanghai,2019,27,531.48,3908.22,5975.58,2007.94,0.6821438356164383,0.22921689497716896,2019年全国电力可靠性年度报告,https://prpq.nea.gov.cn/uploads/file1/20260612/6a2b67c840cdf.pdf
Shanghai,2020,28,525.0,4096.28,6088.28,1971.4,0.6931102003642987,0.22443078324225865,2020年全国电力可靠性年度报告,https://prpq.nea.gov.cn/uploads/file1/20221220/63a11862d6604.pdf
Shanghai,2021,28,525.0,,7015.56,955.03,0.8008630136986302,0.10902168949771689,2021年全国电力可靠性年度报告,https://prpq.nea.gov.cn/uploads/file1/20230308/640801ab6e248.pdf
Shanghai,2022,28,525.0,,6984.64,777.89,0.7973333333333333,0.08880022831050229,2022年全国电力可靠性年度报告,https://prpq.nea.gov.cn/uploads/file1/20231213/657951e0b1c7a.pdf
Shanghai,2023,27,527.78,,6616.75,1337.88,0.7553367579908675,0.1527260273972603,2023年全国电力可靠性年度报告,https://prpq.nea.gov.cn/uploads/file1/20240911/66e102e09bfea.pdf
Shanxi,2018,119,364.59,4708.74,6717.73,1289.47,0.7668641552511415,0.14719977168949772,2018年全国电力可靠性年度报告,http://prpq.nea.gov.cn/9152.pdf
Shanxi,2019,134,362.32,4713.59,6935.24,1170.65,0.7916940639269406,0.13363584474885845,2019年全国电力可靠性年度报告,https://prpq.nea.gov.cn/uploads/file1/20260612/6a2b67c840cdf.pdf
Shanxi,2020,143,358.96,4531.93,6629.65,1510.89,0.7547415755919854,0.17200478142076503,2020年全国电力可靠性年度报告,https://prpq.nea.gov.cn/uploads/file1/20221220/63a11862d6604.pdf
Shanxi,2021,145,359.97,,6729.47,1102.85,0.7682043378995435,0.12589611872146117,2021年全国电力可靠性年度报告,https://prpq.nea.gov.cn/uploads/file1/20230308/640801ab6e248.pdf
Shanxi,2022,152,379.51,,6857.82,1178.0,0.7828561643835616,0.13447488584474887,2022年全国电力可靠性年度报告,https://prpq.nea.gov.cn/uploads/file1/20231213/657951e0b1c7a.pdf
Shanxi,2023,148,392.61,,6989.53,1007.82,0.7978915525114155,0.11504794520547945,2023年全国电力可靠性年度报告,https://prpq.nea.gov.cn/uploads/file1/20240911/66e102e09bfea.pdf
Sichuan,2018,25,426.4,3147.46,4277.2,3990.47,0.4882648401826484,0.455533105022831,2018年全国电力可靠性年度报告,http://prpq.nea.gov.cn/9152.pdf
Sichuan,2019,25,426.4,3173.18,4496.1,3604.99,0.5132534246575343,0.41152853881278534,2019年全国电力可靠性年度报告,https://prpq.nea.gov.cn/uploads/file1/20260612/6a2b67c840cdf.pdf
Sichuan,2020,23,411.3,3355.11,4574.47,3677.87,0.5207729963570128,0.41870104735883423,2020年全国电力可靠性年度报告,https://prpq.nea.gov.cn/uploads/file1/20221220/63a11862d6604.pdf
Sichuan,2021,23,411.3,,5430.27,2570.08,0.6198938356164384,0.2933881278538813,2021年全国电力可靠性年度报告,https://prpq.nea.gov.cn/uploads/file1/20230308/640801ab6e248.pdf
Sichuan,2022,25,458.4,,5466.3,2293.56,0.6240068493150686,0.2618219178082192,2022年全国电力可靠性年度报告,https://prpq.nea.gov.cn/uploads/file1/20231213/657951e0b1c7a.pdf
Sichuan,2023,23,469.57,,6649.76,1345.1,0.7591050228310503,0.15355022831050227,2023年全国电力可靠性年度报告,https://prpq.nea.gov.cn/uploads/file1/20240911/66e102e09bfea.pdf
Tianjin,2018,20,441.7,4930.84,7056.02,1140.48,0.8054817351598174,0.13019178082191782,2018年全国电力可靠性年度报告,http://prpq.nea.gov.cn/9152.pdf
Tianjin,2019,22,492.45,4466.32,6571.22,1667.49,0.7501392694063928,0.1903527397260274,2019年全国电力可靠性年度报告,https://prpq.nea.gov.cn/uploads/file1/20260612/6a2b67c840cdf.pdf
Tianjin,2020,23,486.26,4311.95,6474.27,1447.53,0.7370525956284153,0.16479166666666667,2020年全国电力可靠性年度报告,https://prpq.nea.gov.cn/uploads/file1/20221220/63a11862d6604.pdf
Tianjin,2021,23,486.26,,7017.07,1029.29,0.8010353881278538,0.11749885844748859,2021年全国电力可靠性年度报告,https://prpq.nea.gov.cn/uploads/file1/20230308/640801ab6e248.pdf
Tianjin,2022,23,486.26,,6869.8,938.35,0.7842237442922375,0.1071175799086758,2022年全国电力可靠性年度报告,https://prpq.nea.gov.cn/uploads/file1/20231213/657951e0b1c7a.pdf
Tianjin,2023,25,460.96,,7330.15,808.56,0.8367751141552511,0.0923013698630137,2023年全国电力可靠性年度报告,https://prpq.nea.gov.cn/uploads/file1/20240911/66e102e09bfea.pdf
Xinjiang,2018,58,325.86,4044.48,6505.62,1603.98,0.7426506849315069,0.1831027397260274,2018年全国电力可靠性年度报告,http://prpq.nea.gov.cn/9152.pdf
Xinjiang,2019,52,328.08,4568.3,7079.36,1312.86,0.8081461187214611,0.14986986301369862,2019年全国电力可靠性年度报告,https://prpq.nea.gov.cn/uploads/file1/20260612/6a2b67c840cdf.pdf
Xinjiang,2020,56,351.79,4969.94,7100.82,1277.58,0.8083811475409836,0.14544398907103825,2020年全国电力可靠性年度报告,https://prpq.nea.gov.cn/uploads/file1/20221220/63a11862d6604.pdf
Xinjiang,2021,65,370.62,,7523.66,727.36,0.858865296803653,0.08303196347031963,2021年全国电力可靠性年度报告,https://prpq.nea.gov.cn/uploads/file1/20230308/640801ab6e248.pdf
Xinjiang,2022,69,373.91,,7484.84,651.47,0.8544337899543379,0.07436872146118721,2022年全国电力可靠性年度报告,https://prpq.nea.gov.cn/uploads/file1/20231213/657951e0b1c7a.pdf
Xinjiang,2023,74,393.24,,7530.73,543.49,0.8596723744292237,0.06204223744292237,2023年全国电力可靠性年度报告,https://prpq.nea.gov.cn/uploads/file1/20240911/66e102e09bfea.pdf
Xizang,2018,0,,,,,,,2018年全国电力可靠性年度报告,http://prpq.nea.gov.cn/9152.pdf
Xizang,2019,0,,,,,,,2019年全国电力可靠性年度报告,https://prpq.nea.gov.cn/uploads/file1/20260612/6a2b67c840cdf.pdf
Xizang,2020,0,,,,,,,2020年全国电力可靠性年度报告,https://prpq.nea.gov.cn/uploads/file1/20221220/63a11862d6604.pdf
Xizang,2021,0,,,,,,,2021年全国电力可靠性年度报告,https://prpq.nea.gov.cn/uploads/file1/20230308/640801ab6e248.pdf
Xizang,2022,0,,,,,,,2022年全国电力可靠性年度报告,https://prpq.nea.gov.cn/uploads/file1/20231213/657951e0b1c7a.pdf
Xizang,2023,0,,,,,,,2023年全国电力可靠性年度报告,https://prpq.nea.gov.cn/uploads/file1/20240911/66e102e09bfea.pdf
Yunnan,2018,32,387.5,1763.1,2653.02,5919.88,0.30285616438356167,0.6757853881278539,2018年全国电力可靠性年度报告,http://prpq.nea.gov.cn/9152.pdf
Yunnan,2019,32,387.5,1873.38,2767.65,5777.64,0.3159417808219178,0.6595479452054794,2019年全国电力可靠性年度报告,https://prpq.nea.gov.cn/uploads/file1/20260612/6a2b67c840cdf.pdf
Yunnan,2020,32,387.5,2765.8,3875.68,4204.57,0.4412204007285974,0.4786623406193078,2020年全国电力可靠性年度报告,https://prpq.nea.gov.cn/uploads/file1/20221220/63a11862d6604.pdf
Yunnan,2021,28,400.0,,4973.17,3109.78,0.5677134703196347,0.35499771689497717,2021年全国电力可靠性年度报告,https://prpq.nea.gov.cn/uploads/file1/20230308/640801ab6e248.pdf
Yunnan,2022,28,400.0,,4721.8,3358.42,0.5390182648401827,0.3833812785388128,2022年全国电力可靠性年度报告,https://prpq.nea.gov.cn/uploads/file1/20231213/657951e0b1c7a.pdf
Yunnan,2023,26,415.38,,6946.47,724.38,0.7929760273972603,0.0826917808219178,2023年全国电力可靠性年度报告,https://prpq.nea.gov.cn/uploads/file1/20240911/66e102e09bfea.pdf
Zhejiang,2018,72,584.8,4895.64,6926.67,1163.79,0.7907157534246575,0.1328527397260274,2018年全国电力可靠性年度报告,http://prpq.nea.gov.cn/9152.pdf
Zhejiang,2019,64,636.48,4643.96,7087.48,1146.25,0.8090730593607306,0.13085045662100456,2019年全国电力可靠性年度报告,https://prpq.nea.gov.cn/uploads/file1/20260612/6a2b67c840cdf.pdf
Zhejiang,2020,66,625.54,4427.03,6856.38,1270.91,0.7805532786885246,0.1446846539162113,2020年全国电力可靠性年度报告,https://prpq.nea.gov.cn/uploads/file1/20221220/63a11862d6604.pdf
Zhejiang,2021,65,648.54,,7632.95,522.64,0.8713413242009133,0.059662100456621,2021年全国电力可靠性年度报告,https://prpq.nea.gov.cn/uploads/file1/20230308/640801ab6e248.pdf
Zhejiang,2022,65,649.85,,7656.47,478.99,0.8740262557077626,0.05467922374429224,2022年全国电力可靠性年度报告,https://prpq.nea.gov.cn/uploads/file1/20231213/657951e0b1c7a.pdf
Zhejiang,2023,65,650.14,,7698.94,477.24,0.8788744292237443,0.05447945205479452,2023年全国电力可靠性年度报告,https://prpq.nea.gov.cn/uploads/file1/20240911/66e102e09bfea.pdf
