province,year,policy_count,docs_with_content,content_coverage,content_chars,green_finance,green_finance_doc_count,green_finance_per_10k_chars,green_finance_doc_share,green_finance_per_policy,coal_clean,coal_clean_doc_count,coal_clean_per_10k_chars,coal_clean_doc_share,coal_clean_per_policy,pollution_control,pollution_control_doc_count,pollution_control_per_10k_chars,pollution_control_doc_share,pollution_control_per_policy,renewable,renewable_doc_count,renewable_per_10k_chars,renewable_doc_share,renewable_per_policy
内蒙古,2000,78,78,1.00000000,227383,1,1,0.04397866,0.01282051,0.01282051,13,6,0.57172260,0.07692308,0.16666667,7,3,0.30785063,0.03846154,0.08974359,3,3,0.13193598,0.03846154,0.03846154
内蒙古,2001,84,84,1.00000000,305363,1,1,0.03274791,0.01190476,0.01190476,100,5,3.27479099,0.05952381,1.19047619,2,2,0.06549582,0.02380952,0.02380952,2,2,0.06549582,0.02380952,0.02380952
内蒙古,2002,84,84,1.00000000,246402,8,2,0.32467269,0.02380952,0.09523810,16,4,0.64934538,0.04761905,0.19047619,0,0,0.00000000,0.00000000,0.00000000,0,0,0.00000000,0.00000000,0.00000000
内蒙古,2003,2,2,1.00000000,1346,0,0,0.00000000,0.00000000,0.00000000,0,0,0.00000000,0.00000000,0.00000000,0,0,0.00000000,0.00000000,0.00000000,0,0,0.00000000,0.00000000,0.00000000
内蒙古,2004,15,13,0.86666667,24949,0,0,0.00000000,0.00000000,0.00000000,0,0,0.00000000,0.00000000,0.00000000,0,0,0.00000000,0.00000000,0.00000000,0,0,0.00000000,0.00000000,0.00000000
内蒙古,2005,178,178,1.00000000,406360,10,3,0.24608721,0.01685393,0.05617978,556,29,13.68244906,0.16292135,3.12359551,1,1,0.02460872,0.00561798,0.00561798,4,3,0.09843489,0.01685393,0.02247191
内蒙古,2006,139,139,1.00000000,424584,4,4,0.09420986,0.02877698,0.02877698,104,14,2.44945641,0.10071942,0.74820144,1,1,0.02355247,0.00719424,0.00719424,69,6,1.62512012,0.04316547,0.49640288
内蒙古,2007,98,98,1.00000000,274916,1,1,0.03637475,0.01020408,0.01020408,174,14,6.32920601,0.14285714,1.77551020,76,13,2.76448079,0.13265306,0.77551020,45,6,1.63686362,0.06122449,0.45918367
内蒙古,2008,93,93,1.00000000,289262,9,7,0.31113662,0.07526882,0.09677419,197,24,6.81043483,0.25806452,2.11827957,88,8,3.04222470,0.08602151,0.94623656,70,15,2.41995146,0.16129032,0.75268817
内蒙古,2009,89,89,1.00000000,254576,9,5,0.35352901,0.05617978,0.10112360,122,12,4.79228207,0.13483146,1.37078652,24,6,0.94274401,0.06741573,0.26966292,69,4,2.71038904,0.04494382,0.77528090
内蒙古,2010,64,64,1.00000000,293955,11,5,0.37420694,0.07812500,0.17187500,118,16,4.01421986,0.25000000,1.84375000,15,7,0.51028219,0.10937500,0.23437500,67,9,2.27926043,0.14062500,1.04687500
内蒙古,2011,70,70,1.00000000,277657,5,3,0.18007830,0.04285714,0.07142857,74,12,2.66515881,0.17142857,1.05714286,120,8,4.32187915,0.11428571,1.71428571,45,7,1.62070468,0.10000000,0.64285714
内蒙古,2012,52,52,1.00000000,222968,10,6,0.44849485,0.11538462,0.19230769,35,12,1.56973198,0.23076923,0.67307692,11,6,0.49334434,0.11538462,0.21153846,25,5,1.12123713,0.09615385,0.48076923
内蒙古,2013,96,96,1.00000000,440393,25,11,0.56767478,0.11458333,0.26041667,173,23,3.92830949,0.23958333,1.80208333,70,13,1.58948939,0.13541667,0.72916667,44,15,0.99910762,0.15625000,0.45833333
内蒙古,2014,201,201,1.00000000,818537,59,25,0.72079820,0.12437811,0.29353234,766,35,9.35815974,0.17412935,3.81094527,206,15,2.51668526,0.07462687,1.02487562,174,15,2.12574386,0.07462687,0.86567164
内蒙古,2015,262,262,1.00000000,1263702,59,35,0.46688222,0.13358779,0.22519084,163,29,1.28986106,0.11068702,0.62213740,108,22,0.85463187,0.08396947,0.41221374,200,19,1.58265161,0.07251908,0.76335878
内蒙古,2016,301,301,1.00000000,1380972,117,51,0.84722934,0.16943522,0.38870432,167,39,1.20929316,0.12956811,0.55481728,205,39,1.48446167,0.12956811,0.68106312,399,41,2.88926930,0.13621262,1.32558140
内蒙古,2017,258,258,1.00000000,1315814,264,44,2.00636260,0.17054264,1.02325581,220,38,1.67196883,0.14728682,0.85271318,241,32,1.83156586,0.12403101,0.93410853,157,31,1.19317776,0.12015504,0.60852713
内蒙古,2018,155,155,1.00000000,622038,37,11,0.59481897,0.07096774,0.23870968,130,15,2.08990448,0.09677419,0.83870968,102,16,1.63977120,0.10322581,0.65806452,172,28,2.76510438,0.18064516,1.10967742
内蒙古,2019,104,104,1.00000000,386175,8,5,0.20715997,0.04807692,0.07692308,28,10,0.72505988,0.09615385,0.26923077,53,7,1.37243478,0.06730769,0.50961538,28,11,0.72505988,0.10576923,0.26923077
内蒙古,2020,126,126,1.00000000,513491,11,8,0.21421992,0.06349206,0.08730159,317,28,6.17342855,0.22222222,2.51587302,50,16,0.97372690,0.12698413,0.39682540,20,7,0.38949076,0.05555556,0.15873016
内蒙古,2021,160,160,1.00000000,561608,28,11,0.49856840,0.06875000,0.17500000,27,12,0.48076238,0.07500000,0.16875000,61,18,1.08616686,0.11250000,0.38125000,490,24,8.72494694,0.15000000,3.06250000
内蒙古,2022,158,158,1.00000000,808855,57,26,0.70469985,0.16455696,0.36075949,201,23,2.48499422,0.14556962,1.27215190,137,11,1.69375228,0.06962025,0.86708861,762,34,9.42072436,0.21518987,4.82278481
内蒙古,2023,107,107,1.00000000,450983,8,6,0.17739028,0.05607477,0.07476636,414,18,9.17994692,0.16822430,3.86915888,186,10,4.12432398,0.09345794,1.73831776,914,18,20.26683933,0.16822430,8.54205607
山西,2002,4,4,1.00000000,17209,0,0,0.00000000,0.00000000,0.00000000,0,0,0.00000000,0.00000000,0.00000000,0,0,0.00000000,0.00000000,0.00000000,0,0,0.00000000,0.00000000,0.00000000
山西,2003,60,60,1.00000000,214885,0,0,0.00000000,0.00000000,0.00000000,333,14,15.49666100,0.23333333,5.55000000,6,3,0.27921912,0.05000000,0.10000000,3,2,0.13960956,0.03333333,0.05000000
山西,2004,93,93,1.00000000,334992,13,2,0.38806897,0.02150538,0.13978495,462,25,13.79137412,0.26881720,4.96774194,17,9,0.50747481,0.09677419,0.18279570,4,3,0.11940584,0.03225806,0.04301075
山西,2005,96,96,1.00000000,315731,7,3,0.22170772,0.03125000,0.07291667,1177,40,37.27856942,0.41666667,12.26041667,38,11,1.20355619,0.11458333,0.39583333,6,4,0.19003519,0.04166667,0.06250000
山西,2006,112,112,1.00000000,807037,13,8,0.16108307,0.07142857,0.11607143,1205,46,14.93116177,0.41071429,10.75892857,295,21,3.65534666,0.18750000,2.63392857,71,14,0.87976140,0.12500000,0.63392857
山西,2007,138,138,1.00000000,841480,7,6,0.08318677,0.04347826,0.05072464,2354,59,27.97452108,0.42753623,17.05797101,141,21,1.67561915,0.15217391,1.02173913,73,12,0.86751913,0.08695652,0.52898551
山西,2008,116,116,1.00000000,524975,23,9,0.43811610,0.07758621,0.19827586,1165,47,22.19153293,0.40517241,10.04310345,256,19,4.87642269,0.16379310,2.20689655,80,14,1.52388209,0.12068966,0.68965517
山西,2009,168,168,1.00000000,739546,37,16,0.50030695,0.09523810,0.22023810,1622,64,21.93237473,0.38095238,9.65476190,159,28,2.14996768,0.16666667,0.94642857,85,15,1.14935379,0.08928571,0.50595238
山西,2010,101,101,1.00000000,456858,11,11,0.24077503,0.10891089,0.10891089,556,40,12.17008348,0.39603960,5.50495050,183,17,4.00562100,0.16831683,1.81188119,41,10,0.89743421,0.09900990,0.40594059
山西,2011,99,99,1.00000000,444232,7,6,0.15757532,0.06060606,0.07070707,534,35,12.02074592,0.35353535,5.39393939,46,15,1.03549497,0.15151515,0.46464646,89,11,2.00345765,0.11111111,0.89898990
山西,2012,117,117,1.00000000,634848,32,18,0.50405766,0.15384615,0.27350427,549,35,8.64773930,0.29914530,4.69230769,232,14,3.65441807,0.11965812,1.98290598,74,14,1.16563335,0.11965812,0.63247863
山西,2013,152,152,1.00000000,793461,7,5,0.08822110,0.03289474,0.04605263,896,54,11.29230044,0.35526316,5.89473684,186,33,2.34416058,0.21710526,1.22368421,256,31,3.22637155,0.20394737,1.68421053
山西,2014,144,144,1.00000000,611967,19,14,0.31047426,0.09722222,0.13194444,698,38,11.40584378,0.26388889,4.84722222,166,28,2.71256457,0.19444444,1.15277778,364,16,5.94803315,0.11111111,2.52777778
山西,2015,185,184,0.99459459,851503,24,18,0.28185456,0.09729730,0.12972973,775,53,9.10155337,0.28648649,4.18918919,234,31,2.74808192,0.16756757,1.26486486,111,25,1.30357732,0.13513514,0.60000000
山西,2016,260,260,1.00000000,1250343,33,22,0.26392758,0.08461538,0.12692308,1574,68,12.58854570,0.26153846,6.05384615,176,43,1.40761375,0.16538462,0.67692308,479,41,3.83094879,0.15769231,1.84230769
山西,2017,288,288,1.00000000,1315857,45,29,0.34198245,0.10069444,0.15625000,634,65,4.81815273,0.22569444,2.20138889,334,47,2.53826974,0.16319444,1.15972222,402,46,3.05504322,0.15972222,1.39583333
山西,2018,204,204,1.00000000,904944,38,16,0.41991549,0.07843137,0.18627451,474,38,5.23789317,0.18627451,2.32352941,228,23,2.51949292,0.11274510,1.11764706,128,26,1.41445216,0.12745098,0.62745098
山西,2019,177,176,0.99435028,597100,16,10,0.26796182,0.05649718,0.09039548,325,33,5.44297438,0.18644068,1.83615819,101,19,1.69150896,0.10734463,0.57062147,78,23,1.30631385,0.12994350,0.44067797
山西,2020,324,324,1.00000000,1122937,41,27,0.36511398,0.08333333,0.12654321,661,33,5.88634981,0.10185185,2.04012346,107,32,0.95285844,0.09876543,0.33024691,79,19,0.70351231,0.05864198,0.24382716
山西,2021,333,333,1.00000000,1855109,62,29,0.33421217,0.08708709,0.18618619,689,53,3.71406748,0.15915916,2.06906907,297,55,1.60098409,0.16516517,0.89189189,511,38,2.75455512,0.11411411,1.53453453
山西,2022,369,368,0.99728997,1560189,77,39,0.49352995,0.10569106,0.20867209,935,61,5.99286369,0.16531165,2.53387534,469,51,3.00604606,0.13821138,1.27100271,550,60,3.52521393,0.16260163,1.49051491
山西,2023,334,334,1.00000000,1407895,61,26,0.43327095,0.07784431,0.18263473,1055,47,7.49345654,0.14071856,3.15868263,321,34,2.27999957,0.10179641,0.96107784,488,45,3.46616758,0.13473054,1.46107784
