province,year,topic,topic_label,value,leadership_event
Neimenggu,2000,green_finance_per_10k_chars,Green finance words per 10k chars,0.04397866,
Neimenggu,2000,coal_clean_per_10k_chars,Coal clean-up words per 10k chars,0.57172260,
Neimenggu,2000,renewable_per_10k_chars,Renewable words per 10k chars,0.13193598,
Neimenggu,2001,green_finance_per_10k_chars,Green finance words per 10k chars,0.03274791,
Neimenggu,2001,coal_clean_per_10k_chars,Coal clean-up words per 10k chars,3.27479099,
Neimenggu,2001,renewable_per_10k_chars,Renewable words per 10k chars,0.06549582,
Neimenggu,2002,green_finance_per_10k_chars,Green finance words per 10k chars,0.32467269,
Neimenggu,2002,coal_clean_per_10k_chars,Coal clean-up words per 10k chars,0.64934538,
Neimenggu,2002,renewable_per_10k_chars,Renewable words per 10k chars,0.00000000,
Neimenggu,2003,green_finance_per_10k_chars,Green finance words per 10k chars,0.00000000,
Neimenggu,2003,coal_clean_per_10k_chars,Coal clean-up words per 10k chars,0.00000000,
Neimenggu,2003,renewable_per_10k_chars,Renewable words per 10k chars,0.00000000,
Neimenggu,2004,green_finance_per_10k_chars,Green finance words per 10k chars,0.00000000,
Neimenggu,2004,coal_clean_per_10k_chars,Coal clean-up words per 10k chars,0.00000000,
Neimenggu,2004,renewable_per_10k_chars,Renewable words per 10k chars,0.00000000,
Neimenggu,2005,green_finance_per_10k_chars,Green finance words per 10k chars,0.24608721,
Neimenggu,2005,coal_clean_per_10k_chars,Coal clean-up words per 10k chars,13.68244906,
Neimenggu,2005,renewable_per_10k_chars,Renewable words per 10k chars,0.09843489,
Neimenggu,2006,green_finance_per_10k_chars,Green finance words per 10k chars,0.09420986,
Neimenggu,2006,coal_clean_per_10k_chars,Coal clean-up words per 10k chars,2.44945641,
Neimenggu,2006,renewable_per_10k_chars,Renewable words per 10k chars,1.62512012,
Neimenggu,2007,green_finance_per_10k_chars,Green finance words per 10k chars,0.03637475,
Neimenggu,2007,coal_clean_per_10k_chars,Coal clean-up words per 10k chars,6.32920601,
Neimenggu,2007,renewable_per_10k_chars,Renewable words per 10k chars,1.63686362,
Neimenggu,2008,green_finance_per_10k_chars,Green finance words per 10k chars,0.31113662,
Neimenggu,2008,coal_clean_per_10k_chars,Coal clean-up words per 10k chars,6.81043483,
Neimenggu,2008,renewable_per_10k_chars,Renewable words per 10k chars,2.41995146,
Neimenggu,2009,green_finance_per_10k_chars,Green finance words per 10k chars,0.35352901,joint_turnover
Neimenggu,2009,coal_clean_per_10k_chars,Coal clean-up words per 10k chars,4.79228207,joint_turnover
Neimenggu,2009,renewable_per_10k_chars,Renewable words per 10k chars,2.71038904,joint_turnover
Neimenggu,2010,green_finance_per_10k_chars,Green finance words per 10k chars,0.37420694,
Neimenggu,2010,coal_clean_per_10k_chars,Coal clean-up words per 10k chars,4.01421986,
Neimenggu,2010,renewable_per_10k_chars,Renewable words per 10k chars,2.27926043,
Neimenggu,2011,green_finance_per_10k_chars,Green finance words per 10k chars,0.18007830,
Neimenggu,2011,coal_clean_per_10k_chars,Coal clean-up words per 10k chars,2.66515881,
Neimenggu,2011,renewable_per_10k_chars,Renewable words per 10k chars,1.62070468,
Neimenggu,2012,green_finance_per_10k_chars,Green finance words per 10k chars,0.44849485,party_secretary_turnover
Neimenggu,2012,coal_clean_per_10k_chars,Coal clean-up words per 10k chars,1.56973198,party_secretary_turnover
Neimenggu,2012,renewable_per_10k_chars,Renewable words per 10k chars,1.12123713,party_secretary_turnover
Neimenggu,2013,green_finance_per_10k_chars,Green finance words per 10k chars,0.56767478,
Neimenggu,2013,coal_clean_per_10k_chars,Coal clean-up words per 10k chars,3.92830949,
Neimenggu,2013,renewable_per_10k_chars,Renewable words per 10k chars,0.99910762,
Neimenggu,2014,green_finance_per_10k_chars,Green finance words per 10k chars,0.72079820,
Neimenggu,2014,coal_clean_per_10k_chars,Coal clean-up words per 10k chars,9.35815974,
Neimenggu,2014,renewable_per_10k_chars,Renewable words per 10k chars,2.12574386,
Neimenggu,2015,green_finance_per_10k_chars,Green finance words per 10k chars,0.46688222,
Neimenggu,2015,coal_clean_per_10k_chars,Coal clean-up words per 10k chars,1.28986106,
Neimenggu,2015,renewable_per_10k_chars,Renewable words per 10k chars,1.58265161,
Neimenggu,2016,green_finance_per_10k_chars,Green finance words per 10k chars,0.84722934,joint_turnover
Neimenggu,2016,coal_clean_per_10k_chars,Coal clean-up words per 10k chars,1.20929316,joint_turnover
Neimenggu,2016,renewable_per_10k_chars,Renewable words per 10k chars,2.88926930,joint_turnover
Neimenggu,2017,green_finance_per_10k_chars,Green finance words per 10k chars,2.00636260,
Neimenggu,2017,coal_clean_per_10k_chars,Coal clean-up words per 10k chars,1.67196883,
Neimenggu,2017,renewable_per_10k_chars,Renewable words per 10k chars,1.19317776,
Neimenggu,2018,green_finance_per_10k_chars,Green finance words per 10k chars,0.59481897,
Neimenggu,2018,coal_clean_per_10k_chars,Coal clean-up words per 10k chars,2.08990448,
Neimenggu,2018,renewable_per_10k_chars,Renewable words per 10k chars,2.76510438,
Neimenggu,2019,green_finance_per_10k_chars,Green finance words per 10k chars,0.20715997,party_secretary_turnover
Neimenggu,2019,coal_clean_per_10k_chars,Coal clean-up words per 10k chars,0.72505988,party_secretary_turnover
Neimenggu,2019,renewable_per_10k_chars,Renewable words per 10k chars,0.72505988,party_secretary_turnover
Neimenggu,2020,green_finance_per_10k_chars,Green finance words per 10k chars,0.21421992,
Neimenggu,2020,coal_clean_per_10k_chars,Coal clean-up words per 10k chars,6.17342855,
Neimenggu,2020,renewable_per_10k_chars,Renewable words per 10k chars,0.38949076,
Neimenggu,2021,green_finance_per_10k_chars,Green finance words per 10k chars,0.49856840,governor_turnover
Neimenggu,2021,coal_clean_per_10k_chars,Coal clean-up words per 10k chars,0.48076238,governor_turnover
Neimenggu,2021,renewable_per_10k_chars,Renewable words per 10k chars,8.72494694,governor_turnover
Neimenggu,2022,green_finance_per_10k_chars,Green finance words per 10k chars,0.70469985,party_secretary_turnover
Neimenggu,2022,coal_clean_per_10k_chars,Coal clean-up words per 10k chars,2.48499422,party_secretary_turnover
Neimenggu,2022,renewable_per_10k_chars,Renewable words per 10k chars,9.42072436,party_secretary_turnover
Neimenggu,2023,green_finance_per_10k_chars,Green finance words per 10k chars,0.17739028,
Neimenggu,2023,coal_clean_per_10k_chars,Coal clean-up words per 10k chars,9.17994692,
Neimenggu,2023,renewable_per_10k_chars,Renewable words per 10k chars,20.26683933,
Shanxi,2002,green_finance_per_10k_chars,Green finance words per 10k chars,0.00000000,
Shanxi,2002,coal_clean_per_10k_chars,Coal clean-up words per 10k chars,0.00000000,
Shanxi,2002,renewable_per_10k_chars,Renewable words per 10k chars,0.00000000,
Shanxi,2003,green_finance_per_10k_chars,Green finance words per 10k chars,0.00000000,
Shanxi,2003,coal_clean_per_10k_chars,Coal clean-up words per 10k chars,15.49666100,
Shanxi,2003,renewable_per_10k_chars,Renewable words per 10k chars,0.13960956,
Shanxi,2004,green_finance_per_10k_chars,Green finance words per 10k chars,0.38806897,
Shanxi,2004,coal_clean_per_10k_chars,Coal clean-up words per 10k chars,13.79137412,
Shanxi,2004,renewable_per_10k_chars,Renewable words per 10k chars,0.11940584,
Shanxi,2005,green_finance_per_10k_chars,Green finance words per 10k chars,0.22170772,
Shanxi,2005,coal_clean_per_10k_chars,Coal clean-up words per 10k chars,37.27856942,
Shanxi,2005,renewable_per_10k_chars,Renewable words per 10k chars,0.19003519,
Shanxi,2006,green_finance_per_10k_chars,Green finance words per 10k chars,0.16108307,
Shanxi,2006,coal_clean_per_10k_chars,Coal clean-up words per 10k chars,14.93116177,
Shanxi,2006,renewable_per_10k_chars,Renewable words per 10k chars,0.87976140,
Shanxi,2007,green_finance_per_10k_chars,Green finance words per 10k chars,0.08318677,
Shanxi,2007,coal_clean_per_10k_chars,Coal clean-up words per 10k chars,27.97452108,
Shanxi,2007,renewable_per_10k_chars,Renewable words per 10k chars,0.86751913,
Shanxi,2008,green_finance_per_10k_chars,Green finance words per 10k chars,0.43811610,
Shanxi,2008,coal_clean_per_10k_chars,Coal clean-up words per 10k chars,22.19153293,
Shanxi,2008,renewable_per_10k_chars,Renewable words per 10k chars,1.52388209,
Shanxi,2009,green_finance_per_10k_chars,Green finance words per 10k chars,0.50030695,
Shanxi,2009,coal_clean_per_10k_chars,Coal clean-up words per 10k chars,21.93237473,
Shanxi,2009,renewable_per_10k_chars,Renewable words per 10k chars,1.14935379,
Shanxi,2010,green_finance_per_10k_chars,Green finance words per 10k chars,0.24077503,party_secretary_turnover
Shanxi,2010,coal_clean_per_10k_chars,Coal clean-up words per 10k chars,12.17008348,party_secretary_turnover
Shanxi,2010,renewable_per_10k_chars,Renewable words per 10k chars,0.89743421,party_secretary_turnover
Shanxi,2011,green_finance_per_10k_chars,Green finance words per 10k chars,0.15757532,
Shanxi,2011,coal_clean_per_10k_chars,Coal clean-up words per 10k chars,12.02074592,
Shanxi,2011,renewable_per_10k_chars,Renewable words per 10k chars,2.00345765,
Shanxi,2012,green_finance_per_10k_chars,Green finance words per 10k chars,0.50405766,
Shanxi,2012,coal_clean_per_10k_chars,Coal clean-up words per 10k chars,8.64773930,
Shanxi,2012,renewable_per_10k_chars,Renewable words per 10k chars,1.16563335,
Shanxi,2013,green_finance_per_10k_chars,Green finance words per 10k chars,0.08822110,governor_turnover
Shanxi,2013,coal_clean_per_10k_chars,Coal clean-up words per 10k chars,11.29230044,governor_turnover
Shanxi,2013,renewable_per_10k_chars,Renewable words per 10k chars,3.22637155,governor_turnover
Shanxi,2014,green_finance_per_10k_chars,Green finance words per 10k chars,0.31047426,party_secretary_turnover
Shanxi,2014,coal_clean_per_10k_chars,Coal clean-up words per 10k chars,11.40584378,party_secretary_turnover
Shanxi,2014,renewable_per_10k_chars,Renewable words per 10k chars,5.94803315,party_secretary_turnover
Shanxi,2015,green_finance_per_10k_chars,Green finance words per 10k chars,0.28185456,
Shanxi,2015,coal_clean_per_10k_chars,Coal clean-up words per 10k chars,9.10155337,
Shanxi,2015,renewable_per_10k_chars,Renewable words per 10k chars,1.30357732,
Shanxi,2016,green_finance_per_10k_chars,Green finance words per 10k chars,0.26392758,joint_turnover
Shanxi,2016,coal_clean_per_10k_chars,Coal clean-up words per 10k chars,12.58854570,joint_turnover
Shanxi,2016,renewable_per_10k_chars,Renewable words per 10k chars,3.83094879,joint_turnover
Shanxi,2017,green_finance_per_10k_chars,Green finance words per 10k chars,0.34198245,
Shanxi,2017,coal_clean_per_10k_chars,Coal clean-up words per 10k chars,4.81815273,
Shanxi,2017,renewable_per_10k_chars,Renewable words per 10k chars,3.05504322,
Shanxi,2018,green_finance_per_10k_chars,Green finance words per 10k chars,0.41991549,
Shanxi,2018,coal_clean_per_10k_chars,Coal clean-up words per 10k chars,5.23789317,
Shanxi,2018,renewable_per_10k_chars,Renewable words per 10k chars,1.41445216,
Shanxi,2019,green_finance_per_10k_chars,Green finance words per 10k chars,0.26796182,party_secretary_turnover
Shanxi,2019,coal_clean_per_10k_chars,Coal clean-up words per 10k chars,5.44297438,party_secretary_turnover
Shanxi,2019,renewable_per_10k_chars,Renewable words per 10k chars,1.30631385,party_secretary_turnover
Shanxi,2020,green_finance_per_10k_chars,Green finance words per 10k chars,0.36511398,governor_turnover
Shanxi,2020,coal_clean_per_10k_chars,Coal clean-up words per 10k chars,5.88634981,governor_turnover
Shanxi,2020,renewable_per_10k_chars,Renewable words per 10k chars,0.70351231,governor_turnover
Shanxi,2021,green_finance_per_10k_chars,Green finance words per 10k chars,0.33421217,joint_turnover
Shanxi,2021,coal_clean_per_10k_chars,Coal clean-up words per 10k chars,3.71406748,joint_turnover
Shanxi,2021,renewable_per_10k_chars,Renewable words per 10k chars,2.75455512,joint_turnover
Shanxi,2022,green_finance_per_10k_chars,Green finance words per 10k chars,0.49352995,joint_turnover
Shanxi,2022,coal_clean_per_10k_chars,Coal clean-up words per 10k chars,5.99286369,joint_turnover
Shanxi,2022,renewable_per_10k_chars,Renewable words per 10k chars,3.52521393,joint_turnover
Shanxi,2023,green_finance_per_10k_chars,Green finance words per 10k chars,0.43327095,joint_turnover
Shanxi,2023,coal_clean_per_10k_chars,Coal clean-up words per 10k chars,7.49345654,joint_turnover
Shanxi,2023,renewable_per_10k_chars,Renewable words per 10k chars,3.46616758,joint_turnover
