edb_code,indicator,unit,freq,date,value
M0059249,山西:金融机构各项贷款余额:本外币,亿元,月,20090131,6282.23
M0059249,山西:金融机构各项贷款余额:本外币,亿元,月,20090228,6426.59
M0059249,山西:金融机构各项贷款余额:本外币,亿元,月,20090331,6736.35
M0059249,山西:金融机构各项贷款余额:本外币,亿元,月,20090430,6863.98
M0059249,山西:金融机构各项贷款余额:本外币,亿元,月,20090531,6934.33
M0059249,山西:金融机构各项贷款余额:本外币,亿元,月,20090630,7360.9
M0059249,山西:金融机构各项贷款余额:本外币,亿元,月,20090731,7457.8
M0059249,山西:金融机构各项贷款余额:本外币,亿元,月,20090831,7624.71
M0059249,山西:金融机构各项贷款余额:本外币,亿元,月,20090930,7752.66
M0059249,山西:金融机构各项贷款余额:本外币,亿元,月,20091031,7872.3
M0059249,山西:金融机构各项贷款余额:本外币,亿元,月,20091130,7904.92
M0059249,山西:金融机构各项贷款余额:本外币,亿元,月,20091231,7915.41
M0059249,山西:金融机构各项贷款余额:本外币,亿元,月,20100131,8147
M0059249,山西:金融机构各项贷款余额:本外币,亿元,月,20100228,8394.8
M0059249,山西:金融机构各项贷款余额:本外币,亿元,月,20100331,8511.2
M0059249,山西:金融机构各项贷款余额:本外币,亿元,月,20100430,8630.3
M0059249,山西:金融机构各项贷款余额:本外币,亿元,月,20100531,8748
M0059249,山西:金融机构各项贷款余额:本外币,亿元,月,20100630,8923.6
M0059249,山西:金融机构各项贷款余额:本外币,亿元,月,20100731,9051
M0059249,山西:金融机构各项贷款余额:本外币,亿元,月,20100831,9212.6
M0059249,山西:金融机构各项贷款余额:本外币,亿元,月,20100930,9373.5
M0059249,山西:金融机构各项贷款余额:本外币,亿元,月,20101031,9520.3
M0059249,山西:金融机构各项贷款余额:本外币,亿元,月,20101130,9621.6
M0059249,山西:金融机构各项贷款余额:本外币,亿元,月,20101231,9728.7
M0059249,山西:金融机构各项贷款余额:本外币,亿元,月,20110131,9881.9
M0059249,山西:金融机构各项贷款余额:本外币,亿元,月,20110228,9972.3
M0059249,山西:金融机构各项贷款余额:本外币,亿元,月,20110331,10158.4
M0059249,山西:金融机构各项贷款余额:本外币,亿元,月,20110430,10273.8
M0059249,山西:金融机构各项贷款余额:本外币,亿元,月,20110531,10384.6
M0059249,山西:金融机构各项贷款余额:本外币,亿元,月,20110630,10552.1
M0059249,山西:金融机构各项贷款余额:本外币,亿元,月,20110731,10676.8
M0059249,山西:金融机构各项贷款余额:本外币,亿元,月,20110831,10821.9
M0059249,山西:金融机构各项贷款余额:本外币,亿元,月,20110930,10879.6
M0059249,山西:金融机构各项贷款余额:本外币,亿元,月,20111031,11039.7
M0059249,山西:金融机构各项贷款余额:本外币,亿元,月,20111130,11134
M0059249,山西:金融机构各项贷款余额:本外币,亿元,月,20111231,11265.6
M0059249,山西:金融机构各项贷款余额:本外币,亿元,月,20120131,11480.8
M0059249,山西:金融机构各项贷款余额:本外币,亿元,月,20120229,11678.4
M0059249,山西:金融机构各项贷款余额:本外币,亿元,月,20120331,12071.3
M0059249,山西:金融机构各项贷款余额:本外币,亿元,月,20120430,12286.2
M0059249,山西:金融机构各项贷款余额:本外币,亿元,月,20120531,12488.4
M0059249,山西:金融机构各项贷款余额:本外币,亿元,月,20120630,12623.9
M0059249,山西:金融机构各项贷款余额:本外币,亿元,月,20120731,12738.5
M0059249,山西:金融机构各项贷款余额:本外币,亿元,月,20120831,12837.7
M0059249,山西:金融机构各项贷款余额:本外币,亿元,月,20120930,12963
M0059249,山西:金融机构各项贷款余额:本外币,亿元,月,20121031,13068.4
M0059249,山西:金融机构各项贷款余额:本外币,亿元,月,20121130,13131.3
M0059249,山西:金融机构各项贷款余额:本外币,亿元,月,20121231,13211.3
M0059249,山西:金融机构各项贷款余额:本外币,亿元,月,20130131,13449.8
M0059249,山西:金融机构各项贷款余额:本外币,亿元,月,20130228,13546.2
M0059249,山西:金融机构各项贷款余额:本外币,亿元,月,20130331,13704.9
M0059249,山西:金融机构各项贷款余额:本外币,亿元,月,20130430,13902.7
M0059249,山西:金融机构各项贷款余额:本外币,亿元,月,20130531,14077
M0059249,山西:金融机构各项贷款余额:本外币,亿元,月,20130630,14271.5
M0059249,山西:金融机构各项贷款余额:本外币,亿元,月,20130731,14421
M0059249,山西:金融机构各项贷款余额:本外币,亿元,月,20130831,14522.4
M0059249,山西:金融机构各项贷款余额:本外币,亿元,月,20130930,14719.5
M0059249,山西:金融机构各项贷款余额:本外币,亿元,月,20131031,14818
M0059249,山西:金融机构各项贷款余额:本外币,亿元,月,20131130,14977.1
M0059249,山西:金融机构各项贷款余额:本外币,亿元,月,20131231,15025.5
M0059249,山西:金融机构各项贷款余额:本外币,亿元,月,20140131,15390.56
M0059249,山西:金融机构各项贷款余额:本外币,亿元,月,20140228,15481.81
M0059249,山西:金融机构各项贷款余额:本外币,亿元,月,20140331,15648.72
M0059249,山西:金融机构各项贷款余额:本外币,亿元,月,20140430,15701.14
M0059249,山西:金融机构各项贷款余额:本外币,亿元,月,20140531,15872.46
M0059249,山西:金融机构各项贷款余额:本外币,亿元,月,20140630,15993.85
M0059249,山西:金融机构各项贷款余额:本外币,亿元,月,20140731,16034.56
M0059249,山西:金融机构各项贷款余额:本外币,亿元,月,20140831,16147.19
M0059249,山西:金融机构各项贷款余额:本外币,亿元,月,20140930,16304.35
M0059249,山西:金融机构各项贷款余额:本外币,亿元,月,20141031,16331.46
M0059249,山西:金融机构各项贷款余额:本外币,亿元,月,20141130,16503.01
M0059249,山西:金融机构各项贷款余额:本外币,亿元,月,20141231,16559.41
M0059249,山西:金融机构各项贷款余额:本外币,亿元,月,20150131,16808.01
M0059249,山西:金融机构各项贷款余额:本外币,亿元,月,20150228,17052.29
M0059249,山西:金融机构各项贷款余额:本外币,亿元,月,20150331,17196.69
M0059249,山西:金融机构各项贷款余额:本外币,亿元,月,20150430,17161.81
M0059249,山西:金融机构各项贷款余额:本外币,亿元,月,20150531,17225.44
M0059249,山西:金融机构各项贷款余额:本外币,亿元,月,20150630,17582.92
M0059249,山西:金融机构各项贷款余额:本外币,亿元,月,20150731,17542.54
M0059249,山西:金融机构各项贷款余额:本外币,亿元,月,20150831,17777.54
M0059249,山西:金融机构各项贷款余额:本外币,亿元,月,20150930,17998.11
M0059249,山西:金融机构各项贷款余额:本外币,亿元,月,20151031,18134.32
M0059249,山西:金融机构各项贷款余额:本外币,亿元,月,20151130,18263.09
M0059249,山西:金融机构各项贷款余额:本外币,亿元,月,20151231,18574.83
M0059249,山西:金融机构各项贷款余额:本外币,亿元,月,20160131,18783.77
M0059249,山西:金融机构各项贷款余额:本外币,亿元,月,20160229,18849.6
M0059249,山西:金融机构各项贷款余额:本外币,亿元,月,20160331,19071.03
M0059249,山西:金融机构各项贷款余额:本外币,亿元,月,20160430,19080.25
M0059249,山西:金融机构各项贷款余额:本外币,亿元,月,20160531,19139.94
M0059249,山西:金融机构各项贷款余额:本外币,亿元,月,20160630,19403.93
M0059249,山西:金融机构各项贷款余额:本外币,亿元,月,20160731,19357.15
M0059249,山西:金融机构各项贷款余额:本外币,亿元,月,20160831,19357.95
M0059249,山西:金融机构各项贷款余额:本外币,亿元,月,20160930,19735.63
M0059249,山西:金融机构各项贷款余额:本外币,亿元,月,20161031,20015.96
M0059249,山西:金融机构各项贷款余额:本外币,亿元,月,20161130,20241.19
M0059249,山西:金融机构各项贷款余额:本外币,亿元,月,20161231,20356.5
M0059249,山西:金融机构各项贷款余额:本外币,亿元,月,20170131,20826.4
M0059249,山西:金融机构各项贷款余额:本外币,亿元,月,20170228,20840.55
M0059249,山西:金融机构各项贷款余额:本外币,亿元,月,20170331,21181.17
M0059249,山西:金融机构各项贷款余额:本外币,亿元,月,20170430,21261.42
M0059249,山西:金融机构各项贷款余额:本外币,亿元,月,20170531,21456.82
M0059249,山西:金融机构各项贷款余额:本外币,亿元,月,20170630,21648.47
M0059249,山西:金融机构各项贷款余额:本外币,亿元,月,20170731,21754.86
M0059249,山西:金融机构各项贷款余额:本外币,亿元,月,20170831,21947.1
M0059249,山西:金融机构各项贷款余额:本外币,亿元,月,20170930,22198.34
M0059249,山西:金融机构各项贷款余额:本外币,亿元,月,20171031,22261.18
M0059249,山西:金融机构各项贷款余额:本外币,亿元,月,20171130,22555.99
M0059249,山西:金融机构各项贷款余额:本外币,亿元,月,20171231,22573.77
M0059249,山西:金融机构各项贷款余额:本外币,亿元,月,20180131,23042.58
M0059249,山西:金融机构各项贷款余额:本外币,亿元,月,20180228,23223.21
M0059249,山西:金融机构各项贷款余额:本外币,亿元,月,20180331,23605.5
M0059249,山西:金融机构各项贷款余额:本外币,亿元,月,20180430,23772.92
M0059249,山西:金融机构各项贷款余额:本外币,亿元,月,20180531,23946.74
M0059249,山西:金融机构各项贷款余额:本外币,亿元,月,20180630,24141.72
M0059249,山西:金融机构各项贷款余额:本外币,亿元,月,20180731,24226.81
M0059249,山西:金融机构各项贷款余额:本外币,亿元,月,20180831,24342.46
M0059249,山西:金融机构各项贷款余额:本外币,亿元,月,20180930,24546.53
M0059249,山西:金融机构各项贷款余额:本外币,亿元,月,20181031,24511.81
M0059249,山西:金融机构各项贷款余额:本外币,亿元,月,20181130,24711.17
M0059249,山西:金融机构各项贷款余额:本外币,亿元,月,20181231,25256.43
M0059249,山西:金融机构各项贷款余额:本外币,亿元,月,20190131,26205.1
M0059249,山西:金融机构各项贷款余额:本外币,亿元,月,20190228,26404.53
M0059249,山西:金融机构各项贷款余额:本外币,亿元,月,20190331,26699.07
M0059249,山西:金融机构各项贷款余额:本外币,亿元,月,20190430,26692.85
M0059249,山西:金融机构各项贷款余额:本外币,亿元,月,20190531,26820.29
M0059249,山西:金融机构各项贷款余额:本外币,亿元,月,20190630,27057.63
M0059249,山西:金融机构各项贷款余额:本外币,亿元,月,20190731,27141.49
M0059249,山西:金融机构各项贷款余额:本外币,亿元,月,20190831,27320.8
M0059249,山西:金融机构各项贷款余额:本外币,亿元,月,20190930,27619.04
M0059249,山西:金融机构各项贷款余额:本外币,亿元,月,20191031,27727.93
M0059249,山西:金融机构各项贷款余额:本外币,亿元,月,20191130,28029.41
M0059249,山西:金融机构各项贷款余额:本外币,亿元,月,20191231,28119.37
M0059249,山西:金融机构各项贷款余额:本外币,亿元,月,20200131,28718
M0059249,山西:金融机构各项贷款余额:本外币,亿元,月,20200229,28890.61
M0059249,山西:金融机构各项贷款余额:本外币,亿元,月,20200331,29534.05
M0059249,山西:金融机构各项贷款余额:本外币,亿元,月,20200430,29761.45
M0059249,山西:金融机构各项贷款余额:本外币,亿元,月,20200531,29858.7
M0059249,山西:金融机构各项贷款余额:本外币,亿元,月,20200630,30157.17
M0059249,山西:金融机构各项贷款余额:本外币,亿元,月,20200731,30139.88
M0059249,山西:金融机构各项贷款余额:本外币,亿元,月,20200831,30260.59
M0059249,山西:金融机构各项贷款余额:本外币,亿元,月,20200930,30409.76
M0059249,山西:金融机构各项贷款余额:本外币,亿元,月,20201031,30597.09
M0059249,山西:金融机构各项贷款余额:本外币,亿元,月,20201130,30828.07
M0059249,山西:金融机构各项贷款余额:本外币,亿元,月,20201231,30640.85
M0059249,山西:金融机构各项贷款余额:本外币,亿元,月,20210131,31367.34
M0059249,山西:金融机构各项贷款余额:本外币,亿元,月,20210228,31507.15
M0059249,山西:金融机构各项贷款余额:本外币,亿元,月,20210331,31961.93
M0059249,山西:金融机构各项贷款余额:本外币,亿元,月,20210430,32360.59
M0059249,山西:金融机构各项贷款余额:本外币,亿元,月,20210531,32588.22
M0059249,山西:金融机构各项贷款余额:本外币,亿元,月,20210630,32960.49
M0059249,山西:金融机构各项贷款余额:本外币,亿元,月,20210731,33208.94
M0059249,山西:金融机构各项贷款余额:本外币,亿元,月,20210831,33441.12
M0059249,山西:金融机构各项贷款余额:本外币,亿元,月,20210930,33739.62
M0059249,山西:金融机构各项贷款余额:本外币,亿元,月,20211031,33845.31
M0059249,山西:金融机构各项贷款余额:本外币,亿元,月,20211130,34083.19
M0059249,山西:金融机构各项贷款余额:本外币,亿元,月,20211231,34214.9
M0059249,山西:金融机构各项贷款余额:本外币,亿元,月,20220131,35003.82
M0059249,山西:金融机构各项贷款余额:本外币,亿元,月,20220228,35173.46
M0059249,山西:金融机构各项贷款余额:本外币,亿元,月,20220331,35749.88
M0059249,山西:金融机构各项贷款余额:本外币,亿元,月,20220430,35598.62
M0059249,山西:金融机构各项贷款余额:本外币,亿元,月,20220531,36000.41
M0059249,山西:金融机构各项贷款余额:本外币,亿元,月,20220630,36359.9
M0059249,山西:金融机构各项贷款余额:本外币,亿元,月,20220731,36374.28
M0059249,山西:金融机构各项贷款余额:本外币,亿元,月,20220831,36626.8
M0059249,山西:金融机构各项贷款余额:本外币,亿元,月,20220930,37252.78
M0059249,山西:金融机构各项贷款余额:本外币,亿元,月,20221031,37297.32
M0059249,山西:金融机构各项贷款余额:本外币,亿元,月,20221130,37338.94
M0059249,山西:金融机构各项贷款余额:本外币,亿元,月,20221231,37620.88
M0059249,山西:金融机构各项贷款余额:本外币,亿元,月,20230131,38781.33
M0059249,山西:金融机构各项贷款余额:本外币,亿元,月,20230228,39226.93
M0059249,山西:金融机构各项贷款余额:本外币,亿元,月,20230331,40119.96
M0059249,山西:金融机构各项贷款余额:本外币,亿元,月,20230430,40139.27
M0059249,山西:金融机构各项贷款余额:本外币,亿元,月,20230531,40272.79
M0059249,山西:金融机构各项贷款余额:本外币,亿元,月,20230630,40879.57
M0059249,山西:金融机构各项贷款余额:本外币,亿元,月,20230731,40808.21
M0059249,山西:金融机构各项贷款余额:本外币,亿元,月,20230831,41091.02
M0059249,山西:金融机构各项贷款余额:本外币,亿元,月,20230930,41478.94
M0059249,山西:金融机构各项贷款余额:本外币,亿元,月,20231031,41679.4
M0059249,山西:金融机构各项贷款余额:本外币,亿元,月,20231130,41843.24
M0059249,山西:金融机构各项贷款余额:本外币,亿元,月,20231231,41944.07
M0059249,山西:金融机构各项贷款余额:本外币,亿元,月,20240131,42979.67
M0059249,山西:金融机构各项贷款余额:本外币,亿元,月,20240229,43267.42
M0059249,山西:金融机构各项贷款余额:本外币,亿元,月,20240331,44032.34
M0059249,山西:金融机构各项贷款余额:本外币,亿元,月,20240430,44334.53
M0059249,山西:金融机构各项贷款余额:本外币,亿元,月,20240531,44396.64
M0059249,山西:金融机构各项贷款余额:本外币,亿元,月,20240630,44800.51
M0059249,山西:金融机构各项贷款余额:本外币,亿元,月,20240731,44942.36
M0059249,山西:金融机构各项贷款余额:本外币,亿元,月,20240831,45029.22
M0059249,山西:金融机构各项贷款余额:本外币,亿元,月,20240930,45710.34
M0059249,山西:金融机构各项贷款余额:本外币,亿元,月,20241031,45604.66
M0059249,山西:金融机构各项贷款余额:本外币,亿元,月,20241130,45624.68
M0059249,山西:金融机构各项贷款余额:本外币,亿元,月,20241231,45599.86
