province,year,raw_coal_output_10k_ton,wind_code,wind_name,wind_original_unit,wind_source,wind_update_date,annualization_rule,national_raw_coal_output_10k_ton,national_wind_code,national_wind_name,national_wind_original_unit,national_wind_source,national_wind_update_date,raw_coal_output_share_national,source_quality_flag
Anhui,2000,4678.31,S0075442,安徽:产量:原煤:累计值,吨,国家统计局,20260622,December YTD value,88009.94,S0026991,中国:产量:原煤:累计值,万吨,国家统计局,20260715,0.05315660935571596,NBS
Anhui,2001,5347.49,S0075442,安徽:产量:原煤:累计值,吨,国家统计局,20260622,December YTD value,96417.91,S0026991,中国:产量:原煤:累计值,万吨,国家统计局,20260715,0.0554615838488928,NBS
Anhui,2002,6137.84,S0075442,安徽:产量:原煤:累计值,吨,国家统计局,20260622,December YTD value,111293.48,S0026991,中国:产量:原煤:累计值,万吨,国家统计局,20260715,0.05515004113448515,NBS
Anhui,2003,6726.41,S0075442,安徽:产量:原煤:累计值,吨,国家统计局,20260622,December YTD value,132669.58,S0026991,中国:产量:原煤:累计值,万吨,国家统计局,20260715,0.05070046954245277,NBS
Anhui,2004,7868.1,S0075442,安徽:产量:原煤:累计值,吨,国家统计局,20260622,December YTD value,160610.86,S0026991,中国:产量:原煤:累计值,万吨,国家统计局,20260715,0.04898859267673432,NBS
Anhui,2005,8434.46,S0075442,安徽:产量:原煤:累计值,吨,国家统计局,20260622,December YTD value,182424.49,S0026991,中国:产量:原煤:累计值,万吨,国家统计局,20260715,0.04623534921215896,NBS
Anhui,2006,8152.1,S0075442,安徽:产量:原煤:累计值,吨,国家统计局,20260622,December YTD value,206598.67,S0026991,中国:产量:原煤:累计值,万吨,国家统计局,20260715,0.03945862768622857,NBS
Anhui,2007,9112.4,S0075442,安徽:产量:原煤:累计值,吨,国家统计局,20260622,December YTD value,229467.58,S0026991,中国:产量:原煤:累计值,万吨,国家统计局,20260715,0.039711056350531085,NBS
Anhui,2008,11913.22,S0075442,安徽:产量:原煤:累计值,吨,国家统计局,20260622,December YTD value,262183.23,S0026991,中国:产量:原煤:累计值,万吨,国家统计局,20260715,0.04543852785702579,NBS
Anhui,2009,12848.548638,S0075442,安徽:产量:原煤:累计值,吨,国家统计局,20260622,December YTD value,296477.25,S0026991,中国:产量:原煤:累计值,万吨,国家统计局,20260715,0.04333738469983785,NBS
Anhui,2015,13404.1662,S0075442,安徽:产量:原煤:累计值,吨,国家统计局,20260622,December YTD value,368484.65,S0026991,中国:产量:原煤:累计值,万吨,国家统计局,20260715,0.03637645747251615,NBS
Anhui,2016,12235.6,S0075442,安徽:产量:原煤:累计值,吨,国家统计局,20260622,December YTD value,336398.6,S0026991,中国:产量:原煤:累计值,万吨,国家统计局,20260715,0.03637232735213524,NBS
Anhui,2017,11724.4,S0075442,安徽:产量:原煤:累计值,吨,国家统计局,20260622,December YTD value,344545.6,S0026991,中国:产量:原煤:累计值,万吨,国家统计局,20260715,0.03402858721748297,NBS
Anhui,2018,11529.1,S0075442,安徽:产量:原煤:累计值,吨,国家统计局,20260622,December YTD value,354590.8,S0026991,中国:产量:原煤:累计值,万吨,国家统计局,20260715,0.03251381592528627,NBS
Anhui,2019,10989.5,S0075442,安徽:产量:原煤:累计值,吨,国家统计局,20260622,December YTD value,374552.5,S0026991,中国:产量:原煤:累计值,万吨,国家统计局,20260715,0.029340346146401373,NBS
Anhui,2020,11084.4,S0075442,安徽:产量:原煤:累计值,吨,国家统计局,20260622,December YTD value,384374.1,S0026991,中国:产量:原煤:累计值,万吨,国家统计局,20260715,0.028837530936657804,NBS
Anhui,2021,11274.1,S0075442,安徽:产量:原煤:累计值,吨,国家统计局,20260622,December YTD value,407136.0,S0026991,中国:产量:原煤:累计值,万吨,国家统计局,20260715,0.027691238308575023,NBS
Anhui,2022,11176.9,S0075442,安徽:产量:原煤:累计值,吨,国家统计局,20260622,December YTD value,449583.9,S0026991,中国:产量:原煤:累计值,万吨,国家统计局,20260715,0.024860543271233687,NBS
Anhui,2023,11206.5,S0075442,安徽:产量:原煤:累计值,吨,国家统计局,20260622,December YTD value,465838.0,S0026991,中国:产量:原煤:累计值,万吨,国家统计局,20260715,0.024056646301933292,NBS
Beijing,2000,553.0,S0075432,北京:产量:原煤:累计值,吨,国家统计局,20260622,December YTD value,88009.94,S0026991,中国:产量:原煤:累计值,万吨,国家统计局,20260715,0.006283381172626637,NBS
Beijing,2001,690.22,S0075432,北京:产量:原煤:累计值,吨,国家统计局,20260622,December YTD value,96417.91,S0026991,中国:产量:原煤:累计值,万吨,国家统计局,20260715,0.007158628516216541,NBS
Beijing,2002,880.95,S0075432,北京:产量:原煤:累计值,吨,国家统计局,20260622,December YTD value,111293.48,S0026991,中国:产量:原煤:累计值,万吨,国家统计局,20260715,0.007915558036283887,NBS
Beijing,2003,822.57,S0075432,北京:产量:原煤:累计值,吨,国家统计局,20260622,December YTD value,132669.58,S0026991,中国:产量:原煤:累计值,万吨,国家统计局,20260715,0.0062001402280764,NBS
Beijing,2004,908.43,S0075432,北京:产量:原煤:累计值,吨,国家统计局,20260622,December YTD value,160610.86,S0026991,中国:产量:原煤:累计值,万吨,国家统计局,20260715,0.005656093243009844,NBS
Beijing,2005,810.65,S0075432,北京:产量:原煤:累计值,吨,国家统计局,20260622,December YTD value,182424.49,S0026991,中国:产量:原煤:累计值,万吨,国家统计局,20260715,0.004443756427659466,NBS
Beijing,2006,610.94,S0075432,北京:产量:原煤:累计值,吨,国家统计局,20260622,December YTD value,206598.67,S0026991,中国:产量:原煤:累计值,万吨,国家统计局,20260715,0.002957134235181669,NBS
Beijing,2007,633.31,S0075432,北京:产量:原煤:累计值,吨,国家统计局,20260622,December YTD value,229467.58,S0026991,中国:产量:原煤:累计值,万吨,国家统计局,20260715,0.002759910572116549,NBS
Beijing,2008,564.96,S0075432,北京:产量:原煤:累计值,吨,国家统计局,20260622,December YTD value,262183.23,S0026991,中国:产量:原煤:累计值,万吨,国家统计局,20260715,0.0021548288958069517,NBS
Beijing,2009,641.253335,S0075432,北京:产量:原煤:累计值,吨,国家统计局,20260622,December YTD value,296477.25,S0026991,中国:产量:原煤:累计值,万吨,国家统计局,20260715,0.002162909076497438,NBS
Beijing,2015,450.1238,S0075432,北京:产量:原煤:累计值,吨,国家统计局,20260622,December YTD value,368484.65,S0026991,中国:产量:原煤:累计值,万吨,国家统计局,20260715,0.0012215537336494207,NBS
Beijing,2016,317.6,S0075432,北京:产量:原煤:累计值,吨,国家统计局,20260622,December YTD value,336398.6,S0026991,中国:产量:原煤:累计值,万吨,国家统计局,20260715,0.0009441180789694132,NBS
Beijing,2017,255.0,S0075432,北京:产量:原煤:累计值,吨,国家统计局,20260622,December YTD value,344545.6,S0026991,中国:产量:原煤:累计值,万吨,国家统计局,20260715,0.0007401052284516186,NBS
Beijing,2018,176.2,S0075432,北京:产量:原煤:累计值,吨,国家统计局,20260622,December YTD value,354590.8,S0026991,中国:产量:原煤:累计值,万吨,国家统计局,20260715,0.0004969108053564841,NBS
Beijing,2019,36.1,S0075432,北京:产量:原煤:累计值,吨,国家统计局,20260622,December YTD value,374552.5,S0026991,中国:产量:原煤:累计值,万吨,国家统计局,20260715,9.638168214068789e-05,NBS
Beijing,2020,0.0,S0075432,北京:产量:原煤:累计值,吨,国家统计局,20260622,December YTD value,384374.1,S0026991,中国:产量:原煤:累计值,万吨,国家统计局,20260715,0.0,NBS
Beijing,2021,0.0,S0075432,北京:产量:原煤:累计值,吨,国家统计局,20260622,December YTD value,407136.0,S0026991,中国:产量:原煤:累计值,万吨,国家统计局,20260715,0.0,NBS
Beijing,2022,0.0,S0075432,北京:产量:原煤:累计值,吨,国家统计局,20260622,December YTD value,449583.9,S0026991,中国:产量:原煤:累计值,万吨,国家统计局,20260715,0.0,NBS
Beijing,2023,0.0,S0075432,北京:产量:原煤:累计值,吨,国家统计局,20260622,December YTD value,465838.0,S0026991,中国:产量:原煤:累计值,万吨,国家统计局,20260715,0.0,NBS
Chongqing,2000,1149.9,S0075450,重庆:产量:原煤:累计值,万吨,国家统计局,20260622,December YTD value,88009.94,S0026991,中国:产量:原煤:累计值,万吨,国家统计局,20260715,0.01306556963906577,NBS
Chongqing,2001,1154.67,S0075450,重庆:产量:原煤:累计值,万吨,国家统计局,20260622,December YTD value,96417.91,S0026991,中国:产量:原煤:累计值,万吨,国家统计局,20260715,0.01197567962217808,NBS
Chongqing,2002,1211.73,S0075450,重庆:产量:原煤:累计值,万吨,国家统计局,20260622,December YTD value,111293.48,S0026991,中国:产量:原煤:累计值,万吨,国家统计局,20260715,0.01088769980056334,NBS
Chongqing,2003,1484.2,S0075450,重庆:产量:原煤:累计值,万吨,国家统计局,20260622,December YTD value,132669.58,S0026991,中国:产量:原煤:累计值,万吨,国家统计局,20260715,0.011187191517452608,NBS
Chongqing,2004,1764.23,S0075450,重庆:产量:原煤:累计值,万吨,国家统计局,20260622,December YTD value,160610.86,S0026991,中国:产量:原煤:累计值,万吨,国家统计局,20260715,0.01098450005186449,NBS
Chongqing,2005,1957.79,S0075450,重庆:产量:原煤:累计值,万吨,国家统计局,20260622,December YTD value,182424.49,S0026991,中国:产量:原煤:累计值,万吨,国家统计局,20260715,0.010732056863637113,NBS
Chongqing,2006,2172.19,S0075450,重庆:产量:原煤:累计值,万吨,国家统计局,20260622,December YTD value,206598.67,S0026991,中国:产量:原煤:累计值,万吨,国家统计局,20260715,0.010514056068221542,NBS
Chongqing,2007,2711.7,S0075450,重庆:产量:原煤:累计值,万吨,国家统计局,20260622,December YTD value,229467.58,S0026991,中国:产量:原煤:累计值,万吨,国家统计局,20260715,0.011817355636905221,NBS
Chongqing,2008,3238.89,S0075450,重庆:产量:原煤:累计值,万吨,国家统计局,20260622,December YTD value,262183.23,S0026991,中国:产量:原煤:累计值,万吨,国家统计局,20260715,0.012353536112893262,NBS
Chongqing,2009,4290.79,S0075450,重庆:产量:原煤:累计值,万吨,国家统计局,20260622,December YTD value,296477.25,S0026991,中国:产量:原煤:累计值,万吨,国家统计局,20260715,0.014472577575513804,NBS
Chongqing,2010,4377.0,S0075450,重庆:产量:原煤:累计值,万吨,国家统计局,20260622,December YTD value,323500.0,S0026991,中国:产量:原煤:累计值,万吨,国家统计局,20260715,0.013530139103554868,NBS
Chongqing,2011,4322.0,S0075450,重庆:产量:原煤:累计值,万吨,国家统计局,20260622,December YTD value,352000.0,S0026991,中国:产量:原煤:累计值,万吨,国家统计局,20260715,0.012278409090909092,NBS
Chongqing,2012,3808.0,S0075450,重庆:产量:原煤:累计值,万吨,国家统计局,20260622,December YTD value,365000.0,S0026991,中国:产量:原煤:累计值,万吨,国家统计局,20260715,0.010432876712328768,NBS
Chongqing,2013,3942.0,S0075450,重庆:产量:原煤:累计值,万吨,国家统计局,20260622,December YTD value,368000.0,S0026991,中国:产量:原煤:累计值,万吨,国家统计局,20260715,0.010711956521739131,NBS
Chongqing,2014,3856.0,S0075450,重庆:产量:原煤:累计值,万吨,国家统计局,20260622,December YTD value,387400.0,S0026991,中国:产量:原煤:累计值,万吨,国家统计局,20260715,0.009953536396489417,NBS
Chongqing,2015,3425.2,S0075450,重庆:产量:原煤:累计值,万吨,国家统计局,20260622,December YTD value,368484.65,S0026991,中国:产量:原煤:累计值,万吨,国家统计局,20260715,0.009295366849066846,NBS
Chongqing,2016,2419.7,S0075450,重庆:产量:原煤:累计值,万吨,国家统计局,20260622,December YTD value,336398.6,S0026991,中国:产量:原煤:累计值,万吨,国家统计局,20260715,0.007192955024188567,NBS
Chongqing,2017,1172.1,S0075450,重庆:产量:原煤:累计值,万吨,国家统计局,20260622,December YTD value,344545.6,S0026991,中国:产量:原煤:累计值,万吨,国家统计局,20260715,0.003401871914777028,NBS
Chongqing,2018,1187.0,S0075450,重庆:产量:原煤:累计值,万吨,国家统计局,20260622,December YTD value,354590.8,S0026991,中国:产量:原煤:累计值,万吨,国家统计局,20260715,0.003347520578650095,NBS
Chongqing,2019,1150.8,S0075450,重庆:产量:原煤:累计值,万吨,国家统计局,20260622,December YTD value,374552.5,S0026991,中国:产量:原煤:累计值,万吨,国家统计局,20260715,0.00307246647666215,NBS
Chongqing,2020,939.4,S0075450,重庆:产量:原煤:累计值,万吨,国家统计局,20260622,December YTD value,384374.1,S0026991,中国:产量:原煤:累计值,万吨,国家统计局,20260715,0.002443973202148636,NBS
Chongqing,2021,0.0,S0075450,重庆:产量:原煤:累计值,万吨,国家统计局,20260622,December YTD value,407136.0,S0026991,中国:产量:原煤:累计值,万吨,国家统计局,20260715,0.0,NBS
Chongqing,2022,0.0,S0075450,重庆:产量:原煤:累计值,万吨,国家统计局,20260622,December YTD value,449583.9,S0026991,中国:产量:原煤:累计值,万吨,国家统计局,20260715,0.0,NBS
Chongqing,2023,0.0,S0075450,重庆:产量:原煤:累计值,万吨,国家统计局,20260622,December YTD value,465838.0,S0026991,中国:产量:原煤:累计值,万吨,国家统计局,20260715,0.0,NBS
Fujian,2000,375.0,S5117159,中国:福建:产量:原煤:累计值,万吨,根据新闻整理,20260622,December YTD value,88009.94,S0026991,中国:产量:原煤:累计值,万吨,国家统计局,20260715,0.004260882350334519,secondary_compilation
Fujian,2001,512.3,S5117159,中国:福建:产量:原煤:累计值,万吨,根据新闻整理,20260622,December YTD value,96417.91,S0026991,中国:产量:原煤:累计值,万吨,国家统计局,20260715,0.005313328198049511,secondary_compilation
Fujian,2002,644.5,S5117159,中国:福建:产量:原煤:累计值,万吨,根据新闻整理,20260622,December YTD value,111293.48,S0026991,中国:产量:原煤:累计值,万吨,国家统计局,20260715,0.005790995123883268,secondary_compilation
Fujian,2003,778.2,S5117159,中国:福建:产量:原煤:累计值,万吨,根据新闻整理,20260622,December YTD value,132669.58,S0026991,中国:产量:原煤:累计值,万吨,国家统计局,20260715,0.005865700336128298,secondary_compilation
Fujian,2004,1076.1,S5117159,中国:福建:产量:原煤:累计值,万吨,根据新闻整理,20260622,December YTD value,160610.86,S0026991,中国:产量:原煤:累计值,万吨,国家统计局,20260715,0.006700045065445762,secondary_compilation
Fujian,2005,1331.7,S5117159,中国:福建:产量:原煤:累计值,万吨,根据新闻整理,20260622,December YTD value,182424.49,S0026991,中国:产量:原煤:累计值,万吨,国家统计局,20260715,0.007300006704143726,secondary_compilation
Fujian,2006,1759.2,S5117159,中国:福建:产量:原煤:累计值,万吨,根据新闻整理,20260622,December YTD value,206598.67,S0026991,中国:产量:原煤:累计值,万吨,国家统计局,20260715,0.008515059656482783,secondary_compilation
Fujian,2007,1991.7,S5117159,中国:福建:产量:原煤:累计值,万吨,根据新闻整理,20260622,December YTD value,229467.58,S0026991,中国:产量:原煤:累计值,万吨,国家统计局,20260715,0.008679657492356873,secondary_compilation
Fujian,2008,2124.77,S5117159,中国:福建:产量:原煤:累计值,万吨,根据新闻整理,20260622,December YTD value,262183.23,S0026991,中国:产量:原煤:累计值,万吨,国家统计局,20260715,0.008104141519654023,secondary_compilation
Fujian,2009,2466.13,S5117159,中国:福建:产量:原煤:累计值,万吨,根据新闻整理,20260622,December YTD value,296477.25,S0026991,中国:产量:原煤:累计值,万吨,国家统计局,20260715,0.008318108725037082,secondary_compilation
Fujian,2012,1874.55,S5117159,中国:福建:产量:原煤:累计值,万吨,根据新闻整理,20260622,December YTD value,365000.0,S0026991,中国:产量:原煤:累计值,万吨,国家统计局,20260715,0.005135753424657534,secondary_compilation
Fujian,2013,1637.96,S5117159,中国:福建:产量:原煤:累计值,万吨,根据新闻整理,20260622,December YTD value,368000.0,S0026991,中国:产量:原煤:累计值,万吨,国家统计局,20260715,0.004450978260869565,secondary_compilation
Fujian,2014,1602.54,S5117159,中国:福建:产量:原煤:累计值,万吨,根据新闻整理,20260622,December YTD value,387400.0,S0026991,中国:产量:原煤:累计值,万吨,国家统计局,20260715,0.004136654620547238,secondary_compilation
Fujian,2015,1426.53,S5117159,中国:福建:产量:原煤:累计值,万吨,根据新闻整理,20260622,December YTD value,368484.65,S0026991,中国:产量:原煤:累计值,万吨,国家统计局,20260715,0.0038713417234612075,secondary_compilation
Fujian,2016,1344.0,S5117159,中国:福建:产量:原煤:累计值,万吨,根据新闻整理,20260622,December YTD value,336398.6,S0026991,中国:产量:原煤:累计值,万吨,国家统计局,20260715,0.003995260384555703,secondary_compilation
Fujian,2017,1107.0,S5117159,中国:福建:产量:原煤:累计值,万吨,根据新闻整理,20260622,December YTD value,344545.6,S0026991,中国:产量:原煤:累计值,万吨,国家统计局,20260715,0.0032129274035134973,secondary_compilation
Fujian,2018,917.7,S5117159,中国:福建:产量:原煤:累计值,万吨,根据新闻整理,20260622,December YTD value,354590.8,S0026991,中国:产量:原煤:累计值,万吨,国家统计局,20260715,0.002588053609963936,secondary_compilation
Fujian,2019,831.7,S5117159,中国:福建:产量:原煤:累计值,万吨,根据新闻整理,20260622,December YTD value,374552.5,S0026991,中国:产量:原煤:累计值,万吨,国家统计局,20260715,0.0022205164830030504,secondary_compilation
Fujian,2020,645.8,S5117159,中国:福建:产量:原煤:累计值,万吨,根据新闻整理,20260622,December YTD value,384374.1,S0026991,中国:产量:原煤:累计值,万吨,国家统计局,20260715,0.0016801340152731415,secondary_compilation
Fujian,2021,540.7,S5117159,中国:福建:产量:原煤:累计值,万吨,根据新闻整理,20260622,December YTD value,407136.0,S0026991,中国:产量:原煤:累计值,万吨,国家统计局,20260715,0.001328057455002751,secondary_compilation
Fujian,2022,443.2,S5117159,中国:福建:产量:原煤:累计值,万吨,根据新闻整理,20260622,December YTD value,449583.9,S0026991,中国:产量:原煤:累计值,万吨,国家统计局,20260715,0.0009858004256825031,secondary_compilation
Fujian,2023,401.7,S5117159,中国:福建:产量:原煤:累计值,万吨,根据新闻整理,20260622,December YTD value,465838.0,S0026991,中国:产量:原煤:累计值,万吨,国家统计局,20260715,0.0008623169427998574,secondary_compilation
Gansu,2000,1632.71,S0075455,甘肃:产量:原煤:累计值,万吨,国家统计局,20260622,December YTD value,88009.94,S0026991,中国:产量:原煤:累计值,万吨,国家统计局,20260715,0.018551427259239126,NBS
Gansu,2001,1795.35,S0075455,甘肃:产量:原煤:累计值,万吨,国家统计局,20260622,December YTD value,96417.91,S0026991,中国:产量:原煤:累计值,万吨,国家统计局,20260715,0.018620503182448154,NBS
Gansu,2002,2089.21,S0075455,甘肃:产量:原煤:累计值,万吨,国家统计局,20260622,December YTD value,111293.48,S0026991,中国:产量:原煤:累计值,万吨,国家统计局,20260715,0.018772079011277212,NBS
Gansu,2003,2603.27,S0075455,甘肃:产量:原煤:累计值,万吨,国家统计局,20260622,December YTD value,132669.58,S0026991,中国:产量:原煤:累计值,万吨,国家统计局,20260715,0.019622207291226823,NBS
Gansu,2004,3083.77,S0075455,甘肃:产量:原煤:累计值,万吨,国家统计局,20260622,December YTD value,160610.86,S0026991,中国:产量:原煤:累计值,万吨,国家统计局,20260715,0.019200258313790238,NBS
Gansu,2005,3326.77,S0075455,甘肃:产量:原煤:累计值,万吨,国家统计局,20260622,December YTD value,182424.49,S0026991,中国:产量:原煤:累计值,万吨,国家统计局,20260715,0.018236422094423835,NBS
Gansu,2006,3472.79,S0075455,甘肃:产量:原煤:累计值,万吨,国家统计局,20260622,December YTD value,206598.67,S0026991,中国:产量:原煤:累计值,万吨,国家统计局,20260715,0.01680935312894318,NBS
Gansu,2007,3555.1,S0075455,甘肃:产量:原煤:累计值,万吨,国家统计局,20260622,December YTD value,229467.58,S0026991,中国:产量:原煤:累计值,万吨,国家统计局,20260715,0.015492820380116443,NBS
Gansu,2008,3835.76,S0075455,甘肃:产量:原煤:累计值,万吨,国家统计局,20260622,December YTD value,262183.23,S0026991,中国:产量:原煤:累计值,万吨,国家统计局,20260715,0.014630073784658158,NBS
Gansu,2009,3875.59,S0075455,甘肃:产量:原煤:累计值,万吨,国家统计局,20260622,December YTD value,296477.25,S0026991,中国:产量:原煤:累计值,万吨,国家统计局,20260715,0.01307213285336396,NBS
Gansu,2010,4547.2,S0075455,甘肃:产量:原煤:累计值,万吨,国家统计局,20260622,December YTD value,323500.0,S0026991,中国:产量:原煤:累计值,万吨,国家统计局,20260715,0.014056259659969088,NBS
Gansu,2011,4700.65,S0075455,甘肃:产量:原煤:累计值,万吨,国家统计局,20260622,December YTD value,352000.0,S0026991,中国:产量:原煤:累计值,万吨,国家统计局,20260715,0.013354119318181817,NBS
Gansu,2012,4878.08,S0075455,甘肃:产量:原煤:累计值,万吨,国家统计局,20260622,December YTD value,365000.0,S0026991,中国:产量:原煤:累计值,万吨,国家统计局,20260715,0.013364602739726027,NBS
Gansu,2013,4152.53,S0075455,甘肃:产量:原煤:累计值,万吨,国家统计局,20260622,December YTD value,368000.0,S0026991,中国:产量:原煤:累计值,万吨,国家统计局,20260715,0.011284048913043477,NBS
Gansu,2014,4752.98,S0075455,甘肃:产量:原煤:累计值,万吨,国家统计局,20260622,December YTD value,387400.0,S0026991,中国:产量:原煤:累计值,万吨,国家统计局,20260715,0.012268921011874032,NBS
Gansu,2015,4399.63,S0075455,甘肃:产量:原煤:累计值,万吨,国家统计局,20260622,December YTD value,368484.65,S0026991,中国:产量:原煤:累计值,万吨,国家统计局,20260715,0.011939791793226665,NBS
Gansu,2016,4236.9,S0075455,甘肃:产量:原煤:累计值,万吨,国家统计局,20260622,December YTD value,336398.6,S0026991,中国:产量:原煤:累计值,万吨,国家统计局,20260715,0.012594880002473257,NBS
Gansu,2017,3712.3,S0075455,甘肃:产量:原煤:累计值,万吨,国家统计局,20260622,December YTD value,344545.6,S0026991,中国:产量:原煤:累计值,万吨,国家统计局,20260715,0.010774480939533114,NBS
Gansu,2018,3575.1,S0075455,甘肃:产量:原煤:累计值,万吨,国家统计局,20260622,December YTD value,354590.8,S0026991,中国:产量:原煤:累计值,万吨,国家统计局,20260715,0.010082325880987324,NBS
Gansu,2019,3663.1,S0075455,甘肃:产量:原煤:累计值,万吨,国家统计局,20260622,December YTD value,374552.5,S0026991,中国:产量:原煤:累计值,万吨,国家统计局,20260715,0.009779937391954398,NBS
Gansu,2020,3848.1,S0075455,甘肃:产量:原煤:累计值,万吨,国家统计局,20260622,December YTD value,384374.1,S0026991,中国:产量:原煤:累计值,万吨,国家统计局,20260715,0.010011340514358279,NBS
Gansu,2021,4151.1,S0075455,甘肃:产量:原煤:累计值,万吨,国家统计局,20260622,December YTD value,407136.0,S0026991,中国:产量:原煤:累计值,万吨,国家统计局,20260715,0.01019585593020514,NBS
Gansu,2022,5351.8,S0075455,甘肃:产量:原煤:累计值,万吨,国家统计局,20260622,December YTD value,449583.9,S0026991,中国:产量:原煤:累计值,万吨,国家统计局,20260715,0.011903896024746438,NBS
Gansu,2023,5990.2,S0075455,甘肃:产量:原煤:累计值,万吨,国家统计局,20260622,December YTD value,465838.0,S0026991,中国:产量:原煤:累计值,万吨,国家统计局,20260715,0.012858976725814554,NBS
Guangxi,2000,706.67,S0075449,广西:产量:原煤:累计值,吨,国家统计局,20260622,December YTD value,88009.94,S0026991,中国:产量:原煤:累计值,万吨,国家统计局,20260715,0.008029433948029052,NBS
Guangxi,2001,613.52,S0075449,广西:产量:原煤:累计值,吨,国家统计局,20260622,December YTD value,96417.91,S0026991,中国:产量:原煤:累计值,万吨,国家统计局,20260715,0.006363133156485138,NBS
Guangxi,2002,463.51,S0075449,广西:产量:原煤:累计值,吨,国家统计局,20260622,December YTD value,111293.48,S0026991,中国:产量:原煤:累计值,万吨,国家统计局,20260715,0.0041647543054633565,NBS
Guangxi,2003,417.14,S0075449,广西:产量:原煤:累计值,吨,国家统计局,20260622,December YTD value,132669.58,S0026991,中国:产量:原煤:累计值,万吨,国家统计局,20260715,0.0031442023107331766,NBS
Guangxi,2004,521.29,S0075449,广西:产量:原煤:累计值,吨,国家统计局,20260622,December YTD value,160610.86,S0026991,中国:产量:原煤:累计值,万吨,国家统计局,20260715,0.0032456709340825396,NBS
Guangxi,2005,637.37,S0075449,广西:产量:原煤:累计值,吨,国家统计局,20260622,December YTD value,182424.49,S0026991,中国:产量:原煤:累计值,万吨,国家统计局,20260715,0.0034938839626192735,NBS
Guangxi,2006,610.54,S0075449,广西:产量:原煤:累计值,吨,国家统计局,20260622,December YTD value,206598.67,S0026991,中国:产量:原煤:累计值,万吨,国家统计局,20260715,0.0029551981142957014,NBS
Guangxi,2007,597.86,S0075449,广西:产量:原煤:累计值,吨,国家统计局,20260622,December YTD value,229467.58,S0026991,中国:产量:原煤:累计值,万吨,国家统计局,20260715,0.0026054225176384395,NBS
Guangxi,2008,440.64,S0075449,广西:产量:原煤:累计值,吨,国家统计局,20260622,December YTD value,262183.23,S0026991,中国:产量:原煤:累计值,万吨,国家统计局,20260715,0.0016806566918868152,NBS
Guangxi,2009,519.7185,S0075449,广西:产量:原煤:累计值,吨,国家统计局,20260622,December YTD value,296477.25,S0026991,中国:产量:原煤:累计值,万吨,国家统计局,20260715,0.0017529793601364016,NBS
Guangxi,2015,402.3771,S0075449,广西:产量:原煤:累计值,吨,国家统计局,20260622,December YTD value,368484.65,S0026991,中国:产量:原煤:累计值,万吨,国家统计局,20260715,0.0010919779154979724,NBS
Guangxi,2016,399.6,S0075449,广西:产量:原煤:累计值,吨,国家统计局,20260622,December YTD value,336398.6,S0026991,中国:产量:原煤:累计值,万吨,国家统计局,20260715,0.0011878765250509368,NBS
Guangxi,2017,415.4,S0075449,广西:产量:原煤:累计值,吨,国家统计局,20260622,December YTD value,344545.6,S0026991,中国:产量:原煤:累计值,万吨,国家统计局,20260715,0.0012056459290149112,NBS
Guangxi,2018,470.7,S0075449,广西:产量:原煤:累计值,吨,国家统计局,20260622,December YTD value,354590.8,S0026991,中国:产量:原煤:累计值,万吨,国家统计局,20260715,0.0013274456077258631,NBS
Guangxi,2019,356.6,S0075449,广西:产量:原煤:累计值,吨,国家统计局,20260622,December YTD value,374552.5,S0026991,中国:产量:原煤:累计值,万吨,国家统计局,20260715,0.0009520694695670167,NBS
Guangxi,2020,241.6,S0075449,广西:产量:原煤:累计值,吨,国家统计局,20260622,December YTD value,384374.1,S0026991,中国:产量:原煤:累计值,万吨,国家统计局,20260715,0.0006285543172653933,NBS
Guangxi,2021,279.7,S0075449,广西:产量:原煤:累计值,吨,国家统计局,20260622,December YTD value,407136.0,S0026991,中国:产量:原煤:累计值,万吨,国家统计局,20260715,0.0006869940265660614,NBS
Guangxi,2022,291.7,S0075449,广西:产量:原煤:累计值,吨,国家统计局,20260622,December YTD value,449583.9,S0026991,中国:产量:原煤:累计值,万吨,国家统计局,20260715,0.0006488221664521349,NBS
Guangxi,2023,265.5,S0075449,广西:产量:原煤:累计值,吨,国家统计局,20260622,December YTD value,465838.0,S0026991,中国:产量:原煤:累计值,万吨,国家统计局,20260715,0.0005699406231350813,NBS
Guizhou,2000,3676.8,S5117168,中国:贵州:产量:原煤:累计值,万吨,根据新闻整理,20260622,December YTD value,88009.94,S0026991,中国:产量:原煤:累计值,万吨,国家统计局,20260715,0.041777099268559895,secondary_compilation
Guizhou,2001,3731.4,S5117168,中国:贵州:产量:原煤:累计值,万吨,根据新闻整理,20260622,December YTD value,96417.91,S0026991,中国:产量:原煤:累计值,万吨,国家统计局,20260715,0.03870027881749356,secondary_compilation
Guizhou,2002,5001.1,S5117168,中国:贵州:产量:原煤:累计值,万吨,根据新闻整理,20260622,December YTD value,111293.48,S0026991,中国:产量:原煤:累计值,万吨,国家统计局,20260715,0.04493614540582252,secondary_compilation
Guizhou,2003,7802.5,S5117168,中国:贵州:产量:原煤:累计值,万吨,根据新闻整理,20260622,December YTD value,132669.58,S0026991,中国:产量:原煤:累计值,万吨,国家统计局,20260715,0.058811522581137296,secondary_compilation
Guizhou,2004,9756.6,S5117168,中国:贵州:产量:原煤:累计值,万吨,根据新闻整理,20260622,December YTD value,160610.86,S0026991,中国:产量:原煤:累计值,万吨,国家统计局,20260715,0.060746826210880144,secondary_compilation
Guizhou,2005,10615.2,S5117168,中国:贵州:产量:原煤:累计值,万吨,根据新闻整理,20260622,December YTD value,182424.49,S0026991,中国:产量:原煤:累计值,万吨,国家统计局,20260715,0.05818955557995531,secondary_compilation
Guizhou,2006,11816.6,S5117168,中国:贵州:产量:原煤:累计值,万吨,根据新闻整理,20260622,December YTD value,206598.67,S0026991,中国:产量:原煤:累计值,万吨,国家统计局,20260715,0.057195915152793576,secondary_compilation
Guizhou,2007,10864.2,S5117168,中国:贵州:产量:原煤:累计值,万吨,根据新闻整理,20260622,December YTD value,229467.58,S0026991,中国:产量:原煤:累计值,万吨,国家统计局,20260715,0.047345250252780816,secondary_compilation
Guizhou,2008,11798.46,S5117168,中国:贵州:产量:原煤:累计值,万吨,根据新闻整理,20260622,December YTD value,262183.23,S0026991,中国:产量:原煤:累计值,万吨,国家统计局,20260715,0.045000818702248806,secondary_compilation
Guizhou,2009,13690.74,S5117168,中国:贵州:产量:原煤:累计值,万吨,根据新闻整理,20260622,December YTD value,296477.25,S0026991,中国:产量:原煤:累计值,万吨,国家统计局,20260715,0.04617804570165164,secondary_compilation
Guizhou,2011,15600.97,S5117168,中国:贵州:产量:原煤:累计值,万吨,根据新闻整理,20260622,December YTD value,352000.0,S0026991,中国:产量:原煤:累计值,万吨,国家统计局,20260715,0.0443209375,secondary_compilation
Guizhou,2012,18107.05,S5117168,中国:贵州:产量:原煤:累计值,万吨,根据新闻整理,20260622,December YTD value,365000.0,S0026991,中国:产量:原煤:累计值,万吨,国家统计局,20260715,0.04960835616438356,secondary_compilation
Guizhou,2013,19117.79,S5117168,中国:贵州:产量:原煤:累计值,万吨,根据新闻整理,20260622,December YTD value,368000.0,S0026991,中国:产量:原煤:累计值,万吨,国家统计局,20260715,0.05195051630434783,secondary_compilation
Guizhou,2014,18500.0,S5117168,中国:贵州:产量:原煤:累计值,万吨,根据新闻整理,20260622,December YTD value,387400.0,S0026991,中国:产量:原煤:累计值,万吨,国家统计局,20260715,0.04775425916365514,secondary_compilation
Guizhou,2015,16656.85,S5117168,中国:贵州:产量:原煤:累计值,万吨,根据新闻整理,20260622,December YTD value,368484.65,S0026991,中国:产量:原煤:累计值,万吨,国家统计局,20260715,0.0452036468818986,secondary_compilation
Guizhou,2016,16619.59,S5117168,中国:贵州:产量:原煤:累计值,万吨,根据新闻整理,20260622,December YTD value,336398.6,S0026991,中国:产量:原煤:累计值,万吨,国家统计局,20260715,0.04940445649892717,secondary_compilation
Guizhou,2017,16551.4,S5117168,中国:贵州:产量:原煤:累计值,万吨,根据新闻整理,20260622,December YTD value,344545.6,S0026991,中国:产量:原煤:累计值,万吨,国家统计局,20260715,0.04803834383605538,secondary_compilation
Guizhou,2018,13917.0,S5117168,中国:贵州:产量:原煤:累计值,万吨,根据新闻整理,20260622,December YTD value,354590.8,S0026991,中国:产量:原煤:累计值,万吨,国家统计局,20260715,0.03924805719719745,secondary_compilation
Guizhou,2019,12969.5,S5117168,中国:贵州:产量:原煤:累计值,万吨,根据新闻整理,20260622,December YTD value,374552.5,S0026991,中国:产量:原煤:累计值,万吨,国家统计局,20260715,0.03462665447433938,secondary_compilation
Guizhou,2020,11935.1,S5117168,中国:贵州:产量:原煤:累计值,万吨,根据新闻整理,20260622,December YTD value,384374.1,S0026991,中国:产量:原煤:累计值,万吨,国家统计局,20260715,0.031050739370836904,secondary_compilation
Guizhou,2021,13120.0,S5117168,中国:贵州:产量:原煤:累计值,万吨,根据新闻整理,20260622,December YTD value,407136.0,S0026991,中国:产量:原煤:累计值,万吨,国家统计局,20260715,0.032225104142104846,secondary_compilation
Guizhou,2022,12813.6,S5117168,中国:贵州:产量:原煤:累计值,万吨,根据新闻整理,20260622,December YTD value,449583.9,S0026991,中国:产量:原煤:累计值,万吨,国家统计局,20260715,0.028501020610391073,secondary_compilation
Guizhou,2023,13122.1,S5117168,中国:贵州:产量:原煤:累计值,万吨,根据新闻整理,20260622,December YTD value,465838.0,S0026991,中国:产量:原煤:累计值,万吨,国家统计局,20260715,0.02816880546456064,secondary_compilation
Hebei,2000,5781.21,S0075434,河北:产量:原煤:累计值,吨,国家统计局,20260622,December YTD value,88009.94,S0026991,中国:产量:原煤:累计值,万吨,国家统计局,20260715,0.06568814840687313,NBS
Hebei,2001,5865.7,S0075434,河北:产量:原煤:累计值,吨,国家统计局,20260622,December YTD value,96417.91,S0026991,中国:产量:原煤:累计值,万吨,国家统计局,20260715,0.06083620771286164,NBS
Hebei,2002,6083.7,S0075434,河北:产量:原煤:累计值,吨,国家统计局,20260622,December YTD value,111293.48,S0026991,中国:产量:原煤:累计值,万吨,国家统计局,20260715,0.0546635795735743,NBS
Hebei,2003,6600.15,S0075434,河北:产量:原煤:累计值,吨,国家统计局,20260622,December YTD value,132669.58,S0026991,中国:产量:原煤:累计值,万吨,国家统计局,20260715,0.04974878189860856,NBS
Hebei,2004,7156.15,S0075434,河北:产量:原煤:累计值,吨,国家统计局,20260622,December YTD value,160610.86,S0026991,中国:产量:原煤:累计值,万吨,国家统计局,20260715,0.044555828914682356,NBS
Hebei,2005,7956.4,S0075434,河北:产量:原煤:累计值,吨,国家统计局,20260622,December YTD value,182424.49,S0026991,中国:产量:原煤:累计值,万吨,国家统计局,20260715,0.043614758084290106,NBS
Hebei,2006,7927.71,S0075434,河北:产量:原煤:累计值,吨,国家统计局,20260622,December YTD value,206598.67,S0026991,中国:产量:原煤:累计值,万吨,国家统计局,20260715,0.03837251227222324,NBS
Hebei,2007,8389.88,S0075434,河北:产量:原煤:累计值,吨,国家统计局,20260622,December YTD value,229467.58,S0026991,中国:产量:原煤:累计值,万吨,国家统计局,20260715,0.03656237626247682,NBS
Hebei,2008,7914.58,S0075434,河北:产量:原煤:累计值,吨,国家统计局,20260622,December YTD value,262183.23,S0026991,中国:产量:原煤:累计值,万吨,国家统计局,20260715,0.030187209151401485,NBS
Hebei,2009,8494.5823,S0075434,河北:产量:原煤:累计值,吨,国家统计局,20260622,December YTD value,296477.25,S0026991,中国:产量:原煤:累计值,万吨,国家统计局,20260715,0.028651717121634123,NBS
Hebei,2015,7437.0526,S0075434,河北:产量:原煤:累计值,吨,国家统计局,20260622,December YTD value,368484.65,S0026991,中国:产量:原煤:累计值,万吨,国家统计局,20260715,0.020182801644518977,NBS
Hebei,2016,6484.3,S0075434,河北:产量:原煤:累计值,吨,国家统计局,20260622,December YTD value,336398.6,S0026991,中国:产量:原煤:累计值,万吨,国家统计局,20260715,0.019275645023492965,NBS
Hebei,2017,6010.8,S0075434,河北:产量:原煤:累计值,吨,国家统计局,20260622,December YTD value,344545.6,S0026991,中国:产量:原煤:累计值,万吨,国家统计局,20260715,0.017445586302654862,NBS
Hebei,2018,5505.3,S0075434,河北:产量:原煤:累计值,吨,国家统计局,20260622,December YTD value,354590.8,S0026991,中国:产量:原煤:累计值,万吨,国家统计局,20260715,0.01552578352286636,NBS
Hebei,2019,5075.2,S0075434,河北:产量:原煤:累计值,吨,国家统计局,20260622,December YTD value,374552.5,S0026991,中国:产量:原煤:累计值,万吨,国家统计局,20260715,0.013550036376742913,NBS
Hebei,2020,4974.7,S0075434,河北:产量:原煤:累计值,吨,国家统计局,20260622,December YTD value,384374.1,S0026991,中国:产量:原煤:累计值,万吨,国家统计局,20260715,0.012942339247103278,NBS
Hebei,2021,4641.0,S0075434,河北:产量:原煤:累计值,吨,国家统计局,20260622,December YTD value,407136.0,S0026991,中国:产量:原煤:累计值,万吨,国家统计局,20260715,0.01139913935392596,NBS
Hebei,2022,4705.6,S0075434,河北:产量:原煤:累计值,吨,国家统计局,20260622,December YTD value,449583.9,S0026991,中国:产量:原煤:累计值,万吨,国家统计局,20260715,0.010466566974484628,NBS
Hebei,2023,4611.1,S0075434,河北:产量:原煤:累计值,吨,国家统计局,20260622,December YTD value,465838.0,S0026991,中国:产量:原煤:累计值,万吨,国家统计局,20260715,0.009898505489032669,NBS
Heilongjiang,2000,4974.36,S0075439,黑龙江:产量:原煤:累计值,吨,国家统计局,20260622,December YTD value,88009.94,S0026991,中国:产量:原煤:累计值,万吨,国家统计局,20260715,0.05652043394189338,NBS
Heilongjiang,2001,5120.65,S0075439,黑龙江:产量:原煤:累计值,吨,国家统计局,20260622,December YTD value,96417.91,S0026991,中国:产量:原煤:累计值,万吨,国家统计局,20260715,0.053108908915366446,NBS
Heilongjiang,2002,5882.58,S0075439,黑龙江:产量:原煤:累计值,吨,国家统计局,20260622,December YTD value,111293.48,S0026991,中国:产量:原煤:累计值,万吨,国家统计局,20260715,0.052856465625839,NBS
Heilongjiang,2003,6669.2,S0075439,黑龙江:产量:原煤:累计值,吨,国家统计局,20260622,December YTD value,132669.58,S0026991,中国:产量:原煤:累计值,万吨,国家统计局,20260715,0.05026924785621542,NBS
Heilongjiang,2004,7162.64,S0075439,黑龙江:产量:原煤:累计值,吨,国家统计局,20260622,December YTD value,160610.86,S0026991,中国:产量:原煤:累计值,万吨,国家统计局,20260715,0.04459623714112483,NBS
Heilongjiang,2005,7253.35,S0075439,黑龙江:产量:原煤:累计值,吨,国家统计局,20260622,December YTD value,182424.49,S0026991,中国:产量:原煤:累计值,万吨,国家统计局,20260715,0.03976083474318608,NBS
Heilongjiang,2006,7899.18,S0075439,黑龙江:产量:原煤:累计值,吨,国家统计局,20260622,December YTD value,206598.67,S0026991,中国:产量:原煤:累计值,万吨,国家统计局,20260715,0.03823441845003165,NBS
Heilongjiang,2007,7997.14,S0075439,黑龙江:产量:原煤:累计值,吨,国家统计局,20260622,December YTD value,229467.58,S0026991,中国:产量:原煤:累计值,万吨,国家统计局,20260715,0.03485084908290749,NBS
Heilongjiang,2008,8185.37,S0075439,黑龙江:产量:原煤:累计值,吨,国家统计局,20260622,December YTD value,262183.23,S0026991,中国:产量:原煤:累计值,万吨,国家统计局,20260715,0.03122003646076067,NBS
Heilongjiang,2009,8748.722362999999,S0075439,黑龙江:产量:原煤:累计值,吨,国家统计局,20260622,December YTD value,296477.25,S0026991,中国:产量:原煤:累计值,万吨,国家统计局,20260715,0.02950891632663214,NBS
Heilongjiang,2015,6321.8879,S0075439,黑龙江:产量:原煤:累计值,吨,国家统计局,20260622,December YTD value,368484.65,S0026991,中国:产量:原煤:累计值,万吨,国家统计局,20260715,0.01715644844364616,NBS
Heilongjiang,2016,5623.2,S0075439,黑龙江:产量:原煤:累计值,吨,国家统计局,20260622,December YTD value,336398.6,S0026991,中国:产量:原煤:累计值,万吨,国家统计局,20260715,0.016715884073239307,NBS
Heilongjiang,2017,5440.4,S0075439,黑龙江:产量:原煤:累计值,吨,国家统计局,20260622,December YTD value,344545.6,S0026991,中国:产量:原煤:累计值,万吨,国家统计局,20260715,0.01579007248967916,NBS
Heilongjiang,2018,5791.6,S0075439,黑龙江:产量:原煤:累计值,吨,国家统计局,20260622,December YTD value,354590.8,S0026991,中国:产量:原煤:累计值,万吨,国家统计局,20260715,0.01633319307776739,NBS
Heilongjiang,2019,5195.0,S0075439,黑龙江:产量:原煤:累计值,吨,国家统计局,20260622,December YTD value,374552.5,S0026991,中国:产量:原煤:累计值,万吨,国家统计局,20260715,0.013869884729110072,NBS
Heilongjiang,2020,5206.3,S0075439,黑龙江:产量:原煤:累计值,吨,国家统计局,20260622,December YTD value,384374.1,S0026991,中国:产量:原煤:累计值,万吨,国家统计局,20260715,0.013544877243289807,NBS
Heilongjiang,2021,5974.9,S0075439,黑龙江:产量:原煤:累计值,吨,国家统计局,20260622,December YTD value,407136.0,S0026991,中国:产量:原煤:累计值,万吨,国家统计局,20260715,0.014675440147763891,NBS
Heilongjiang,2022,6951.8,S0075439,黑龙江:产量:原煤:累计值,吨,国家统计局,20260622,December YTD value,449583.9,S0026991,中国:产量:原煤:累计值,万吨,国家统计局,20260715,0.015462742326849337,NBS
Heilongjiang,2023,6813.5,S0075439,黑龙江:产量:原煤:累计值,吨,国家统计局,20260622,December YTD value,465838.0,S0026991,中国:产量:原煤:累计值,万吨,国家统计局,20260715,0.01462632932478673,NBS
Henan,2000,7577.9,S0075446,河南:产量:原煤:累计值,万吨,国家统计局,20260622,December YTD value,88009.94,S0026991,中国:产量:原煤:累计值,万吨,国家统计局,20260715,0.08610277430026653,NBS
Henan,2001,8448.38,S0075446,河南:产量:原煤:累计值,万吨,国家统计局,20260622,December YTD value,96417.91,S0026991,中国:产量:原煤:累计值,万吨,国家统计局,20260715,0.08762251743477949,NBS
Henan,2002,9921.21,S0075446,河南:产量:原煤:累计值,万吨,国家统计局,20260622,December YTD value,111293.48,S0026991,中国:产量:原煤:累计值,万吨,国家统计局,20260715,0.0891445752257904,NBS
Henan,2003,11871.01,S0075446,河南:产量:原煤:累计值,万吨,国家统计局,20260622,December YTD value,132669.58,S0026991,中国:产量:原煤:累计值,万吨,国家统计局,20260715,0.08947800995525879,NBS
Henan,2004,14445.45,S0075446,河南:产量:原煤:累计值,万吨,国家统计局,20260622,December YTD value,160610.86,S0026991,中国:产量:原煤:累计值,万吨,国家统计局,20260715,0.08994068022548414,NBS
Henan,2005,18761.42,S0075446,河南:产量:原煤:累计值,万吨,国家统计局,20260622,December YTD value,182424.49,S0026991,中国:产量:原煤:累计值,万吨,国家统计局,20260715,0.10284485378032301,NBS
Henan,2006,18532.19,S0075446,河南:产量:原煤:累计值,万吨,国家统计局,20260622,December YTD value,206598.67,S0026991,中国:产量:原煤:累计值,万吨,国家统计局,20260715,0.08970140030427107,NBS
Henan,2007,18917.2,S0075446,河南:产量:原煤:累计值,万吨,国家统计局,20260622,December YTD value,229467.58,S0026991,中国:产量:原煤:累计值,万吨,国家统计局,20260715,0.08243953241673617,NBS
Henan,2008,20888.28,S0075446,河南:产量:原煤:累计值,万吨,国家统计局,20260622,December YTD value,262183.23,S0026991,中国:产量:原煤:累计值,万吨,国家统计局,20260715,0.07967054185731101,NBS
Henan,2009,23018.12,S0075446,河南:产量:原煤:累计值,万吨,国家统计局,20260622,December YTD value,296477.25,S0026991,中国:产量:原煤:累计值,万吨,国家统计局,20260715,0.07763873956602066,NBS
Henan,2012,14800.0,S0075446,河南:产量:原煤:累计值,万吨,国家统计局,20260622,December YTD value,365000.0,S0026991,中国:产量:原煤:累计值,万吨,国家统计局,20260715,0.040547945205479455,NBS
Henan,2013,15330.72,S0075446,河南:产量:原煤:累计值,万吨,国家统计局,20260622,December YTD value,368000.0,S0026991,中国:产量:原煤:累计值,万吨,国家统计局,20260715,0.0416595652173913,NBS
Henan,2014,13521.31,S0075446,河南:产量:原煤:累计值,万吨,国家统计局,20260622,December YTD value,387400.0,S0026991,中国:产量:原煤:累计值,万吨,国家统计局,20260715,0.03490271037687145,NBS
Henan,2015,12801.72,S0075446,河南:产量:原煤:累计值,万吨,国家统计局,20260622,December YTD value,368484.65,S0026991,中国:产量:原煤:累计值,万吨,国家统计局,20260715,0.03474152858199113,NBS
Henan,2016,11905.3,S0075446,河南:产量:原煤:累计值,万吨,国家统计局,20260622,December YTD value,336398.6,S0026991,中国:产量:原煤:累计值,万吨,国家统计局,20260715,0.03539045644066295,NBS
Henan,2017,11688.0,S0075446,河南:产量:原煤:累计值,万吨,国家统计局,20260622,December YTD value,344545.6,S0026991,中国:产量:原煤:累计值,万吨,国家统计局,20260715,0.03392294082408831,NBS
Henan,2018,11366.6,S0075446,河南:产量:原煤:累计值,万吨,国家统计局,20260622,December YTD value,354590.8,S0026991,中国:产量:原煤:累计值,万吨,国家统计局,20260715,0.03205554120411472,NBS
Henan,2019,10873.3,S0075446,河南:产量:原煤:累计值,万吨,国家统计局,20260622,December YTD value,374552.5,S0026991,中国:产量:原煤:累计值,万吨,国家统计局,20260715,0.029030109263721373,NBS
Henan,2020,10490.6,S0075446,河南:产量:原煤:累计值,万吨,国家统计局,20260622,December YTD value,384374.1,S0026991,中国:产量:原煤:累计值,万吨,国家统计局,20260715,0.027292681790994765,NBS
Henan,2021,9335.5,S0075446,河南:产量:原煤:累计值,万吨,国家统计局,20260622,December YTD value,407136.0,S0026991,中国:产量:原煤:累计值,万吨,国家统计局,20260715,0.02292968442977285,NBS
Henan,2022,9772.8,S0075446,河南:产量:原煤:累计值,万吨,国家统计局,20260622,December YTD value,449583.9,S0026991,中国:产量:原煤:累计值,万吨,国家统计局,20260715,0.02173743321324451,NBS
Henan,2023,10214.8,S0075446,河南:产量:原煤:累计值,万吨,国家统计局,20260622,December YTD value,465838.0,S0026991,中国:产量:原煤:累计值,万吨,国家统计局,20260715,0.021927794641055473,NBS
Hubei,2000,389.32,S0075447,湖北:产量:原煤:累计值,吨,国家统计局,20260622,December YTD value,88009.94,S0026991,中国:产量:原煤:累计值,万吨,国家统计局,20260715,0.004423591244352626,NBS
Hubei,2001,333.86,S0075447,湖北:产量:原煤:累计值,吨,国家统计局,20260622,December YTD value,96417.91,S0026991,中国:产量:原煤:累计值,万吨,国家统计局,20260715,0.0034626346910029476,NBS
Hubei,2002,372.55,S0075447,湖北:产量:原煤:累计值,吨,国家统计局,20260622,December YTD value,111293.48,S0026991,中国:产量:原煤:累计值,万吨,国家统计局,20260715,0.003347455753921973,NBS
Hubei,2003,366.4,S0075447,湖北:产量:原煤:累计值,吨,国家统计局,20260622,December YTD value,132669.58,S0026991,中国:产量:原煤:累计值,万吨,国家统计局,20260715,0.0027617483977864406,NBS
Hubei,2004,395.62,S0075447,湖北:产量:原煤:累计值,吨,国家统计局,20260622,December YTD value,160610.86,S0026991,中国:产量:原煤:累计值,万吨,国家统计局,20260715,0.0024632207311510567,NBS
Hubei,2005,478.07,S0075447,湖北:产量:原煤:累计值,吨,国家统计局,20260622,December YTD value,182424.49,S0026991,中国:产量:原煤:累计值,万吨,国家统计局,20260715,0.0026206459450702044,NBS
Hubei,2006,541.34,S0075447,湖北:产量:原煤:累计值,吨,国家统计局,20260622,December YTD value,206598.67,S0026991,中国:产量:原煤:累计值,万吨,国家统计局,20260715,0.0026202492010234143,NBS
Hubei,2007,609.99,S0075447,湖北:产量:原煤:累计值,吨,国家统计局,20260622,December YTD value,229467.58,S0026991,中国:产量:原煤:累计值,万吨,国家统计局,20260715,0.0026582840155459,NBS
Hubei,2008,727.1,S0075447,湖北:产量:原煤:累计值,吨,国家统计局,20260622,December YTD value,262183.23,S0026991,中国:产量:原煤:累计值,万吨,国家统计局,20260715,0.0027732513631783394,NBS
Hubei,2009,1058.4454779999999,S0075447,湖北:产量:原煤:累计值,吨,国家统计局,20260622,December YTD value,296477.25,S0026991,中国:产量:原煤:累计值,万吨,国家统计局,20260715,0.003570073177621554,NBS
Hubei,2015,758.3866,S0075447,湖北:产量:原煤:累计值,吨,国家统计局,20260622,December YTD value,368484.65,S0026991,中国:产量:原煤:累计值,万吨,国家统计局,20260715,0.00205812263821573,NBS
Hubei,2016,547.4,S0075447,湖北:产量:原煤:累计值,吨,国家统计局,20260622,December YTD value,336398.6,S0026991,中国:产量:原煤:累计值,万吨,国家统计局,20260715,0.0016272362607929998,NBS
Hubei,2017,311.6,S0075447,湖北:产量:原煤:累计值,吨,国家统计局,20260622,December YTD value,344545.6,S0026991,中国:产量:原煤:累计值,万吨,国家统计局,20260715,0.000904379565433429,NBS
Hubei,2018,81.9,S0075447,湖北:产量:原煤:累计值,吨,国家统计局,20260622,December YTD value,354590.8,S0026991,中国:产量:原煤:累计值,万吨,国家统计局,20260715,0.0002309704594704657,NBS
Hubei,2019,38.5,S0075447,湖北:产量:原煤:累计值,吨,国家统计局,20260622,December YTD value,374552.5,S0026991,中国:产量:原煤:累计值,万吨,国家统计局,20260715,0.00010278932859879456,NBS
Hubei,2020,40.3,S0075447,湖北:产量:原煤:累计值,吨,国家统计局,20260622,December YTD value,384374.1,S0026991,中国:产量:原煤:累计值,万吨,国家统计局,20260715,0.00010484577394782844,NBS
Hubei,2021,29.7,S0075447,湖北:产量:原煤:累计值,吨,国家统计局,20260622,December YTD value,407136.0,S0026991,中国:产量:原煤:累计值,万吨,国家统计局,20260715,7.294859702900259e-05,NBS
Hubei,2022,72.8,S0075447,湖北:产量:原煤:累计值,吨,国家统计局,20260622,December YTD value,449583.9,S0026991,中国:产量:原煤:累计值,万吨,国家统计局,20260715,0.00016192750674568193,NBS
Hubei,2023,76.6,S0075447,湖北:产量:原煤:累计值,吨,国家统计局,20260622,December YTD value,465838.0,S0026991,中国:产量:原煤:累计值,万吨,国家统计局,20260715,0.00016443484644876544,NBS
Hunan,2000,1490.81,S0075448,湖南:产量:原煤:累计值,吨,国家统计局,20260622,December YTD value,88009.94,S0026991,中国:产量:原煤:累计值,万吨,国家统计局,20260715,0.016939109377872543,NBS
Hunan,2001,1546.11,S0075448,湖南:产量:原煤:累计值,吨,国家统计局,20260622,December YTD value,96417.91,S0026991,中国:产量:原煤:累计值,万吨,国家统计局,20260715,0.016035506266418757,NBS
Hunan,2002,1845.42,S0075448,湖南:产量:原煤:累计值,吨,国家统计局,20260622,December YTD value,111293.48,S0026991,中国:产量:原煤:累计值,万吨,国家统计局,20260715,0.016581564346806302,NBS
Hunan,2003,2366.69,S0075448,湖南:产量:原煤:累计值,吨,国家统计局,20260622,December YTD value,132669.58,S0026991,中国:产量:原煤:累计值,万吨,国家统计局,20260715,0.0178389801188788,NBS
Hunan,2004,3036.15,S0075448,湖南:产量:原煤:累计值,吨,国家统计局,20260622,December YTD value,160610.86,S0026991,中国:产量:原煤:累计值,万吨,国家统计局,20260715,0.0189037652871045,NBS
Hunan,2005,3646.51,S0075448,湖南:产量:原煤:累计值,吨,国家统计局,20260622,December YTD value,182424.49,S0026991,中国:产量:原煤:累计值,万吨,国家统计局,20260715,0.019989147290476187,NBS
Hunan,2006,4097.87,S0075448,湖南:产量:原煤:累计值,吨,国家统计局,20260622,December YTD value,206598.67,S0026991,中国:产量:原煤:累计值,万吨,国家统计局,20260715,0.01983492923744378,NBS
Hunan,2007,4852.35,S0075448,湖南:产量:原煤:累计值,吨,国家统计局,20260622,December YTD value,229467.58,S0026991,中国:产量:原煤:累计值,万吨,国家统计局,20260715,0.021146124432915536,NBS
Hunan,2008,5119.49,S0075448,湖南:产量:原煤:累计值,吨,国家统计局,20260622,December YTD value,262183.23,S0026991,中国:产量:原煤:累计值,万吨,国家统计局,20260715,0.01952638237006997,NBS
Hunan,2009,6572.845694,S0075448,湖南:产量:原煤:累计值,吨,国家统计局,20260622,December YTD value,296477.25,S0026991,中国:产量:原煤:累计值,万吨,国家统计局,20260715,0.02216981469573129,NBS
Hunan,2015,3464.5942,S0075448,湖南:产量:原煤:累计值,吨,国家统计局,20260622,December YTD value,368484.65,S0026991,中国:产量:原煤:累计值,万吨,国家统计局,20260715,0.00940227550862702,NBS
Hunan,2016,2595.5,S0075448,湖南:产量:原煤:累计值,吨,国家统计局,20260622,December YTD value,336398.6,S0026991,中国:产量:原煤:累计值,万吨,国家统计局,20260715,0.007715549351275541,NBS
Hunan,2017,1860.5,S0075448,湖南:产量:原煤:累计值,吨,国家统计局,20260622,December YTD value,344545.6,S0026991,中国:产量:原煤:累计值,万吨,国家统计局,20260715,0.0053998657942519075,NBS
Hunan,2018,1692.9,S0075448,湖南:产量:原煤:累计值,吨,国家统计局,20260622,December YTD value,354590.8,S0026991,中国:产量:原煤:累计值,万吨,国家统计局,20260715,0.004774235541362044,NBS
Hunan,2019,1374.7,S0075448,湖南:产量:原煤:累计值,吨,国家统计局,20260622,December YTD value,374552.5,S0026991,中国:产量:原煤:累计值,万吨,国家统计局,20260715,0.0036702464941496854,NBS
Hunan,2020,1053.3,S0075448,湖南:产量:原煤:累计值,吨,国家统计局,20260622,December YTD value,384374.1,S0026991,中国:产量:原煤:累计值,万吨,国家统计局,20260715,0.0027402990992369154,NBS
Hunan,2021,723.4,S0075448,湖南:产量:原煤:累计值,吨,国家统计局,20260622,December YTD value,407136.0,S0026991,中国:产量:原煤:累计值,万吨,国家统计局,20260715,0.0017768018549084335,NBS
Hunan,2022,799.6,S0075448,湖南:产量:原煤:累计值,吨,国家统计局,20260622,December YTD value,449583.9,S0026991,中国:产量:原煤:累计值,万吨,国家统计局,20260715,0.0017785334394759243,NBS
Hunan,2023,944.5,S0075448,湖南:产量:原煤:累计值,吨,国家统计局,20260622,December YTD value,465838.0,S0026991,中国:产量:原煤:累计值,万吨,国家统计局,20260715,0.0020275288834315794,NBS
Jiangsu,2000,2479.02,S0075440,江苏:产量:原煤:累计值,吨,国家统计局,20260622,December YTD value,88009.94,S0026991,中国:产量:原煤:累计值,万吨,国家统计局,20260715,0.02816750017100341,NBS
Jiangsu,2001,2451.14,S0075440,江苏:产量:原煤:累计值,吨,国家统计局,20260622,December YTD value,96417.91,S0026991,中国:产量:原煤:累计值,万吨,国家统计局,20260715,0.025422040365737027,NBS
Jiangsu,2002,2593.59,S0075440,江苏:产量:原煤:累计值,吨,国家统计局,20260622,December YTD value,111293.48,S0026991,中国:产量:原煤:累计值,万吨,国家统计局,20260715,0.023304060579290003,NBS
Jiangsu,2003,2760.4,S0075440,江苏:产量:原煤:累计值,吨,国家统计局,20260622,December YTD value,132669.58,S0026991,中国:产量:原煤:累计值,万吨,国家统计局,20260715,0.02080657826760287,NBS
Jiangsu,2004,2747.03,S0075440,江苏:产量:原煤:累计值,吨,国家统计局,20260622,December YTD value,160610.86,S0026991,中国:产量:原煤:累计值,万吨,国家统计局,20260715,0.017103637948268257,NBS
Jiangsu,2005,2817.56,S0075440,江苏:产量:原煤:累计值,吨,国家统计局,20260622,December YTD value,182424.49,S0026991,中国:产量:原煤:累计值,万吨,国家统计局,20260715,0.015445075384341214,NBS
Jiangsu,2006,3047.53,S0075440,江苏:产量:原煤:累计值,吨,国家统计局,20260622,December YTD value,206598.67,S0026991,中国:产量:原煤:累计值,万吨,国家统计局,20260715,0.014750966209027386,NBS
Jiangsu,2007,2480.2,S0075440,江苏:产量:原煤:累计值,吨,国家统计局,20260622,December YTD value,229467.58,S0026991,中国:产量:原煤:累计值,万吨,国家统计局,20260715,0.010808498525151134,NBS
Jiangsu,2008,2428.09,S0075440,江苏:产量:原煤:累计值,吨,国家统计局,20260622,December YTD value,262183.23,S0026991,中国:产量:原煤:累计值,万吨,国家统计局,20260715,0.009261042363388384,NBS
Jiangsu,2009,2397.4419,S0075440,江苏:产量:原煤:累计值,吨,国家统计局,20260622,December YTD value,296477.25,S0026991,中国:产量:原煤:累计值,万吨,国家统计局,20260715,0.008086427879373543,NBS
Jiangsu,2015,1918.898,S0075440,江苏:产量:原煤:累计值,吨,国家统计局,20260622,December YTD value,368484.65,S0026991,中国:产量:原煤:累计值,万吨,国家统计局,20260715,0.005207538495836936,NBS
Jiangsu,2016,1367.9,S0075440,江苏:产量:原煤:累计值,吨,国家统计局,20260622,December YTD value,336398.6,S0026991,中国:产量:原煤:累计值,万吨,国家统计局,20260715,0.004066307053596538,NBS
Jiangsu,2017,1278.5,S0075440,江苏:产量:原煤:累计值,吨,国家统计局,20260622,December YTD value,344545.6,S0026991,中国:产量:原煤:累计值,万吨,国家统计局,20260715,0.003710684449315272,NBS
Jiangsu,2018,1245.8,S0075440,江苏:产量:原煤:累计值,吨,国家统计局,20260622,December YTD value,354590.8,S0026991,中国:产量:原煤:累计值,万吨,国家统计局,20260715,0.0035133455239109417,NBS
Jiangsu,2019,1102.7,S0075440,江苏:产量:原煤:累计值,吨,国家统计局,20260622,December YTD value,374552.5,S0026991,中国:产量:原煤:累计值,万吨,国家统计局,20260715,0.002944046562230929,NBS
Jiangsu,2020,1022.3,S0075440,江苏:产量:原煤:累计值,吨,国家统计局,20260622,December YTD value,384374.1,S0026991,中国:产量:原煤:累计值,万吨,国家统计局,20260715,0.002659648503892432,NBS
Jiangsu,2021,934.3,S0075440,江苏:产量:原煤:累计值,吨,国家统计局,20260622,December YTD value,407136.0,S0026991,中国:产量:原煤:累计值,万吨,国家统计局,20260715,0.002294810579265896,NBS
Jiangsu,2022,964.1,S0075440,江苏:产量:原煤:累计值,吨,国家统计局,20260622,December YTD value,449583.9,S0026991,中国:产量:原煤:累计值,万吨,国家统计局,20260715,0.0021444273249108785,NBS
Jiangsu,2023,814.0,S0075440,江苏:产量:原煤:累计值,吨,国家统计局,20260622,December YTD value,465838.0,S0026991,中国:产量:原煤:累计值,万吨,国家统计局,20260715,0.0017473885771448444,NBS
Jiangxi,2000,1813.76,S0075444,江西:产量:原煤:累计值,吨,国家统计局,20260622,December YTD value,88009.94,S0026991,中国:产量:原煤:累计值,万吨,国家统计局,20260715,0.02060858125798063,NBS
Jiangxi,2001,1517.45,S0075444,江西:产量:原煤:累计值,吨,国家统计局,20260622,December YTD value,96417.91,S0026991,中国:产量:原煤:累计值,万吨,国家统计局,20260715,0.015738258587019778,NBS
Jiangxi,2002,1375.04,S0075444,江西:产量:原煤:累计值,吨,国家统计局,20260622,December YTD value,111293.48,S0026991,中国:产量:原煤:累计值,万吨,国家统计局,20260715,0.012355081357865708,NBS
Jiangxi,2003,951.66,S0075444,江西:产量:原煤:累计值,吨,国家统计局,20260622,December YTD value,132669.58,S0026991,中国:产量:原煤:累计值,万吨,国家统计局,20260715,0.007173159061783418,NBS
Jiangxi,2004,1232.64,S0075444,江西:产量:原煤:累计值,吨,国家统计局,20260622,December YTD value,160610.86,S0026991,中国:产量:原煤:累计值,万吨,国家统计局,20260715,0.007674698958713005,NBS
Jiangxi,2005,1620.8,S0075444,江西:产量:原煤:累计值,吨,国家统计局,20260622,December YTD value,182424.49,S0026991,中国:产量:原煤:累计值,万吨,国家统计局,20260715,0.008884771995251296,NBS
Jiangxi,2006,2121.7,S0075444,江西:产量:原煤:累计值,吨,国家统计局,20260622,December YTD value,206598.67,S0026991,中国:产量:原煤:累计值,万吨,国家统计局,20260715,0.01026966920939036,NBS
Jiangxi,2007,2379.76,S0075444,江西:产量:原煤:累计值,吨,国家统计局,20260622,December YTD value,229467.58,S0026991,中国:产量:原煤:累计值,万吨,国家统计局,20260715,0.010370789633986641,NBS
Jiangxi,2008,2592.36,S0075444,江西:产量:原煤:累计值,吨,国家统计局,20260622,December YTD value,262183.23,S0026991,中国:产量:原煤:累计值,万吨,国家统计局,20260715,0.009887588920160914,NBS
Jiangxi,2009,2982.4663800000003,S0075444,江西:产量:原煤:累计值,吨,国家统计局,20260622,December YTD value,296477.25,S0026991,中国:产量:原煤:累计值,万吨,国家统计局,20260715,0.010059680397062508,NBS
Jiangxi,2015,2090.2238,S0075444,江西:产量:原煤:累计值,吨,国家统计局,20260622,December YTD value,368484.65,S0026991,中国:产量:原煤:累计值,万吨,国家统计局,20260715,0.005672485407465413,NBS
Jiangxi,2016,1432.1,S0075444,江西:产量:原煤:累计值,吨,国家统计局,20260622,December YTD value,336398.6,S0026991,中国:产量:原煤:累计值,万吨,国家统计局,20260715,0.00425715208089451,NBS
Jiangxi,2017,782.1,S0075444,江西:产量:原煤:累计值,吨,国家统计局,20260622,December YTD value,344545.6,S0026991,中国:产量:原煤:累计值,万吨,国家统计局,20260715,0.002269946271262788,NBS
Jiangxi,2018,530.5,S0075444,江西:产量:原煤:累计值,吨,国家统计局,20260622,December YTD value,354590.8,S0026991,中国:产量:原煤:累计值,万吨,国家统计局,20260715,0.001496090705116997,NBS
Jiangxi,2019,441.2,S0075444,江西:产量:原煤:累计值,吨,国家统计局,20260622,December YTD value,374552.5,S0026991,中国:产量:原煤:累计值,万吨,国家统计局,20260715,0.0011779390072152768,NBS
Jiangxi,2020,281.2,S0075444,江西:产量:原煤:累计值,吨,国家统计局,20260622,December YTD value,384374.1,S0026991,中国:产量:原煤:累计值,万吨,国家统计局,20260715,0.0007315789487377011,NBS
Jiangxi,2021,213.4,S0075444,江西:产量:原煤:累计值,吨,国家统计局,20260622,December YTD value,407136.0,S0026991,中国:产量:原煤:累计值,万吨,国家统计局,20260715,0.0005241491786528334,NBS
Jiangxi,2022,194.6,S0075444,江西:产量:原煤:累计值,吨,国家统计局,20260622,December YTD value,449583.9,S0026991,中国:产量:原煤:累计值,万吨,国家统计局,20260715,0.0004328446814932652,NBS
Jiangxi,2023,219.4,S0075444,江西:产量:原煤:累计值,吨,国家统计局,20260622,December YTD value,465838.0,S0026991,中国:产量:原煤:累计值,万吨,国家统计局,20260715,0.00047097918160390526,NBS
Jilin,2000,1636.71,S0075438,吉林:产量:原煤:累计值,万吨,国家统计局,20260622,December YTD value,88009.94,S0026991,中国:产量:原煤:累计值,万吨,国家统计局,20260715,0.01859687667097603,NBS
Jilin,2001,1632.1,S0075438,吉林:产量:原煤:累计值,万吨,国家统计局,20260622,December YTD value,96417.91,S0026991,中国:产量:原煤:累计值,万吨,国家统计局,20260715,0.016927353019786467,NBS
Jilin,2002,1685.25,S0075438,吉林:产量:原煤:累计值,万吨,国家统计局,20260622,December YTD value,111293.48,S0026991,中国:产量:原煤:累计值,万吨,国家统计局,20260715,0.015142396481806483,NBS
Jilin,2003,2037.63,S0075438,吉林:产量:原煤:累计值,万吨,国家统计局,20260622,December YTD value,132669.58,S0026991,中国:产量:原煤:累计值,万吨,国家统计局,20260715,0.015358682826914808,NBS
Jilin,2004,2396.51,S0075438,吉林:产量:原煤:累计值,万吨,国家统计局,20260622,December YTD value,160610.86,S0026991,中国:产量:原煤:累计值,万吨,国家统计局,20260715,0.014921220146632677,NBS
Jilin,2005,2487.23,S0075438,吉林:产量:原煤:累计值,万吨,国家统计局,20260622,December YTD value,182424.49,S0026991,中国:产量:原煤:累计值,万吨,国家统计局,20260715,0.013634298772056318,NBS
Jilin,2006,2692.92,S0075438,吉林:产量:原煤:累计值,万吨,国家统计局,20260622,December YTD value,206598.67,S0026991,中国:产量:原煤:累计值,万吨,国家统计局,20260715,0.013034546640595508,NBS
Jilin,2007,3157.8,S0075438,吉林:产量:原煤:累计值,万吨,国家统计局,20260622,December YTD value,229467.58,S0026991,中国:产量:原煤:累计值,万吨,国家统计局,20260715,0.013761421112298305,NBS
Jilin,2008,3788.01,S0075438,吉林:产量:原煤:累计值,万吨,国家统计局,20260622,December YTD value,262183.23,S0026991,中国:产量:原煤:累计值,万吨,国家统计局,20260715,0.014447949245266375,NBS
Jilin,2009,4401.46,S0075438,吉林:产量:原煤:累计值,万吨,国家统计局,20260622,December YTD value,296477.25,S0026991,中国:产量:原煤:累计值,万吨,国家统计局,20260715,0.014845860854416318,NBS
Jilin,2010,4280.0,S0075438,吉林:产量:原煤:累计值,万吨,国家统计局,20260622,December YTD value,323500.0,S0026991,中国:产量:原煤:累计值,万吨,国家统计局,20260715,0.013230293663060277,NBS
Jilin,2011,4305.18,S0075438,吉林:产量:原煤:累计值,万吨,国家统计局,20260622,December YTD value,352000.0,S0026991,中国:产量:原煤:累计值,万吨,国家统计局,20260715,0.012230625,NBS
Jilin,2012,4346.12,S0075438,吉林:产量:原煤:累计值,万吨,国家统计局,20260622,December YTD value,365000.0,S0026991,中国:产量:原煤:累计值,万吨,国家统计局,20260715,0.01190717808219178,NBS
Jilin,2013,2329.41,S0075438,吉林:产量:原煤:累计值,万吨,国家统计局,20260622,December YTD value,368000.0,S0026991,中国:产量:原煤:累计值,万吨,国家统计局,20260715,0.006329918478260869,NBS
Jilin,2014,2674.1,S0075438,吉林:产量:原煤:累计值,万吨,国家统计局,20260622,December YTD value,387400.0,S0026991,中国:产量:原煤:累计值,万吨,国家统计局,20260715,0.006902684563758389,NBS
Jilin,2015,2065.07,S0075438,吉林:产量:原煤:累计值,万吨,国家统计局,20260622,December YTD value,368484.65,S0026991,中国:产量:原煤:累计值,万吨,国家统计局,20260715,0.005604222591090294,NBS
Jilin,2016,1643.1,S0075438,吉林:产量:原煤:累计值,万吨,国家统计局,20260622,December YTD value,336398.6,S0026991,中国:产量:原煤:累计值,万吨,国家统计局,20260715,0.004884384179957943,NBS
Jilin,2017,1635.3,S0075438,吉林:产量:原煤:累计值,万吨,国家统计局,20260622,December YTD value,344545.6,S0026991,中国:产量:原煤:累计值,万吨,国家统计局,20260715,0.0047462512944585564,NBS
Jilin,2018,1517.7,S0075438,吉林:产量:原煤:累计值,万吨,国家统计局,20260622,December YTD value,354590.8,S0026991,中国:产量:原煤:累计值,万吨,国家统计局,20260715,0.004280144888135846,NBS
Jilin,2019,1217.0,S0075438,吉林:产量:原煤:累计值,万吨,国家统计局,20260622,December YTD value,374552.5,S0026991,中国:产量:原煤:累计值,万吨,国家统计局,20260715,0.0032492107247982594,NBS
Jilin,2020,1001.6,S0075438,吉林:产量:原煤:累计值,万吨,国家统计局,20260622,December YTD value,384374.1,S0026991,中国:产量:原煤:累计值,万吨,国家统计局,20260715,0.0026057947192591802,NBS
Jilin,2021,875.3,S0075438,吉林:产量:原煤:累计值,万吨,国家统计局,20260622,December YTD value,407136.0,S0026991,中国:产量:原煤:累计值,万吨,国家统计局,20260715,0.0021498958578951505,NBS
Jilin,2022,948.0,S0075438,吉林:产量:原煤:累计值,万吨,国家统计局,20260622,December YTD value,449583.9,S0026991,中国:产量:原煤:累计值,万吨,国家统计局,20260715,0.0021086164339959683,NBS
Jilin,2023,912.4,S0075438,吉林:产量:原煤:累计值,万吨,国家统计局,20260622,December YTD value,465838.0,S0026991,中国:产量:原煤:累计值,万吨,国家统计局,20260715,0.0019586208080920836,NBS
Liaoning,2000,4454.89,S0075437,辽宁:产量:原煤:累计值,吨,国家统计局,20260622,December YTD value,88009.94,S0026991,中国:产量:原煤:累计值,万吨,国家统计局,20260715,0.05061803246315132,NBS
Liaoning,2001,4468.15,S0075437,辽宁:产量:原煤:累计值,吨,国家统计局,20260622,December YTD value,96417.91,S0026991,中国:产量:原煤:累计值,万吨,国家统计局,20260715,0.046341494023257705,NBS
Liaoning,2002,5180.77,S0075437,辽宁:产量:原煤:累计值,吨,国家统计局,20260622,December YTD value,111293.48,S0026991,中国:产量:原煤:累计值,万吨,国家统计局,20260715,0.04655052569117257,NBS
Liaoning,2003,5870.69,S0075437,辽宁:产量:原煤:累计值,吨,国家统计局,20260622,December YTD value,132669.58,S0026991,中国:产量:原煤:累计值,万吨,国家统计局,20260715,0.04425046042958755,NBS
Liaoning,2004,6232.49,S0075437,辽宁:产量:原煤:累计值,吨,国家统计局,20260622,December YTD value,160610.86,S0026991,中国:产量:原煤:累计值,万吨,国家统计局,20260715,0.03880491020345698,NBS
Liaoning,2005,6152.8,S0075437,辽宁:产量:原煤:累计值,吨,国家统计局,20260622,December YTD value,182424.49,S0026991,中国:产量:原煤:累计值,万吨,国家统计局,20260715,0.03372792764831082,NBS
Liaoning,2006,6907.61,S0075437,辽宁:产量:原煤:累计值,吨,国家统计局,20260622,December YTD value,206598.67,S0026991,中国:产量:原煤:累计值,万吨,国家统计局,20260715,0.03343491998278594,NBS
Liaoning,2007,6319.96,S0075437,辽宁:产量:原煤:累计值,吨,国家统计局,20260622,December YTD value,229467.58,S0026991,中国:产量:原煤:累计值,万吨,国家统计局,20260715,0.027541842730027487,NBS
Liaoning,2008,6415.54,S0075437,辽宁:产量:原煤:累计值,吨,国家统计局,20260622,December YTD value,262183.23,S0026991,中国:产量:原煤:累计值,万吨,国家统计局,20260715,0.024469680993708103,NBS
Liaoning,2009,6624.17071,S0075437,辽宁:产量:原煤:累计值,吨,国家统计局,20260622,December YTD value,296477.25,S0026991,中国:产量:原煤:累计值,万吨,国家统计局,20260715,0.02234293089941977,NBS
Liaoning,2015,4635.4037,S0075437,辽宁:产量:原煤:累计值,吨,国家统计局,20260622,December YTD value,368484.65,S0026991,中国:产量:原煤:累计值,万吨,国家统计局,20260715,0.012579638527683581,NBS
Liaoning,2016,4082.1,S0075437,辽宁:产量:原煤:累计值,吨,国家统计局,20260622,December YTD value,336398.6,S0026991,中国:产量:原煤:累计值,万吨,国家统计局,20260715,0.012134711618894966,NBS
Liaoning,2017,3611.0,S0075437,辽宁:产量:原煤:累计值,吨,国家统计局,20260622,December YTD value,344545.6,S0026991,中国:产量:原煤:累计值,万吨,国家统计局,20260715,0.010480470509563902,NBS
Liaoning,2018,3375.9,S0075437,辽宁:产量:原煤:累计值,吨,国家统计局,20260622,December YTD value,354590.8,S0026991,中国:产量:原煤:累计值,万吨,国家统计局,20260715,0.009520551576634251,NBS
Liaoning,2019,3292.0,S0075437,辽宁:产量:原煤:累计值,吨,国家统计局,20260622,December YTD value,374552.5,S0026991,中国:产量:原煤:累计值,万吨,国家统计局,20260715,0.008789155058369654,NBS
Liaoning,2020,3091.5,S0075437,辽宁:产量:原煤:累计值,吨,国家统计局,20260622,December YTD value,384374.1,S0026991,中国:产量:原煤:累计值,万吨,国家统计局,20260715,0.008042945661531305,NBS
Liaoning,2021,3087.7,S0075437,辽宁:产量:原煤:累计值,吨,国家统计局,20260622,December YTD value,407136.0,S0026991,中国:产量:原煤:累计值,万吨,国家统计局,20260715,0.007583952291126306,NBS
Liaoning,2022,3158.1,S0075437,辽宁:产量:原煤:累计值,吨,国家统计局,20260622,December YTD value,449583.9,S0026991,中国:产量:原煤:累计值,万吨,国家统计局,20260715,0.00702449531666948,NBS
Liaoning,2023,2861.5,S0075437,辽宁:产量:原煤:累计值,吨,国家统计局,20260622,December YTD value,465838.0,S0026991,中国:产量:原煤:累计值,万吨,国家统计局,20260715,0.006142693382678099,NBS
Neimenggu,2000,7247.29,S0075436,内蒙古:产量:原煤:累计值,吨,国家统计局,20260622,December YTD value,88009.94,S0026991,中国:产量:原煤:累计值,万吨,国家统计局,20260715,0.08234626679668228,NBS
Neimenggu,2001,7422.22,S0075436,内蒙古:产量:原煤:累计值,吨,国家统计局,20260622,December YTD value,96417.91,S0026991,中国:产量:原煤:累计值,万吨,国家统计局,20260715,0.07697968147204186,NBS
Neimenggu,2002,8880.3,S0075436,内蒙古:产量:原煤:累计值,吨,国家统计局,20260622,December YTD value,111293.48,S0026991,中国:产量:原煤:累计值,万吨,国家统计局,20260715,0.07979173622749508,NBS
Neimenggu,2003,11959.35,S0075436,内蒙古:产量:原煤:累计值,吨,国家统计局,20260622,December YTD value,132669.58,S0026991,中国:产量:原煤:累计值,万吨,国家统计局,20260715,0.0901438747299871,NBS
Neimenggu,2004,17171.44,S0075436,内蒙古:产量:原煤:累计值,吨,国家统计局,20260622,December YTD value,160610.86,S0026991,中国:产量:原煤:累计值,万吨,国家统计局,20260715,0.10691331831483873,NBS
Neimenggu,2005,22064.48,S0075436,内蒙古:产量:原煤:累计值,吨,国家统计局,20260622,December YTD value,182424.49,S0026991,中国:产量:原煤:累计值,万吨,国家统计局,20260715,0.12095130429033953,NBS
Neimenggu,2006,29102.34,S0075436,内蒙古:产量:原煤:累计值,吨,国家统计局,20260622,December YTD value,206598.67,S0026991,中国:产量:原煤:累计值,万吨,国家统计局,20260715,0.1408641207612808,NBS
Neimenggu,2007,34885.9,S0075436,内蒙古:产量:原煤:累计值,吨,国家统计局,20260622,December YTD value,229467.58,S0026991,中国:产量:原煤:累计值,万吨,国家统计局,20260715,0.1520297551401379,NBS
Neimenggu,2008,46842.01,S0075436,内蒙古:产量:原煤:累计值,吨,国家统计局,20260622,December YTD value,262183.23,S0026991,中国:产量:原煤:累计值,万吨,国家统计局,20260715,0.17866135068974476,NBS
Neimenggu,2009,60058.449457,S0075436,内蒙古:产量:原煤:累计值,吨,国家统计局,20260622,December YTD value,296477.25,S0026991,中国:产量:原煤:累计值,万吨,国家统计局,20260715,0.20257355145124964,NBS
Neimenggu,2010,78200.0,S0075436,内蒙古:产量:原煤:累计值,吨,国家统计局,20260622,December YTD value,323500.0,S0026991,中国:产量:原煤:累计值,万吨,国家统计局,20260715,0.2417310664605873,NBS
Neimenggu,2011,99080.0,S0075436,内蒙古:产量:原煤:累计值,吨,国家统计局,20260622,December YTD value,352000.0,S0026991,中国:产量:原煤:累计值,万吨,国家统计局,20260715,0.28147727272727274,NBS
Neimenggu,2012,107795.0,S0075436,内蒙古:产量:原煤:累计值,吨,国家统计局,20260622,December YTD value,365000.0,S0026991,中国:产量:原煤:累计值,万吨,国家统计局,20260715,0.29532876712328765,NBS
Neimenggu,2013,99437.8,S0075436,内蒙古:产量:原煤:累计值,吨,国家统计局,20260622,December YTD value,368000.0,S0026991,中国:产量:原煤:累计值,万吨,国家统计局,20260715,0.2702114130434783,NBS
Neimenggu,2014,90808.0,S0075436,内蒙古:产量:原煤:累计值,吨,国家统计局,20260622,December YTD value,387400.0,S0026991,中国:产量:原煤:累计值,万吨,国家统计局,20260715,0.23440371708828084,NBS
Neimenggu,2015,90060.0,S0075436,内蒙古:产量:原煤:累计值,吨,国家统计局,20260622,December YTD value,368484.65,S0026991,中国:产量:原煤:累计值,万吨,国家统计局,20260715,0.24440638164981904,NBS
Neimenggu,2016,83827.9,S0075436,内蒙古:产量:原煤:累计值,吨,国家统计局,20260622,December YTD value,336398.6,S0026991,中国:产量:原煤:累计值,万吨,国家统计局,20260715,0.24919217856435788,NBS
Neimenggu,2017,87857.1,S0075436,内蒙古:产量:原煤:累计值,吨,国家统计局,20260622,December YTD value,344545.6,S0026991,中国:产量:原煤:累计值,万吨,国家统计局,20260715,0.2549941139866538,NBS
Neimenggu,2018,92597.9,S0075436,内蒙古:产量:原煤:累计值,吨,国家统计局,20260622,December YTD value,354590.8,S0026991,中国:产量:原煤:累计值,万吨,国家统计局,20260715,0.26114016494505776,NBS
Neimenggu,2019,103523.7,S0075436,内蒙古:产量:原煤:累计值,吨,国家统计局,20260622,December YTD value,374552.5,S0026991,中国:产量:原煤:累计值,万吨,国家统计局,20260715,0.2763930290146241,NBS
Neimenggu,2020,100091.3,S0075436,内蒙古:产量:原煤:累计值,吨,国家统计局,20260622,December YTD value,384374.1,S0026991,中国:产量:原煤:累计值,万吨,国家统计局,20260715,0.2604007398001062,NBS
Neimenggu,2021,103896.1,S0075436,内蒙古:产量:原煤:累计值,吨,国家统计局,20260622,December YTD value,407136.0,S0026991,中国:产量:原煤:累计值,万吨,国家统计局,20260715,0.2551877014069009,NBS
Neimenggu,2022,117409.6,S0075436,内蒙古:产量:原煤:累计值,吨,国家统计局,20260622,December YTD value,449583.9,S0026991,中国:产量:原煤:累计值,万吨,国家统计局,20260715,0.2611517004946129,NBS
Neimenggu,2023,121099.3,S0075436,内蒙古:产量:原煤:累计值,吨,国家统计局,20260622,December YTD value,465838.0,S0026991,中国:产量:原煤:累计值,万吨,国家统计局,20260715,0.25996011488972565,NBS
Ningxia,2000,1581.0,S0075457,宁夏:产量:原煤:累计值,吨,国家统计局,20260622,December YTD value,88009.94,S0026991,中国:产量:原煤:累计值,万吨,国家统计局,20260715,0.01796387998901033,NBS
Ningxia,2001,1551.06,S0075457,宁夏:产量:原煤:累计值,吨,国家统计局,20260622,December YTD value,96417.91,S0026991,中国:产量:原煤:累计值,万吨,国家统计局,20260715,0.0160868452759451,NBS
Ningxia,2002,1707.31,S0075457,宁夏:产量:原煤:累计值,吨,国家统计局,20260622,December YTD value,111293.48,S0026991,中国:产量:原煤:累计值,万吨,国家统计局,20260715,0.015340611148110384,NBS
Ningxia,2003,2047.9,S0075457,宁夏:产量:原煤:累计值,吨,国家统计局,20260622,December YTD value,132669.58,S0026991,中国:产量:原煤:累计值,万吨,国家统计局,20260715,0.01543609318730036,NBS
Ningxia,2004,2354.59,S0075457,宁夏:产量:原煤:累计值,吨,国家统计局,20260622,December YTD value,160610.86,S0026991,中国:产量:原煤:累计值,万吨,国家统计局,20260715,0.014660216625451108,NBS
Ningxia,2005,2589.77,S0075457,宁夏:产量:原煤:累计值,吨,国家统计局,20260622,December YTD value,182424.49,S0026991,中国:产量:原煤:累计值,万吨,国家统计局,20260715,0.014196394354727264,NBS
Ningxia,2006,3153.68,S0075457,宁夏:产量:原煤:累计值,吨,国家统计局,20260622,December YTD value,206598.67,S0026991,中国:产量:原煤:累计值,万吨,国家统计局,20260715,0.015264764289140873,NBS
Ningxia,2007,3729.9,S0075457,宁夏:产量:原煤:累计值,吨,国家统计局,20260622,December YTD value,229467.58,S0026991,中国:产量:原煤:累计值,万吨,国家统计局,20260715,0.016254583762987346,NBS
Ningxia,2008,4234.71,S0075457,宁夏:产量:原煤:累计值,吨,国家统计局,20260622,December YTD value,262183.23,S0026991,中国:产量:原煤:累计值,万吨,国家统计局,20260715,0.01615171954361841,NBS
Ningxia,2009,5509.5323020000005,S0075457,宁夏:产量:原煤:累计值,吨,国家统计局,20260622,December YTD value,296477.25,S0026991,中国:产量:原煤:累计值,万吨,国家统计局,20260715,0.0185833223358622,NBS
Ningxia,2015,7443.4997,S0075457,宁夏:产量:原煤:累计值,吨,国家统计局,20260622,December YTD value,368484.65,S0026991,中国:产量:原煤:累计值,万吨,国家统计局,20260715,0.02020029789571967,NBS
Ningxia,2016,6728.4,S0075457,宁夏:产量:原煤:累计值,吨,国家统计局,20260622,December YTD value,336398.6,S0026991,中国:产量:原煤:累计值,万吨,国家统计局,20260715,0.020001272300181987,NBS
Ningxia,2017,7353.4,S0075457,宁夏:产量:原煤:累计值,吨,国家统计局,20260622,December YTD value,344545.6,S0026991,中国:产量:原煤:累计值,万吨,国家统计局,20260715,0.021342312889788755,NBS
Ningxia,2018,7416.2,S0075457,宁夏:产量:原煤:累计值,吨,国家统计局,20260622,December YTD value,354590.8,S0026991,中国:产量:原煤:累计值,万吨,国家统计局,20260715,0.020914812228630862,NBS
Ningxia,2019,7168.0,S0075457,宁夏:产量:原煤:累计值,吨,国家统计局,20260622,December YTD value,374552.5,S0026991,中国:产量:原煤:累计值,万吨,国家统计局,20260715,0.019137504088211934,NBS
Ningxia,2020,8151.6,S0075457,宁夏:产量:原煤:累计值,吨,国家统计局,20260622,December YTD value,384374.1,S0026991,中国:产量:原煤:累计值,万吨,国家统计局,20260715,0.021207464290648098,NBS
Ningxia,2021,8632.9,S0075457,宁夏:产量:原煤:累计值,吨,国家统计局,20260622,December YTD value,407136.0,S0026991,中国:产量:原煤:累计值,万吨,国家统计局,20260715,0.021203971154601903,NBS
Ningxia,2022,9355.4,S0075457,宁夏:产量:原煤:累计值,吨,国家统计局,20260622,December YTD value,449583.9,S0026991,中国:产量:原煤:累计值,万吨,国家统计局,20260715,0.020809019184183417,NBS
Ningxia,2023,9889.1,S0075457,宁夏:产量:原煤:累计值,吨,国家统计局,20260622,December YTD value,465838.0,S0026991,中国:产量:原煤:累计值,万吨,国家统计局,20260715,0.021228624543296166,NBS
Qinghai,2000,145.44,S0075456,青海:产量:原煤:累计值,吨,国家统计局,20260622,December YTD value,88009.94,S0026991,中国:产量:原煤:累计值,万吨,国家统计局,20260715,0.0016525406107537398,NBS
Qinghai,2001,168.97,S0075456,青海:产量:原煤:累计值,吨,国家统计局,20260622,December YTD value,96417.91,S0026991,中国:产量:原煤:累计值,万吨,国家统计局,20260715,0.0017524752403365723,NBS
Qinghai,2002,249.77,S0075456,青海:产量:原煤:累计值,吨,国家统计局,20260622,December YTD value,111293.48,S0026991,中国:产量:原煤:累计值,万吨,国家统计局,20260715,0.002244246473378315,NBS
Qinghai,2003,310.57,S0075456,青海:产量:原煤:累计值,吨,国家统计局,20260622,December YTD value,132669.58,S0026991,中国:产量:原煤:累计值,万吨,国家统计局,20260715,0.002340928493178316,NBS
Qinghai,2004,418.75,S0075456,青海:产量:原煤:累计值,吨,国家统计局,20260622,December YTD value,160610.86,S0026991,中国:产量:原煤:累计值,万吨,国家统计局,20260715,0.0026072334087495702,NBS
Qinghai,2005,554.85,S0075456,青海:产量:原煤:累计值,吨,国家统计局,20260622,December YTD value,182424.49,S0026991,中国:产量:原煤:累计值,万吨,国家统计局,20260715,0.003041532417056504,NBS
Qinghai,2006,591.6,S0075456,青海:产量:原煤:累计值,吨,国家统计局,20260622,December YTD value,206598.67,S0026991,中国:产量:原煤:累计值,万吨,国家统计局,20260715,0.0028635227903451655,NBS
Qinghai,2007,896.11,S0075456,青海:产量:原煤:累计值,吨,国家统计局,20260622,December YTD value,229467.58,S0026991,中国:产量:原煤:累计值,万吨,国家统计局,20260715,0.0039051703948766972,NBS
Qinghai,2008,1182.93,S0075456,青海:产量:原煤:累计值,吨,国家统计局,20260622,December YTD value,262183.23,S0026991,中国:产量:原煤:累计值,万吨,国家统计局,20260715,0.004511844636287379,NBS
Qinghai,2009,1283.614073,S0075456,青海:产量:原煤:累计值,吨,国家统计局,20260622,December YTD value,296477.25,S0026991,中国:产量:原煤:累计值,万吨,国家统计局,20260715,0.0043295533569607785,NBS
Qinghai,2015,804.7966,S0075456,青海:产量:原煤:累计值,吨,国家统计局,20260622,December YTD value,368484.65,S0026991,中国:产量:原煤:累计值,万吨,国家统计局,20260715,0.002184070896847399,NBS
Qinghai,2016,774.6,S0075456,青海:产量:原煤:累计值,吨,国家统计局,20260622,December YTD value,336398.6,S0026991,中国:产量:原煤:累计值,万吨,国家统计局,20260715,0.002302625516277416,NBS
Qinghai,2017,715.5,S0075456,青海:产量:原煤:累计值,吨,国家统计局,20260622,December YTD value,344545.6,S0026991,中国:产量:原煤:累计值,万吨,国家统计局,20260715,0.0020766481998318945,NBS
Qinghai,2018,773.4,S0075456,青海:产量:原煤:累计值,吨,国家统计局,20260622,December YTD value,354590.8,S0026991,中国:产量:原煤:累计值,万吨,国家统计局,20260715,0.0021811056575635917,NBS
Qinghai,2019,1007.2,S0075456,青海:产量:原煤:累计值,吨,国家统计局,20260622,December YTD value,374552.5,S0026991,中国:产量:原煤:累计值,万吨,国家统计局,20260715,0.002689075630252101,NBS
Qinghai,2020,1092.1,S0075456,青海:产量:原煤:累计值,吨,国家统计局,20260622,December YTD value,384374.1,S0026991,中国:产量:原煤:累计值,万吨,国家统计局,20260715,0.002841242425022914,NBS
Qinghai,2021,1109.2,S0075456,青海:产量:原煤:累计值,吨,国家统计局,20260622,December YTD value,407136.0,S0026991,中国:产量:原煤:累计值,万吨,国家统计局,20260715,0.002724396761770023,NBS
Qinghai,2022,936.5,S0075456,青海:产量:原煤:累计值,吨,国家统计局,20260622,December YTD value,449583.9,S0026991,中国:产量:原煤:累计值,万吨,国家统计局,20260715,0.0020830372261996036,NBS
Qinghai,2023,772.9,S0075456,青海:产量:原煤:累计值,吨,国家统计局,20260622,December YTD value,465838.0,S0026991,中国:产量:原煤:累计值,万吨,国家统计局,20260715,0.0016591604806821254,NBS
Shaanxi,2000,1983.89,S0075454,陕西:产量:原煤:累计值,万吨,国家统计局,20260622,December YTD value,88009.94,S0026991,中国:产量:原煤:累计值,万吨,国家统计局,20260715,0.0225416583626804,NBS
Shaanxi,2001,4531.87,S0075454,陕西:产量:原煤:累计值,万吨,国家统计局,20260622,December YTD value,96417.91,S0026991,中国:产量:原煤:累计值,万吨,国家统计局,20260715,0.047002367091342256,NBS
Shaanxi,2002,5859.31,S0075454,陕西:产量:原煤:累计值,万吨,国家统计局,20260622,December YTD value,111293.48,S0026991,中国:产量:原煤:累计值,万吨,国家统计局,20260715,0.05264737880422106,NBS
Shaanxi,2003,7392.76,S0075454,陕西:产量:原煤:累计值,万吨,国家统计局,20260622,December YTD value,132669.58,S0026991,中国:产量:原煤:累计值,万吨,国家统计局,20260715,0.05572309794001007,NBS
Shaanxi,2004,8425.99,S0075454,陕西:产量:原煤:累计值,万吨,国家统计局,20260622,December YTD value,160610.86,S0026991,中国:产量:原煤:累计值,万吨,国家统计局,20260715,0.05246214359352786,NBS
Shaanxi,2005,10810.72,S0075454,陕西:产量:原煤:累计值,万吨,国家统计局,20260622,December YTD value,182424.49,S0026991,中国:产量:原煤:累计值,万吨,国家统计局,20260715,0.05926134150080398,NBS
Shaanxi,2006,15457.62,S0075454,陕西:产量:原煤:累计值,万吨,国家统计局,20260622,December YTD value,206598.67,S0026991,中国:产量:原煤:累计值,万吨,国家统计局,20260715,0.07481955232335233,NBS
Shaanxi,2007,18313.3,S0075454,陕西:产量:原煤:累计值,万吨,国家统计局,20260622,December YTD value,229467.58,S0026991,中国:产量:原煤:累计值,万吨,国家统计局,20260715,0.07980778809799624,NBS
Shaanxi,2008,22317.09,S0075454,陕西:产量:原煤:累计值,万吨,国家统计局,20260622,December YTD value,262183.23,S0026991,中国:产量:原煤:累计值,万吨,国家统计局,20260715,0.0851202039123555,NBS
Shaanxi,2009,29611.13,S0075454,陕西:产量:原煤:累计值,万吨,国家统计局,20260622,December YTD value,296477.25,S0026991,中国:产量:原煤:累计值,万吨,国家统计局,20260715,0.09987656725769009,NBS
Shaanxi,2010,35641.7,S0075454,陕西:产量:原煤:累计值,万吨,国家统计局,20260622,December YTD value,323500.0,S0026991,中国:产量:原煤:累计值,万吨,国家统计局,20260715,0.11017527047913446,NBS
Shaanxi,2011,40538.09,S0075454,陕西:产量:原煤:累计值,万吨,国家统计局,20260622,December YTD value,352000.0,S0026991,中国:产量:原煤:累计值,万吨,国家统计局,20260715,0.1151650284090909,NBS
Shaanxi,2012,46300.61,S0075454,陕西:产量:原煤:累计值,万吨,国家统计局,20260622,December YTD value,365000.0,S0026991,中国:产量:原煤:累计值,万吨,国家统计局,20260715,0.12685098630136987,NBS
Shaanxi,2013,49318.01,S0075454,陕西:产量:原煤:累计值,万吨,国家统计局,20260622,December YTD value,368000.0,S0026991,中国:产量:原煤:累计值,万吨,国家统计局,20260715,0.13401633152173914,NBS
Shaanxi,2014,51500.56,S0075454,陕西:产量:原煤:累计值,万吨,国家统计局,20260622,December YTD value,387400.0,S0026991,中国:产量:原煤:累计值,万吨,国家统计局,20260715,0.13293897780072275,NBS
Shaanxi,2015,50235.8,S0075454,陕西:产量:原煤:累计值,万吨,国家统计局,20260622,December YTD value,368484.65,S0026991,中国:产量:原煤:累计值,万吨,国家统计局,20260715,0.13633078067159649,NBS
Shaanxi,2016,51151.4,S0075454,陕西:产量:原煤:累计值,万吨,国家统计局,20260622,December YTD value,336398.6,S0026991,中国:产量:原煤:累计值,万吨,国家统计局,20260715,0.15205592413285907,NBS
Shaanxi,2017,56959.9,S0075454,陕西:产量:原煤:累计值,万吨,国家统计局,20260622,December YTD value,344545.6,S0026991,中国:产量:原煤:累计值,万吨,国家统计局,20260715,0.16531890118463277,NBS
Shaanxi,2018,62324.5,S0075454,陕西:产量:原煤:累计值,万吨,国家统计局,20260622,December YTD value,354590.8,S0026991,中国:产量:原煤:累计值,万吨,国家统计局,20260715,0.17576457144404198,NBS
Shaanxi,2019,63412.4,S0075454,陕西:产量:原煤:累计值,万吨,国家统计局,20260622,December YTD value,374552.5,S0026991,中国:产量:原煤:累计值,万吨,国家统计局,20260715,0.16930176677501818,NBS
Shaanxi,2020,67942.6,S0075454,陕西:产量:原煤:累计值,万吨,国家统计局,20260622,December YTD value,384374.1,S0026991,中国:产量:原煤:累计值,万吨,国家统计局,20260715,0.17676164965329352,NBS
Shaanxi,2021,69993.8,S0075454,陕西:产量:原煤:累计值,万吨,国家统计局,20260622,December YTD value,407136.0,S0026991,中国:产量:原煤:累计值,万吨,国家统计局,20260715,0.17191749194372397,NBS
Shaanxi,2022,74604.5,S0075454,陕西:产量:原煤:累计值,万吨,国家统计局,20260622,December YTD value,449583.9,S0026991,中国:产量:原煤:累计值,万吨,国家统计局,20260715,0.16594121809077236,NBS
Shaanxi,2023,76136.5,S0075454,陕西:产量:原煤:累计值,万吨,国家统计局,20260622,December YTD value,465838.0,S0026991,中国:产量:原煤:累计值,万吨,国家统计局,20260715,0.16343986536091945,NBS
Shandong,2000,8038.59,S0075445,山东:产量:原煤:累计值,万吨,国家统计局,20260622,December YTD value,88009.94,S0026991,中国:产量:原煤:累计值,万吨,国家统计局,20260715,0.09133729667353482,NBS
Shandong,2001,10687.83,S0075445,山东:产量:原煤:累计值,万吨,国家统计局,20260622,December YTD value,96417.91,S0026991,中国:产量:原煤:累计值,万吨,国家统计局,20260715,0.110849011350692,NBS
Shandong,2002,13065.97,S0075445,山东:产量:原煤:累计值,万吨,国家统计局,20260622,December YTD value,111293.48,S0026991,中国:产量:原煤:累计值,万吨,国家统计局,20260715,0.11740103732941048,NBS
Shandong,2003,14667.27,S0075445,山东:产量:原煤:累计值,万吨,国家统计局,20260622,December YTD value,132669.58,S0026991,中国:产量:原煤:累计值,万吨,国家统计局,20260715,0.11055488379476291,NBS
Shandong,2004,16579.9,S0075445,山东:产量:原煤:累计值,万吨,国家统计局,20260622,December YTD value,160610.86,S0026991,中国:产量:原煤:累计值,万吨,国家统计局,20260715,0.10323025479098986,NBS
Shandong,2005,14029.78,S0075445,山东:产量:原煤:累计值,万吨,国家统计局,20260622,December YTD value,182424.49,S0026991,中国:产量:原煤:累计值,万吨,国家统计局,20260715,0.07690732751945752,NBS
Shandong,2006,14058.85,S0075445,山东:产量:原煤:累计值,万吨,国家统计局,20260622,December YTD value,206598.67,S0026991,中国:产量:原煤:累计值,万吨,国家统计局,20260715,0.06804908279419224,NBS
Shandong,2007,14518.3,S0075445,山东:产量:原煤:累计值,万吨,国家统计局,20260622,December YTD value,229467.58,S0026991,中国:产量:原煤:累计值,万吨,国家统计局,20260715,0.06326950412777264,NBS
Shandong,2008,14659.49,S0075445,山东:产量:原煤:累计值,万吨,国家统计局,20260622,December YTD value,262183.23,S0026991,中国:产量:原煤:累计值,万吨,国家统计局,20260715,0.05591314898363255,NBS
Shandong,2009,14377.72,S0075445,山东:产量:原煤:累计值,万吨,国家统计局,20260622,December YTD value,296477.25,S0026991,中国:产量:原煤:累计值,万吨,国家统计局,20260715,0.048495188079355156,NBS
Shandong,2010,14975.0,S0075445,山东:产量:原煤:累计值,万吨,国家统计局,20260622,December YTD value,323500.0,S0026991,中国:产量:原煤:累计值,万吨,国家统计局,20260715,0.046290571870170015,NBS
Shandong,2011,15449.0,S0075445,山东:产量:原煤:累计值,万吨,国家统计局,20260622,December YTD value,352000.0,S0026991,中国:产量:原煤:累计值,万吨,国家统计局,20260715,0.043889204545454544,NBS
Shandong,2012,14828.4,S0075445,山东:产量:原煤:累计值,万吨,国家统计局,20260622,December YTD value,365000.0,S0026991,中国:产量:原煤:累计值,万吨,国家统计局,20260715,0.04062575342465753,NBS
Shandong,2013,15117.3,S0075445,山东:产量:原煤:累计值,万吨,国家统计局,20260622,December YTD value,368000.0,S0026991,中国:产量:原煤:累计值,万吨,国家统计局,20260715,0.04107961956521739,NBS
Shandong,2014,14829.5,S0075445,山东:产量:原煤:累计值,万吨,国家统计局,20260622,December YTD value,387400.0,S0026991,中国:产量:原煤:累计值,万吨,国家统计局,20260715,0.038279556014455346,NBS
Shandong,2015,15207.0,S0075445,山东:产量:原煤:累计值,万吨,国家统计局,20260622,December YTD value,368484.65,S0026991,中国:产量:原煤:累计值,万吨,国家统计局,20260715,0.04126901894013767,NBS
Shandong,2016,12813.5,S0075445,山东:产量:原煤:累计值,万吨,国家统计局,20260622,December YTD value,336398.6,S0026991,中国:产量:原煤:累计值,万吨,国家统计局,20260715,0.038090229864214654,NBS
Shandong,2017,12945.6,S0075445,山东:产量:原煤:累计值,万吨,国家统计局,20260622,December YTD value,344545.6,S0026991,中国:产量:原煤:累计值,万吨,国家统计局,20260715,0.037572965668405,NBS
Shandong,2018,12169.4,S0075445,山东:产量:原煤:累计值,万吨,国家统计局,20260622,December YTD value,354590.8,S0026991,中国:产量:原煤:累计值,万吨,国家统计局,20260715,0.03431955933430873,NBS
Shandong,2019,11875.6,S0075445,山东:产量:原煤:累计值,万吨,国家统计局,20260622,December YTD value,374552.5,S0026991,中国:产量:原煤:累计值,万吨,国家统计局,20260715,0.03170610261578818,NBS
Shandong,2020,10922.0,S0075445,山东:产量:原煤:累计值,万吨,国家统计局,20260622,December YTD value,384374.1,S0026991,中国:产量:原煤:累计值,万吨,国家统计局,20260715,0.028415025882337026,NBS
Shandong,2021,9312.0,S0075445,山东:产量:原煤:累计值,万吨,国家统计局,20260622,December YTD value,407136.0,S0026991,中国:产量:原煤:累计值,万吨,国家统计局,20260715,0.02287196415939637,NBS
Shandong,2022,8753.1,S0075445,山东:产量:原煤:累计值,万吨,国家统计局,20260622,December YTD value,449583.9,S0026991,中国:产量:原煤:累计值,万吨,国家统计局,20260715,0.019469335979335558,NBS
Shandong,2023,8705.8,S0075445,山东:产量:原煤:累计值,万吨,国家统计局,20260622,December YTD value,465838.0,S0026991,中国:产量:原煤:累计值,万吨,国家统计局,20260715,0.018688471099395067,NBS
Shanxi,2000,19602.7,S0075435,山西:产量:原煤:累计值,万吨,国家统计局,20260622,December YTD value,88009.94,S0026991,中国:产量:原煤:累计值,万吨,国家统计局,20260715,0.22273279586373995,NBS
Shanxi,2001,21897.62,S0075435,山西:产量:原煤:累计值,万吨,国家统计局,20260622,December YTD value,96417.91,S0026991,中国:产量:原煤:累计值,万吨,国家统计局,20260715,0.22711153975438794,NBS
Shanxi,2002,24361.3,S0075435,山西:产量:原煤:累计值,万吨,国家统计局,20260622,December YTD value,111293.48,S0026991,中国:产量:原煤:累计值,万吨,国家统计局,20260715,0.218892427480927,NBS
Shanxi,2003,29508.66,S0075435,山西:产量:原煤:累计值,万吨,国家统计局,20260622,December YTD value,132669.58,S0026991,中国:产量:原煤:累计值,万吨,国家统计局,20260715,0.22242220108030797,NBS
Shanxi,2004,37231.6,S0075435,山西:产量:原煤:累计值,万吨,国家统计局,20260622,December YTD value,160610.86,S0026991,中国:产量:原煤:累计值,万吨,国家统计局,20260715,0.23181246897003105,NBS
Shanxi,2005,43963.03,S0075435,山西:产量:原煤:累计值,万吨,国家统计局,20260622,December YTD value,182424.49,S0026991,中国:产量:原煤:累计值,万吨,国家统计局,20260715,0.24099302675863313,NBS
Shanxi,2006,49787.52,S0075435,山西:产量:原煤:累计值,万吨,国家统计局,20260622,December YTD value,206598.67,S0026991,中国:产量:原煤:累计值,万吨,国家统计局,20260715,0.24098664333124697,NBS
Shanxi,2007,57056.9,S0075435,山西:产量:原煤:累计值,万吨,国家统计局,20260622,December YTD value,229467.58,S0026991,中国:产量:原煤:累计值,万吨,国家统计局,20260715,0.2486490684217788,NBS
Shanxi,2008,60947.08,S0075435,山西:产量:原煤:累计值,万吨,国家统计局,20260622,December YTD value,262183.23,S0026991,中国:产量:原煤:累计值,万吨,国家统计局,20260715,0.23245987167066332,NBS
Shanxi,2009,59353.98,S0075435,山西:产量:原煤:累计值,万吨,国家统计局,20260622,December YTD value,296477.25,S0026991,中国:产量:原煤:累计值,万吨,国家统计局,20260715,0.20019741818301406,NBS
Shanxi,2010,74095.99,S0075435,山西:产量:原煤:累计值,万吨,国家统计局,20260622,December YTD value,323500.0,S0026991,中国:产量:原煤:累计值,万吨,国家统计局,20260715,0.2290447913446677,NBS
Shanxi,2011,87228.16,S0075435,山西:产量:原煤:累计值,万吨,国家统计局,20260622,December YTD value,352000.0,S0026991,中国:产量:原煤:累计值,万吨,国家统计局,20260715,0.24780727272727274,NBS
Shanxi,2012,91333.06,S0075435,山西:产量:原煤:累计值,万吨,国家统计局,20260622,December YTD value,365000.0,S0026991,中国:产量:原煤:累计值,万吨,国家统计局,20260715,0.2502275616438356,NBS
Shanxi,2013,96256.88,S0075435,山西:产量:原煤:累计值,万吨,国家统计局,20260622,December YTD value,368000.0,S0026991,中国:产量:原煤:累计值,万吨,国家统计局,20260715,0.2615676086956522,NBS
Shanxi,2014,97670.01,S0075435,山西:产量:原煤:累计值,万吨,国家统计局,20260622,December YTD value,387400.0,S0026991,中国:产量:原煤:累计值,万吨,国家统计局,20260715,0.25211670108415074,NBS
Shanxi,2015,96121.13,S0075435,山西:产量:原煤:累计值,万吨,国家统计局,20260622,December YTD value,368484.65,S0026991,中国:产量:原煤:累计值,万吨,国家统计局,20260715,0.260855180806039,NBS
Shanxi,2016,81641.5,S0075435,山西:产量:原煤:累计值,万吨,国家统计局,20260622,December YTD value,336398.6,S0026991,中国:产量:原煤:累计值,万吨,国家统计局,20260715,0.24269274604591104,NBS
Shanxi,2017,85398.9,S0075435,山西:产量:原煤:累计值,万吨,国家统计局,20260622,December YTD value,344545.6,S0026991,中国:产量:原煤:累计值,万吨,国家统计局,20260715,0.2478594995843801,NBS
Shanxi,2018,89340.0,S0075435,山西:产量:原煤:累计值,万吨,国家统计局,20260622,December YTD value,354590.8,S0026991,中国:产量:原煤:累计值,万吨,国家统计局,20260715,0.25195239131979735,NBS
Shanxi,2019,97109.4,S0075435,山西:产量:原煤:累计值,万吨,国家统计局,20260622,December YTD value,374552.5,S0026991,中国:产量:原煤:累计值,万吨,国家统计局,20260715,0.25926779289952673,NBS
Shanxi,2020,106306.8,S0075435,山西:产量:原煤:累计值,万吨,国家统计局,20260622,December YTD value,384374.1,S0026991,中国:产量:原煤:累计值,万吨,国家统计局,20260715,0.27657118416667514,NBS
Shanxi,2021,119316.2,S0075435,山西:产量:原煤:累计值,万吨,国家统计局,20260622,December YTD value,407136.0,S0026991,中国:产量:原煤:累计值,万吨,国家统计局,20260715,0.2930622691189185,NBS
Shanxi,2022,130714.6,S0075435,山西:产量:原煤:累计值,万吨,国家统计局,20260622,December YTD value,449583.9,S0026991,中国:产量:原煤:累计值,万吨,国家统计局,20260715,0.2907457317755373,NBS
Shanxi,2023,135658.2,S0075435,山西:产量:原煤:累计值,万吨,国家统计局,20260622,December YTD value,465838.0,S0026991,中国:产量:原煤:累计值,万吨,国家统计局,20260715,0.29121325439315815,NBS
Sichuan,2000,2061.95,S0075451,四川:产量:原煤:累计值,吨,国家统计局,20260622,December YTD value,88009.94,S0026991,中国:产量:原煤:累计值,万吨,国家统计局,20260715,0.023428603632726027,NBS
Sichuan,2001,2159.82,S0075451,四川:产量:原煤:累计值,吨,国家统计局,20260622,December YTD value,96417.91,S0026991,中国:产量:原煤:累计值,万吨,国家统计局,20260715,0.022400610011148344,NBS
Sichuan,2002,2753.89,S0075451,四川:产量:原煤:累计值,吨,国家统计局,20260622,December YTD value,111293.48,S0026991,中国:产量:原煤:累计值,万吨,国家统计局,20260715,0.024744396527092153,NBS
Sichuan,2003,3133.88,S0075451,四川:产量:原煤:累计值,吨,国家统计局,20260622,December YTD value,132669.58,S0026991,中国:产量:原煤:累计值,万吨,国家统计局,20260715,0.02362169232766095,NBS
Sichuan,2004,4429.9,S0075451,四川:产量:原煤:累计值,吨,国家统计局,20260622,December YTD value,160610.86,S0026991,中国:产量:原煤:累计值,万吨,国家统计局,20260715,0.02758157200577844,NBS
Sichuan,2005,5219.05,S0075451,四川:产量:原煤:累计值,吨,国家统计局,20260622,December YTD value,182424.49,S0026991,中国:产量:原煤:累计值,万吨,国家统计局,20260715,0.028609371471999184,NBS
Sichuan,2006,6363.05,S0075451,四川:产量:原煤:累计值,吨,国家统计局,20260622,December YTD value,206598.67,S0026991,中国:产量:原煤:累计值,万吨,国家统计局,20260715,0.0307990850086305,NBS
Sichuan,2007,7758.76,S0075451,四川:产量:原煤:累计值,吨,国家统计局,20260622,December YTD value,229467.58,S0026991,中国:产量:原煤:累计值,万吨,国家统计局,20260715,0.03381200952221661,NBS
Sichuan,2008,8602.36,S0075451,四川:产量:原煤:累计值,吨,国家统计局,20260622,December YTD value,262183.23,S0026991,中国:产量:原煤:累计值,万吨,国家统计局,20260715,0.03281048906140946,NBS
Sichuan,2009,10421.338236,S0075451,四川:产量:原煤:累计值,吨,国家统计局,20260622,December YTD value,296477.25,S0026991,中国:产量:原煤:累计值,万吨,国家统计局,20260715,0.03515054944687999,NBS
Sichuan,2015,6355.5088,S0075451,四川:产量:原煤:累计值,吨,国家统计局,20260622,December YTD value,368484.65,S0026991,中国:产量:原煤:累计值,万吨,国家统计局,20260715,0.017247689422069546,NBS
Sichuan,2016,6076.2,S0075451,四川:产量:原煤:累计值,吨,国家统计局,20260622,December YTD value,336398.6,S0026991,中国:产量:原煤:累计值,万吨,国家统计局,20260715,0.018062500854640895,NBS
Sichuan,2017,4659.9,S0075451,四川:产量:原煤:累计值,吨,国家统计局,20260622,December YTD value,344545.6,S0026991,中国:产量:原煤:累计值,万吨,国家统计局,20260715,0.013524770015928226,NBS
Sichuan,2018,3516.3,S0075451,四川:产量:原煤:累计值,吨,国家统计局,20260622,December YTD value,354590.8,S0026991,中国:产量:原煤:累计值,万吨,国家统计局,20260715,0.009916500935726477,NBS
Sichuan,2019,3296.4,S0075451,四川:产量:原煤:累计值,吨,国家统计局,20260622,December YTD value,374552.5,S0026991,中国:产量:原煤:累计值,万吨,国家统计局,20260715,0.008800902410209517,NBS
Sichuan,2020,2158.3,S0075451,四川:产量:原煤:累计值,吨,国家统计局,20260622,December YTD value,384374.1,S0026991,中国:产量:原煤:累计值,万吨,国家统计局,20260715,0.0056151025784515664,NBS
Sichuan,2021,1907.2,S0075451,四川:产量:原煤:累计值,吨,国家统计局,20260622,December YTD value,407136.0,S0026991,中国:产量:原煤:累计值,万吨,国家统计局,20260715,0.004684429772852315,NBS
Sichuan,2022,2224.0,S0075451,四川:产量:原煤:累计值,吨,国家统计局,20260622,December YTD value,449583.9,S0026991,中国:产量:原煤:累计值,万吨,国家统计局,20260715,0.0049467963599230304,NBS
Sichuan,2023,2032.0,S0075451,四川:产量:原煤:累计值,吨,国家统计局,20260622,December YTD value,465838.0,S0026991,中国:产量:原煤:累计值,万吨,国家统计局,20260715,0.004362031435821036,NBS
Xinjiang,2000,2745.82,S0075458,新疆:产量:原煤:累计值,吨,国家统计局,20260622,December YTD value,88009.94,S0026991,中国:产量:原煤:累计值,万吨,国家统计局,20260715,0.031198975933854744,NBS
Xinjiang,2001,1458.19,S0075458,新疆:产量:原煤:累计值,吨,国家统计局,20260622,December YTD value,96417.91,S0026991,中国:产量:原煤:累计值,万吨,国家统计局,20260715,0.015123642485094315,NBS
Xinjiang,2002,1582.28,S0075458,新疆:产量:原煤:累计值,吨,国家统计局,20260622,December YTD value,111293.48,S0026991,中国:产量:原煤:累计值,万吨,国家统计局,20260715,0.014217185049834007,NBS
Xinjiang,2003,1845.71,S0075458,新疆:产量:原煤:累计值,吨,国家统计局,20260622,December YTD value,132669.58,S0026991,中国:产量:原煤:累计值,万吨,国家统计局,20260715,0.013912081428161605,NBS
Xinjiang,2004,2219.64,S0075458,新疆:产量:原煤:累计值,吨,国家统计局,20260622,December YTD value,160610.86,S0026991,中国:产量:原煤:累计值,万吨,国家统计局,20260715,0.013819987017067215,NBS
Xinjiang,2005,2435.07,S0075458,新疆:产量:原煤:累计值,吨,国家统计局,20260622,December YTD value,182424.49,S0026991,中国:产量:原煤:累计值,万吨,国家统计局,20260715,0.013348372249800454,NBS
Xinjiang,2006,3034.46,S0075458,新疆:产量:原煤:累计值,吨,国家统计局,20260622,December YTD value,206598.67,S0026991,中国:产量:原煤:累计值,万吨,国家统计局,20260715,0.014687703459078414,NBS
Xinjiang,2007,3986.8,S0075458,新疆:产量:原煤:累计值,吨,国家统计局,20260622,December YTD value,229467.58,S0026991,中国:产量:原煤:累计值,万吨,国家统计局,20260715,0.017374131892618556,NBS
Xinjiang,2008,6842.01,S0075458,新疆:产量:原煤:累计值,吨,国家统计局,20260622,December YTD value,262183.23,S0026991,中国:产量:原煤:累计值,万吨,国家统计局,20260715,0.026096291513381695,NBS
Xinjiang,2009,7645.996604999999,S0075458,新疆:产量:原煤:累计值,吨,国家统计局,20260622,December YTD value,296477.25,S0026991,中国:产量:原煤:累计值,万吨,国家统计局,20260715,0.025789488417745372,NBS
Xinjiang,2015,14643.2531,S0075458,新疆:产量:原煤:累计值,吨,国家统计局,20260622,December YTD value,368484.65,S0026991,中国:产量:原煤:累计值,万吨,国家统计局,20260715,0.03973911287756491,NBS
Xinjiang,2016,15834.0,S0075458,新疆:产量:原煤:累计值,吨,国家统计局,20260622,December YTD value,336398.6,S0026991,中国:产量:原煤:累计值,万吨,国家统计局,20260715,0.04706916140554687,NBS
Xinjiang,2017,16706.5,S0075458,新疆:产量:原煤:累计值,吨,国家统计局,20260622,December YTD value,344545.6,S0026991,中国:产量:原煤:累计值,万吨,国家统计局,20260715,0.04848850195736065,NBS
Xinjiang,2018,19037.3,S0075458,新疆:产量:原煤:累计值,吨,国家统计局,20260622,December YTD value,354590.8,S0026991,中国:产量:原煤:累计值,万吨,国家统计局,20260715,0.0536880821499035,NBS
Xinjiang,2019,23773.3,S0075458,新疆:产量:原煤:累计值,吨,国家统计局,20260622,December YTD value,374552.5,S0026991,中国:产量:原煤:累计值,万吨,国家统计局,20260715,0.06347120897604475,NBS
Xinjiang,2020,26587.4,S0075458,新疆:产量:原煤:累计值,吨,国家统计局,20260622,December YTD value,384374.1,S0026991,中国:产量:原煤:累计值,万吨,国家统计局,20260715,0.06917063350522318,NBS
Xinjiang,2021,31991.9,S0075458,新疆:产量:原煤:累计值,吨,国家统计局,20260622,December YTD value,407136.0,S0026991,中国:产量:原煤:累计值,万吨,国家统计局,20260715,0.07857791990882654,NBS
Xinjiang,2022,41282.2,S0075458,新疆:产量:原煤:累计值,吨,国家统计局,20260622,December YTD value,449583.9,S0026991,中国:产量:原煤:累计值,万吨,国家统计局,20260715,0.0918231280079202,NBS
Xinjiang,2023,45672.5,S0075458,新疆:产量:原煤:累计值,吨,国家统计局,20260622,December YTD value,465838.0,S0026991,中国:产量:原煤:累计值,万吨,国家统计局,20260715,0.09804374052782298,NBS
Yunnan,2000,994.13,S0075453,云南:产量:原煤:累计值,万吨,国家统计局,20260622,December YTD value,88009.94,S0026991,中国:产量:原煤:累计值,万吨,国家统计局,20260715,0.011295655922501481,NBS
Yunnan,2001,1111.83,S0075453,云南:产量:原煤:累计值,万吨,国家统计局,20260622,December YTD value,96417.91,S0026991,中国:产量:原煤:累计值,万吨,国家统计局,20260715,0.011531363830641007,NBS
Yunnan,2002,1219.34,S0075453,云南:产量:原煤:累计值,万吨,国家统计局,20260622,December YTD value,111293.48,S0026991,中国:产量:原煤:累计值,万吨,国家统计局,20260715,0.010956077570761558,NBS
Yunnan,2003,1399.39,S0075453,云南:产量:原煤:累计值,万吨,国家统计局,20260622,December YTD value,132669.58,S0026991,中国:产量:原煤:累计值,万吨,国家统计局,20260715,0.010547934198630916,NBS
Yunnan,2004,1718.57,S0075453,云南:产量:原煤:累计值,万吨,国家统计局,20260622,December YTD value,160610.86,S0026991,中国:产量:原煤:累计值,万吨,国家统计局,20260715,0.010700210434088954,NBS
Yunnan,2005,2190.18,S0075453,云南:产量:原煤:累计值,万吨,国家统计局,20260622,December YTD value,182424.49,S0026991,中国:产量:原煤:累计值,万吨,国家统计局,20260715,0.012005953805873323,NBS
Yunnan,2006,2673.71,S0075453,云南:产量:原煤:累计值,万吨,国家统计局,20260622,December YTD value,206598.67,S0026991,中国:产量:原煤:累计值,万吨,国家统计局,20260715,0.012941564435046944,NBS
Yunnan,2007,3738.9,S0075453,云南:产量:原煤:累计值,万吨,国家统计局,20260622,December YTD value,229467.58,S0026991,中国:产量:原煤:累计值,万吨,国家统计局,20260715,0.016293804989794203,NBS
Yunnan,2008,4458.11,S0075453,云南:产量:原煤:累计值,万吨,国家统计局,20260622,December YTD value,262183.23,S0026991,中国:产量:原煤:累计值,万吨,国家统计局,20260715,0.017003795399118397,NBS
Yunnan,2009,5571.26,S0075453,云南:产量:原煤:累计值,万吨,国家统计局,20260622,December YTD value,296477.25,S0026991,中国:产量:原煤:累计值,万吨,国家统计局,20260715,0.018791526162631366,NBS
Yunnan,2012,10400.0,S0075453,云南:产量:原煤:累计值,万吨,国家统计局,20260622,December YTD value,365000.0,S0026991,中国:产量:原煤:累计值,万吨,国家统计局,20260715,0.028493150684931506,NBS
Yunnan,2013,10425.0,S0075453,云南:产量:原煤:累计值,万吨,国家统计局,20260622,December YTD value,368000.0,S0026991,中国:产量:原煤:累计值,万吨,国家统计局,20260715,0.028328804347826086,NBS
Yunnan,2014,4413.0,S0075453,云南:产量:原煤:累计值,万吨,国家统计局,20260622,December YTD value,387400.0,S0026991,中国:产量:原煤:累计值,万吨,国家统计局,20260715,0.011391326794011359,NBS
Yunnan,2015,4884.0,S0075453,云南:产量:原煤:累计值,万吨,国家统计局,20260622,December YTD value,368484.65,S0026991,中国:产量:原煤:累计值,万吨,国家统计局,20260715,0.013254283455226695,NBS
Yunnan,2016,4251.8,S0075453,云南:产量:原煤:累计值,万吨,国家统计局,20260622,December YTD value,336398.6,S0026991,中国:产量:原煤:累计值,万吨,国家统计局,20260715,0.012639172695724657,NBS
Yunnan,2017,4392.9,S0075453,云南:产量:原煤:累计值,万吨,国家统计局,20260622,December YTD value,344545.6,S0026991,中国:产量:原煤:累计值,万吨,国家统计局,20260715,0.012749836306137708,NBS
Yunnan,2018,4534.9,S0075453,云南:产量:原煤:累计值,万吨,国家统计局,20260622,December YTD value,354590.8,S0026991,中国:产量:原煤:累计值,万吨,国家统计局,20260715,0.012789107895636321,NBS
Yunnan,2019,4779.6,S0075453,云南:产量:原煤:累计值,万吨,国家统计局,20260622,December YTD value,374552.5,S0026991,中国:产量:原煤:累计值,万吨,国家统计局,20260715,0.012760827921319442,NBS
Yunnan,2020,5265.6,S0075453,云南:产量:原煤:累计值,万吨,国家统计局,20260622,December YTD value,384374.1,S0026991,中国:产量:原煤:累计值,万吨,国家统计局,20260715,0.013699154027287481,NBS
Yunnan,2021,5796.0,S0075453,云南:产量:原煤:累计值,万吨,国家统计局,20260622,December YTD value,407136.0,S0026991,中国:产量:原煤:累计值,万吨,国家统计局,20260715,0.014236029238387174,NBS
Yunnan,2022,6659.4,S0075453,云南:产量:原煤:累计值,万吨,国家统计局,20260622,December YTD value,449583.9,S0026991,中国:产量:原煤:累计值,万吨,国家统计局,20260715,0.01481236316514003,NBS
Yunnan,2023,7418.0,S0075453,云南:产量:原煤:累计值,万吨,国家统计局,20260622,December YTD value,465838.0,S0026991,中国:产量:原煤:累计值,万吨,国家统计局,20260715,0.015923990743563213,NBS
Zhejiang,2000,73.0,S5117157,中国:浙江:产量:原煤:累计值,万吨,根据新闻整理,20260622,December YTD value,88009.94,S0026991,中国:产量:原煤:累计值,万吨,国家统计局,20260715,0.000829451764198453,secondary_compilation
Zhejiang,2001,72.0,S5117157,中国:浙江:产量:原煤:累计值,万吨,根据新闻整理,20260622,December YTD value,96417.91,S0026991,中国:产量:原煤:累计值,万吨,国家统计局,20260715,0.0007467492294740676,secondary_compilation
Zhejiang,2002,73.5,S5117157,中国:浙江:产量:原煤:累计值,万吨,根据新闻整理,20260622,December YTD value,111293.48,S0026991,中国:产量:原煤:累计值,万吨,国家统计局,20260715,0.0006604160459354852,secondary_compilation
Zhejiang,2003,69.4,S5117157,中国:浙江:产量:原煤:累计值,万吨,根据新闻整理,20260622,December YTD value,132669.58,S0026991,中国:产量:原煤:累计值,万吨,国家统计局,20260715,0.0005231040906287636,secondary_compilation
Zhejiang,2004,56.3,S5117157,中国:浙江:产量:原煤:累计值,万吨,根据新闻整理,20260622,December YTD value,160610.86,S0026991,中国:产量:原煤:累计值,万吨,国家统计局,20260715,0.00035053669471665864,secondary_compilation
Zhejiang,2005,41.3,S5117157,中国:浙江:产量:原煤:累计值,万吨,根据新闻整理,20260622,December YTD value,182424.49,S0026991,中国:产量:原煤:累计值,万吨,国家统计局,20260715,0.00022639504158679572,secondary_compilation
Zhejiang,2006,13.5,S5117157,中国:浙江:产量:原煤:累计值,万吨,根据新闻整理,20260622,December YTD value,206598.67,S0026991,中国:产量:原煤:累计值,万吨,国家统计局,20260715,6.534407990138561e-05,secondary_compilation
Zhejiang,2007,12.3,S5117157,中国:浙江:产量:原煤:累计值,万吨,根据新闻整理,20260622,December YTD value,229467.58,S0026991,中国:产量:原煤:累计值,万吨,国家统计局,20260715,5.360234330270098e-05,secondary_compilation
Zhejiang,2008,13.0,S5117157,中国:浙江:产量:原煤:累计值,万吨,根据新闻整理,20260622,December YTD value,262183.23,S0026991,中国:产量:原煤:累计值,万吨,国家统计局,20260715,4.958364423231799e-05,secondary_compilation
Zhejiang,2009,13.2,S5117157,中国:浙江:产量:原煤:累计值,万吨,根据新闻整理,20260622,December YTD value,296477.25,S0026991,中国:产量:原煤:累计值,万吨,国家统计局,20260715,4.45228090856887e-05,secondary_compilation
Zhejiang,2012,12.4,S5117157,中国:浙江:产量:原煤:累计值,万吨,根据新闻整理,20260622,December YTD value,365000.0,S0026991,中国:产量:原煤:累计值,万吨,国家统计局,20260715,3.397260273972603e-05,secondary_compilation
Zhejiang,2013,12.3,S5117157,中国:浙江:产量:原煤:累计值,万吨,根据新闻整理,20260622,December YTD value,368000.0,S0026991,中国:产量:原煤:累计值,万吨,国家统计局,20260715,3.342391304347826e-05,secondary_compilation
Zhejiang,2014,0.0,S5117157,中国:浙江:产量:原煤:累计值,万吨,根据新闻整理,20260622,December YTD value,387400.0,S0026991,中国:产量:原煤:累计值,万吨,国家统计局,20260715,0.0,secondary_compilation
Zhejiang,2015,0.0,S5117157,中国:浙江:产量:原煤:累计值,万吨,根据新闻整理,20260622,December YTD value,368484.65,S0026991,中国:产量:原煤:累计值,万吨,国家统计局,20260715,0.0,secondary_compilation
Zhejiang,2016,0.0,S5117157,中国:浙江:产量:原煤:累计值,万吨,根据新闻整理,20260622,December YTD value,336398.6,S0026991,中国:产量:原煤:累计值,万吨,国家统计局,20260715,0.0,secondary_compilation
Zhejiang,2017,0.0,S5117157,中国:浙江:产量:原煤:累计值,万吨,根据新闻整理,20260622,December YTD value,344545.6,S0026991,中国:产量:原煤:累计值,万吨,国家统计局,20260715,0.0,secondary_compilation
Zhejiang,2018,0.0,S5117157,中国:浙江:产量:原煤:累计值,万吨,根据新闻整理,20260622,December YTD value,354590.8,S0026991,中国:产量:原煤:累计值,万吨,国家统计局,20260715,0.0,secondary_compilation
Zhejiang,2019,0.0,S5117157,中国:浙江:产量:原煤:累计值,万吨,根据新闻整理,20260622,December YTD value,374552.5,S0026991,中国:产量:原煤:累计值,万吨,国家统计局,20260715,0.0,secondary_compilation
Zhejiang,2020,0.0,S5117157,中国:浙江:产量:原煤:累计值,万吨,根据新闻整理,20260622,December YTD value,384374.1,S0026991,中国:产量:原煤:累计值,万吨,国家统计局,20260715,0.0,secondary_compilation
Zhejiang,2021,0.0,S5117157,中国:浙江:产量:原煤:累计值,万吨,根据新闻整理,20260622,December YTD value,407136.0,S0026991,中国:产量:原煤:累计值,万吨,国家统计局,20260715,0.0,secondary_compilation
Zhejiang,2022,0.0,S5117157,中国:浙江:产量:原煤:累计值,万吨,根据新闻整理,20260622,December YTD value,449583.9,S0026991,中国:产量:原煤:累计值,万吨,国家统计局,20260715,0.0,secondary_compilation
Zhejiang,2023,0.0,S5117157,中国:浙江:产量:原煤:累计值,万吨,根据新闻整理,20260622,December YTD value,465838.0,S0026991,中国:产量:原煤:累计值,万吨,国家统计局,20260715,0.0,secondary_compilation
