kind,province,wind_code,wind_name,source,unit,frequency,update_date,first_year,last_year,observation_n
loan,Shanghai,M0059477,上海:金融机构各项贷款余额:人民币,中国人民银行,亿元,月,20260624,2003,2023,21
loan,Beijing,M0059149,北京:金融机构各项贷款余额:人民币,中国人民银行,亿元,月,20260630,2003,2023,21
loan,Chongqing,M0060010,重庆:金融机构各项贷款余额:人民币,中国人民银行,亿元,月,20260617,2003,2023,21
loan,Guangdong,M0059887,广东:金融机构各项贷款余额:人民币,中国人民银行,亿元,月,20260616,2003,2023,21
loan,Zhejiang,M0059559,浙江:金融机构各项贷款余额:人民币,中国人民银行,亿元,月,20251027,2003,2023,21
loan,Tianjin,M0059190,天津:金融机构各项贷款余额:人民币,中国人民银行,亿元,月,20260629,2003,2023,21
loan,Shandong,M0059723,山东:金融机构各项贷款余额:人民币,中国人民银行,亿元,月,20260626,2003,2023,21
loan,Henan,M0059764,河南:金融机构各项贷款余额:人民币,中国人民银行,亿元,月,20260618,2003,2023,21
loan,Anhui,M0059600,安徽:金融机构各项贷款余额:人民币,中国人民银行,亿元,月,20260708,2003,2023,21
loan,Jilin,M0059395,吉林:金融机构各项贷款余额:人民币,中国人民银行,亿元,月,20260618,2003,2023,21
loan,Sichuan,M0060051,四川:金融机构各项贷款余额:人民币,中国人民银行,亿元,月,20260616,2003,2023,21
loan,Fujian,M0059641,福建:金融机构各项贷款余额:人民币,中国人民银行,亿元,月,20260630,2003,2023,21
loan,Shanxi,M0059272,山西:金融机构各项贷款余额:人民币,中国人民银行,亿元,月,20260618,2003,2023,21
loan,Xinjiang,M0060379,新疆:金融机构各项贷款余额:人民币,中国人民银行,亿元,月,20260622,2003,2023,21
loan,Guizhou,M0060092,贵州:金融机构各项贷款余额:人民币,中国人民银行,亿元,月,20260623,2003,2023,21
loan,Hebei,M0059231,河北:金融机构各项贷款余额:人民币,中国人民银行,亿元,月,20260716,2003,2023,21
loan,Guangxi,M0059928,广西:金融机构各项贷款余额:人民币,中国人民银行,亿元,月,20260629,2003,2023,21
loan,Shaanxi,M0060215,陕西:金融机构各项贷款余额:人民币,中国人民银行,亿元,月,20260624,2003,2023,21
loan,Hainan,M0059969,海南:金融机构各项贷款余额:人民币,中国人民银行,亿元,月,20260623,2003,2023,21
loan,Hunan,M0059846,湖南:金融机构各项贷款余额:人民币,中国人民银行,亿元,月,20260626,2003,2023,21
loan,Yunnan,M0060133,云南:金融机构各项贷款余额:人民币,中国人民银行,亿元,月,20260617,2003,2023,21
loan,Hubei,M0059805,湖北:金融机构各项贷款余额:人民币,中国人民银行,亿元,月,20260701,2003,2023,21
loan,Ningxia,M0060338,宁夏:金融机构各项贷款余额:人民币,中国人民银行,亿元,月,20260716,2003,2023,21
loan,Jiangxi,M0059682,江西:金融机构各项贷款余额:人民币,中国人民银行,亿元,月,20260618,2003,2023,21
loan,Xizang,M0060174,西藏:金融机构各项贷款余额:人民币,中国人民银行,亿元,月,20260615,2003,2023,21
loan,Heilongjiang,M0059436,黑龙江:金融机构各项贷款余额:人民币,中国人民银行,亿元,月,20260626,2003,2023,21
loan,Neimenggu,M0059313,内蒙古:金融机构各项贷款余额:人民币,中国人民银行,亿元,月,20260626,2003,2023,21
loan,Gansu,M0060256,甘肃:金融机构各项贷款余额:人民币,中国人民银行,亿元,月,20260203,2003,2023,21
loan,Qinghai,M0060297,青海:金融机构各项贷款余额:人民币,中国人民银行,亿元,月,20251027,2003,2023,21
loan,Liaoning,M0059354,辽宁:金融机构各项贷款余额:人民币,中国人民银行,亿元,月,20260702,2003,2023,21
loan,Jiangsu,M0059518,江苏:金融机构各项贷款余额:人民币,中国人民银行,亿元,月,20260701,2003,2023,21
deposit,Beijing,M0059140,北京:金融机构各项存款余额:人民币,中国人民银行,亿元,月,20260630,2003,2023,21
deposit,Shanghai,M0059468,上海:金融机构各项存款余额:人民币,中国人民银行,亿元,月,20260624,2003,2023,21
deposit,Chongqing,M0060001,重庆:金融机构各项存款余额:人民币,中国人民银行,亿元,月,20260617,2003,2023,21
deposit,Guangdong,M0059878,广东:金融机构各项存款余额:人民币,中国人民银行,亿元,月,20260616,2003,2023,21
deposit,Hubei,M0059796,湖北:金融机构各项存款余额:人民币,中国人民银行,亿元,月,20260701,2003,2023,21
deposit,Tianjin,M0059181,天津:金融机构各项存款余额:人民币,中国人民银行,亿元,月,20260629,2003,2023,21
deposit,Zhejiang,M0059550,浙江:金融机构各项存款余额:人民币,中国人民银行,亿元,月,20251027,2003,2023,21
deposit,Shandong,M0059714,山东:金融机构各项存款余额:人民币,中国人民银行,亿元,月,20260626,2003,2023,21
deposit,Sichuan,M0060042,四川:金融机构各项存款余额:人民币,中国人民银行,亿元,月,20260616,2003,2023,21
deposit,Henan,M0059755,河南:金融机构各项存款余额:人民币,中国人民银行,亿元,月,20260618,2003,2023,21
deposit,Anhui,M0059591,安徽:金融机构各项存款余额:人民币,中国人民银行,亿元,月,20260708,2003,2023,21
deposit,Hunan,M0059837,湖南:金融机构各项存款余额:人民币,中国人民银行,亿元,月,20260626,2003,2023,21
deposit,Shaanxi,M0060206,陕西:金融机构各项存款余额:人民币,中国人民银行,亿元,月,20260624,2003,2023,21
deposit,Guizhou,M0060083,贵州:金融机构各项存款余额:人民币,中国人民银行,亿元,月,20260623,2003,2023,21
deposit,Fujian,M0059632,福建:金融机构各项存款余额:人民币,中国人民银行,亿元,月,20260630,2003,2023,21
deposit,Hebei,M0059222,河北:金融机构各项存款余额:人民币,中国人民银行,亿元,月,20260716,2003,2023,21
deposit,Shanxi,M0059263,山西:金融机构各项存款余额:人民币,中国人民银行,亿元,月,20260618,2003,2023,21
deposit,Guangxi,M0059919,广西:金融机构各项存款余额:人民币,中国人民银行,亿元,月,20260629,2003,2023,21
deposit,Jiangxi,M0059673,江西:金融机构各项存款余额:人民币,中国人民银行,亿元,月,20260618,2003,2023,21
deposit,Hainan,M0059960,海南:金融机构各项存款余额:人民币,中国人民银行,亿元,月,20260623,2003,2023,21
deposit,Jilin,M0059386,吉林:金融机构各项存款余额:人民币,中国人民银行,亿元,月,20260618,2003,2023,21
deposit,Xinjiang,M0060370,新疆:金融机构各项存款余额:人民币,中国人民银行,亿元,月,20260622,2003,2023,21
deposit,Ningxia,M0060329,宁夏:金融机构各项存款余额:人民币,中国人民银行,亿元,月,20260716,2003,2023,21
deposit,Gansu,M0060247,甘肃:金融机构各项存款余额:人民币,中国人民银行,亿元,月,20260203,2003,2023,21
deposit,Yunnan,M0060124,云南:金融机构各项存款余额:人民币,中国人民银行,亿元,月,20260617,2003,2023,21
deposit,Xizang,M0060165,西藏:金融机构各项存款余额:人民币,中国人民银行,亿元,月,20260615,2003,2023,21
deposit,Qinghai,M0060288,青海:金融机构各项存款余额:人民币,中国人民银行,亿元,月,20251027,2003,2023,21
deposit,Heilongjiang,M0059427,黑龙江:金融机构各项存款余额:人民币,中国人民银行,亿元,月,20260626,2003,2023,21
deposit,Neimenggu,M0059304,内蒙古:金融机构各项存款余额:人民币,中国人民银行,亿元,月,20260626,2003,2023,21
deposit,Liaoning,M0059345,辽宁:金融机构各项存款余额:人民币,中国人民银行,亿元,月,20260702,2003,2023,21
deposit,Jiangsu,M0059509,江苏:金融机构各项存款余额:人民币,中国人民银行,亿元,月,20260701,2003,2023,21
